timestamp_iso,t_s,round,node,label,present_mask_hex,version,node_seq,distance_m,ax_g,ay_g,az_g,gx_dps,gy_dps,gz_dps,hx_g,hy_g,hz_g,imu_temp_c
2025-06-01T15:00:00.000,0.000,0,HEAD,Head_main,0x09,2,0,0.000,-0.770,-0.078,+0.675,+1.3,-16.9,+2.3,+0.971,+0.044,-0.237,29.0
2025-06-01T15:00:00.016,0.017,1,HEAD,Head_main,0x09,2,1,0.000,-0.767,-0.072,+0.686,+1.1,-16.0,+2.1,+0.969,+0.043,-0.241,29.0
2025-06-01T15:00:00.033,0.033,2,HEAD,Head_main,0x09,2,2,0.000,-0.765,-0.067,+0.696,+0.7,-14.0,+1.8,+0.968,+0.042,-0.246,29.0
2025-06-01T15:00:00.050,0.050,3,HEAD,Head_main,0x09,2,3,0.000,-0.763,-0.066,+0.706,+0.3,-9.2,+1.4,+0.968,+0.042,-0.249,29.0
2025-06-01T15:00:00.066,0.067,4,HEAD,Head_main,0x09,2,4,0.000,-0.763,-0.065,+0.711,+0.1,-7.4,+1.9,+0.967,+0.041,-0.251,29.0
2025-06-01T15:00:00.083,0.083,5,HEAD,Head_main,0x09,2,5,0.000,-0.761,-0.067,+0.719,-0.3,-8.0,+3.5,+0.966,+0.041,-0.253,29.0
2025-06-01T15:00:00.100,0.100,6,HEAD,Head_main,0x09,2,6,0.000,-0.759,-0.070,+0.726,-1.0,-5.7,+5.0,+0.966,+0.040,-0.255,29.0
2025-06-01T15:00:00.116,0.117,7,HEAD,Head_main,0x09,2,7,0.000,-0.757,-0.073,+0.732,-1.2,-3.1,+4.7,+0.966,+0.038,-0.257,29.0
2025-06-01T15:00:00.133,0.133,8,HEAD,Head_main,0x09,2,8,0.000,-0.755,-0.074,+0.735,-1.7,-1.6,+6.1,+0.966,+0.037,-0.257,29.0
2025-06-01T15:00:00.150,0.150,9,HEAD,Head_main,0x09,2,9,0.000,-0.753,-0.075,+0.739,-2.5,-0.9,+9.2,+0.966,+0.035,-0.258,29.0
2025-06-01T15:00:00.166,0.167,10,HEAD,Head_main,0x09,2,10,0.000,-0.750,-0.072,+0.742,-1.8,+0.3,+7.5,+0.966,+0.032,-0.257,29.0
2025-06-01T15:00:00.183,0.183,11,HEAD,Head_main,0x09,2,11,0.000,-0.749,-0.070,+0.744,-1.2,+1.3,+7.7,+0.966,+0.031,-0.257,29.0
2025-06-01T15:00:00.200,0.200,12,HEAD,Head_main,0x09,2,12,0.000,-0.746,-0.064,+0.745,-0.8,+2.7,+10.0,+0.966,+0.028,-0.257,29.0
2025-06-01T15:00:00.216,0.217,13,HEAD,Head_main,0x09,2,13,0.000,-0.744,-0.059,+0.747,+0.6,+3.7,+9.2,+0.966,+0.025,-0.256,29.0
2025-06-01T15:00:00.233,0.233,14,HEAD,Head_main,0x09,2,14,0.000,-0.743,-0.054,+0.748,+1.2,+3.2,+6.4,+0.967,+0.023,-0.255,29.0
2025-06-01T15:00:00.250,0.250,15,HEAD,Head_main,0x09,2,15,0.000,-0.743,-0.053,+0.749,+2.1,+3.7,+5.7,+0.967,+0.022,-0.254,29.0
2025-06-01T15:00:00.266,0.267,16,HEAD,Head_main,0x09,2,16,0.000,-0.744,-0.049,+0.751,+3.3,+5.4,+7.0,+0.967,+0.019,-0.253,29.0
2025-06-01T15:00:00.283,0.283,17,HEAD,Head_main,0x09,2,17,0.000,-0.747,-0.046,+0.752,+2.8,+4.4,+4.9,+0.968,+0.017,-0.251,29.0
2025-06-01T15:00:00.300,0.300,18,HEAD,Head_main,0x09,2,18,0.000,-0.749,-0.046,+0.753,+2.9,+4.7,+4.8,+0.968,+0.016,-0.250,29.0
2025-06-01T15:00:00.316,0.317,19,HEAD,Head_main,0x09,2,19,0.000,-0.754,-0.046,+0.753,+3.5,+6.6,+6.7,+0.969,+0.014,-0.248,29.0
2025-06-01T15:00:00.333,0.333,20,HEAD,Head_main,0x09,2,20,0.000,-0.758,-0.044,+0.753,+2.6,+6.7,+7.8,+0.969,+0.012,-0.247,29.0
2025-06-01T15:00:00.350,0.350,21,HEAD,Head_main,0x09,2,21,0.000,-0.760,-0.034,+0.753,+1.3,+4.9,+6.8,+0.970,+0.009,-0.245,29.0
2025-06-01T15:00:00.366,0.367,22,HEAD,Head_main,0x09,2,22,0.000,-0.760,-0.025,+0.753,+0.5,+4.3,+8.4,+0.970,+0.008,-0.244,29.0
2025-06-01T15:00:00.383,0.383,23,HEAD,Head_main,0x09,2,23,0.000,-0.760,+0.001,+0.752,+0.0,+4.9,+12.6,+0.970,+0.004,-0.242,29.0
2025-06-01T15:00:00.400,0.400,24,HEAD,Head_main,0x09,2,24,0.000,-0.757,+0.033,+0.751,-0.2,+3.0,+10.4,+0.971,+0.001,-0.241,29.0
2025-06-01T15:00:00.416,0.417,25,HEAD,Head_main,0x09,2,25,0.000,-0.755,+0.051,+0.749,-0.1,+1.7,+11.1,+0.971,-0.001,-0.241,29.0
2025-06-01T15:00:00.433,0.433,26,HEAD,Head_main,0x09,2,26,0.000,-0.750,+0.085,+0.746,+0.6,+0.9,+15.2,+0.971,-0.006,-0.240,29.0
2025-06-01T15:00:00.450,0.450,27,HEAD,Head_main,0x09,2,27,0.000,-0.743,+0.114,+0.740,+1.2,-0.6,+11.6,+0.971,-0.010,-0.240,29.0
2025-06-01T15:00:00.466,0.467,28,HEAD,Head_main,0x09,2,28,0.000,-0.739,+0.125,+0.736,+2.4,-2.3,+11.4,+0.971,-0.012,-0.240,29.0
2025-06-01T15:00:00.483,0.483,29,HEAD,Head_main,0x09,2,29,0.000,-0.732,+0.138,+0.728,+4.3,-4.7,+14.9,+0.970,-0.017,-0.241,29.0
2025-06-01T15:00:00.500,0.500,30,HEAD,Head_main,0x09,2,30,0.000,-0.728,+0.137,+0.718,+5.7,-6.5,+14.3,+0.970,-0.021,-0.243,29.0
2025-06-01T15:00:00.516,0.517,31,HEAD,Head_main,0x09,2,31,0.000,-0.726,+0.126,+0.707,+4.9,-5.5,+10.4,+0.969,-0.026,-0.245,29.0
2025-06-01T15:00:00.533,0.533,32,HEAD,Head_main,0x09,2,32,0.000,-0.727,+0.117,+0.701,+5.4,-5.5,+9.9,+0.969,-0.028,-0.246,29.0
2025-06-01T15:00:00.550,0.550,33,HEAD,Head_main,0x09,2,33,0.000,-0.732,+0.097,+0.690,+7.6,-6.0,+12.8,+0.968,-0.032,-0.248,29.0
2025-06-01T15:00:00.566,0.567,34,HEAD,Head_main,0x09,2,34,0.000,-0.743,+0.076,+0.678,+7.9,-2.5,+12.1,+0.968,-0.036,-0.249,29.0
2025-06-01T15:00:00.583,0.583,35,HEAD,Head_main,0x09,2,35,0.000,-0.759,+0.057,+0.666,+6.0,+1.1,+8.7,+0.968,-0.040,-0.249,29.0
2025-06-01T15:00:00.600,0.600,36,HEAD,Head_main,0x09,2,36,0.000,-0.768,+0.049,+0.659,+6.1,+7.0,+8.3,+0.968,-0.042,-0.248,29.0
2025-06-01T15:00:00.616,0.617,37,HEAD,Head_main,0x09,2,37,0.000,-0.789,+0.038,+0.647,+8.4,+16.9,+10.7,+0.968,-0.046,-0.245,29.0
2025-06-01T15:00:00.633,0.633,38,HEAD,Head_main,0x09,2,38,0.000,-0.811,+0.032,+0.634,+8.6,+28.4,+10.0,+0.970,-0.049,-0.239,29.0
2025-06-01T15:00:00.650,0.650,39,HEAD,Head_main,0x09,2,39,0.000,-0.831,+0.027,+0.622,+6.4,+28.3,+7.1,+0.972,-0.052,-0.229,29.0
2025-06-01T15:00:00.666,0.667,40,HEAD,Head_main,0x09,2,40,0.000,-0.839,+0.024,+0.615,+6.1,+38.0,+6.8,+0.973,-0.054,-0.222,29.0
2025-06-01T15:00:00.683,0.683,41,HEAD,Head_main,0x09,2,41,0.000,-0.852,+0.015,+0.601,+7.4,+59.9,+9.1,+0.977,-0.057,-0.207,29.0
2025-06-01T15:00:00.700,0.700,42,HEAD,Head_main,0x09,2,42,0.000,-0.858,+0.004,+0.586,+6.1,+70.9,+9.9,+0.980,-0.060,-0.188,29.0
2025-06-01T15:00:00.716,0.717,43,HEAD,Head_main,0x09,2,43,0.000,-0.857,-0.009,+0.570,+3.6,+58.3,+8.2,+0.984,-0.063,-0.166,29.0
2025-06-01T15:00:00.733,0.733,44,HEAD,Head_main,0x09,2,44,0.000,-0.855,-0.016,+0.562,+2.3,+63.2,+9.4,+0.986,-0.065,-0.155,29.0
2025-06-01T15:00:00.750,0.750,45,HEAD,Head_main,0x09,2,45,0.000,-0.845,-0.029,+0.544,+1.7,+87.0,+13.6,+0.989,-0.069,-0.130,29.0
2025-06-01T15:00:00.766,0.767,46,HEAD,Head_main,0x09,2,46,0.000,-0.832,-0.036,+0.527,+0.4,+66.2,+10.9,+0.992,-0.073,-0.105,29.0
2025-06-01T15:00:00.783,0.783,47,HEAD,Head_main,0x09,2,47,0.000,-0.824,-0.036,+0.518,+0.1,+65.4,+11.4,+0.993,-0.075,-0.092,29.0
2025-06-01T15:00:00.800,0.800,48,HEAD,Head_main,0x09,2,48,0.000,-0.807,-0.028,+0.500,+0.5,+84.5,+15.1,+0.995,-0.080,-0.067,29.0
2025-06-01T15:00:00.816,0.817,49,HEAD,Head_main,0x09,2,49,0.000,-0.790,-0.008,+0.483,+2.2,+79.4,+14.4,+0.996,-0.084,-0.043,29.0
2025-06-01T15:00:00.833,0.833,50,HEAD,Head_main,0x09,2,50,0.000,-0.775,+0.021,+0.465,+3.0,+56.0,+10.0,+0.996,-0.088,-0.021,29.0
2025-06-01T15:00:00.850,0.850,51,HEAD,Head_main,0x09,2,51,0.000,-0.770,+0.036,+0.457,+5.8,+50.7,+8.3,+0.996,-0.090,-0.010,29.0
2025-06-01T15:00:00.866,0.867,52,HEAD,Head_main,0x09,2,52,0.000,-0.761,+0.066,+0.441,+10.6,+62.4,+8.8,+0.996,-0.093,+0.009,29.0
2025-06-01T15:00:00.883,0.883,53,HEAD,Head_main,0x09,2,53,0.000,-0.758,+0.089,+0.425,+10.1,+42.9,+4.7,+0.995,-0.095,+0.026,29.0
2025-06-01T15:00:00.900,0.900,54,HEAD,Head_main,0x09,2,54,0.000,-0.757,+0.097,+0.418,+12.4,+38.2,+2.1,+0.995,-0.095,+0.034,29.0
2025-06-01T15:00:00.916,0.917,55,HEAD,Head_main,0x09,2,55,0.000,-0.759,+0.106,+0.404,+18.1,+46.7,+0.3,+0.994,-0.096,+0.049,29.0
2025-06-01T15:00:00.933,0.933,56,HEAD,Head_main,0x09,2,56,0.000,-0.763,+0.105,+0.392,+19.2,+41.7,-2.6,+0.994,-0.095,+0.062,29.0
2025-06-01T15:00:00.950,0.950,57,HEAD,Head_main,0x09,2,57,0.000,-0.769,+0.098,+0.383,+14.5,+28.9,-3.4,+0.993,-0.094,+0.074,29.0
2025-06-01T15:00:00.966,0.967,58,HEAD,Head_main,0x09,2,58,0.000,-0.773,+0.091,+0.380,+13.7,+26.3,-4.8,+0.992,-0.093,+0.080,29.0
2025-06-01T15:00:00.983,0.983,59,HEAD,Head_main,0x09,2,59,0.000,-0.781,+0.076,+0.375,+16.8,+33.0,-7.8,+0.992,-0.090,+0.090,29.0
2025-06-01T15:00:01.000,1.000,60,HEAD,Head_main,0x09,2,60,0.000,-0.790,+0.061,+0.372,+11.2,+23.3,-6.8,+0.991,-0.087,+0.100,29.0
2025-06-01T15:00:01.016,1.017,61,HEAD,Head_main,0x09,2,61,0.000,-0.795,+0.055,+0.371,+9.3,+21.8,-8.0,+0.991,-0.086,+0.104,29.0
2025-06-01T15:00:01.033,1.033,62,HEAD,Head_main,0x09,2,62,0.000,-0.805,+0.045,+0.371,+11.0,+28.0,-12.1,+0.990,-0.082,+0.113,29.0
2025-06-01T15:00:01.050,1.050,63,HEAD,Head_main,0x09,2,63,0.000,-0.816,+0.040,+0.370,+9.7,+26.9,-13.9,+0.990,-0.078,+0.121,29.0
2025-06-01T15:00:01.066,1.067,64,HEAD,Head_main,0x09,2,64,0.000,-0.826,+0.038,+0.370,+6.9,+19.7,-11.5,+0.989,-0.073,+0.129,29.0
2025-06-01T15:00:01.083,1.083,65,HEAD,Head_main,0x09,2,65,0.000,-0.830,+0.038,+0.370,+6.9,+19.3,-12.9,+0.989,-0.071,+0.133,29.0
2025-06-01T15:00:01.100,1.100,66,HEAD,Head_main,0x09,2,66,0.000,-0.839,+0.038,+0.369,+9.5,+25.4,-18.5,+0.988,-0.065,+0.140,29.0
2025-06-01T15:00:01.116,1.117,67,HEAD,Head_main,0x09,2,67,0.000,-0.847,+0.038,+0.368,+10.4,+25.3,-20.2,+0.987,-0.059,+0.148,29.0
2025-06-01T15:00:01.133,1.133,68,HEAD,Head_main,0x09,2,68,0.000,-0.855,+0.040,+0.365,+8.6,+19.0,-16.1,+0.986,-0.053,+0.155,29.0
2025-06-01T15:00:01.150,1.150,69,HEAD,Head_main,0x09,2,69,0.000,-0.859,+0.041,+0.363,+10.0,+19.2,-17.2,+0.986,-0.049,+0.159,29.0
2025-06-01T15:00:01.166,1.167,70,HEAD,Head_main,0x09,2,70,0.000,-0.867,+0.042,+0.359,+15.2,+26.2,-24.0,+0.985,-0.042,+0.166,29.0
2025-06-01T15:00:01.183,1.183,71,HEAD,Head_main,0x09,2,71,0.000,-0.876,+0.040,+0.354,+17.5,+27.4,-25.2,+0.984,-0.034,+0.174,29.0
2025-06-01T15:00:01.200,1.200,72,HEAD,Head_main,0x09,2,72,0.000,-0.884,+0.035,+0.347,+14.3,+21.3,-19.4,+0.983,-0.026,+0.182,29.0
2025-06-01T15:00:01.216,1.217,73,HEAD,Head_main,0x09,2,73,0.000,-0.888,+0.031,+0.344,+15.3,+22.4,-19.5,+0.982,-0.022,+0.187,29.0
2025-06-01T15:00:01.233,1.233,74,HEAD,Head_main,0x09,2,74,0.000,-0.895,+0.022,+0.335,+20.9,+30.9,-25.9,+0.981,-0.013,+0.195,29.0
2025-06-01T15:00:01.250,1.250,75,HEAD,Head_main,0x09,2,75,0.000,-0.901,+0.014,+0.325,+16.0,+23.9,-19.2,+0.979,-0.004,+0.204,29.0
2025-06-01T15:00:01.266,1.267,76,HEAD,Head_main,0x09,2,76,0.000,-0.904,+0.011,+0.319,+15.9,+24.8,-18.4,+0.978,-0.000,+0.209,29.0
2025-06-01T15:00:01.283,1.283,77,HEAD,Head_main,0x09,2,77,0.000,-0.909,+0.007,+0.306,+21.2,+34.0,-23.6,+0.976,+0.008,+0.218,29.0
2025-06-01T15:00:01.300,1.300,78,HEAD,Head_main,0x09,2,78,0.000,-0.913,+0.005,+0.291,+21.1,+35.3,-22.0,+0.973,+0.016,+0.228,29.0
2025-06-01T15:00:01.316,1.317,79,HEAD,Head_main,0x09,2,79,0.000,-0.916,+0.005,+0.274,+15.7,+27.3,-15.5,+0.971,+0.023,+0.238,29.0
2025-06-01T15:00:01.333,1.333,80,HEAD,Head_main,0x09,2,80,0.000,-0.917,+0.004,+0.265,+15.1,+28.5,-14.0,+0.970,+0.027,+0.243,29.0
2025-06-01T15:00:01.350,1.350,81,HEAD,Head_main,0x09,2,81,0.000,-0.918,-0.002,+0.245,+18.9,+39.4,-17.4,+0.967,+0.033,+0.254,29.0
2025-06-01T15:00:01.366,1.367,82,HEAD,Head_main,0x09,2,82,0.000,-0.918,-0.014,+0.223,+12.8,+30.7,-12.0,+0.963,+0.039,+0.265,29.0
2025-06-01T15:00:01.383,1.383,83,HEAD,Head_main,0x09,2,83,0.000,-0.918,-0.019,+0.212,+9.9,+32.4,-10.6,+0.962,+0.042,+0.271,29.0
2025-06-01T15:00:01.400,1.400,84,HEAD,Head_main,0x09,2,84,0.000,-0.916,-0.020,+0.191,+10.3,+45.0,-13.1,+0.958,+0.047,+0.283,29.0
2025-06-01T15:00:01.416,1.417,85,HEAD,Head_main,0x09,2,85,0.000,-0.915,-0.003,+0.170,+7.1,+47.6,-12.4,+0.954,+0.051,+0.296,29.0
2025-06-01T15:00:01.433,1.433,86,HEAD,Head_main,0x09,2,86,0.000,-0.916,+0.029,+0.151,+4.1,+37.3,-9.3,+0.949,+0.055,+0.309,29.0
2025-06-01T15:00:01.450,1.450,87,HEAD,Head_main,0x09,2,87,0.000,-0.916,+0.048,+0.141,+3.3,+39.5,-10.1,+0.947,+0.057,+0.316,29.0
2025-06-01T15:00:01.466,1.467,88,HEAD,Head_main,0x09,2,88,0.000,-0.918,+0.085,+0.122,+4.3,+54.6,-14.4,+0.942,+0.061,+0.331,29.0
2025-06-01T15:00:01.483,1.483,89,HEAD,Head_main,0x09,2,89,0.000,-0.918,+0.118,+0.102,+4.5,+56.6,-15.5,+0.936,+0.066,+0.346,29.0
2025-06-01T15:00:01.500,1.500,90,HEAD,Head_main,0x09,2,90,0.000,-0.917,+0.138,+0.080,+3.8,+43.2,-12.2,+0.930,+0.070,+0.361,29.0
2025-06-01T15:00:01.516,1.517,91,HEAD,Head_main,0x09,2,91,0.000,-0.917,+0.142,+0.069,+4.2,+43.7,-12.8,+0.926,+0.073,+0.369,29.0
2025-06-01T15:00:01.533,1.533,92,HEAD,Head_main,0x09,2,92,0.000,-0.919,+0.137,+0.049,+5.7,+58.6,-17.9,+0.920,+0.078,+0.385,29.0
2025-06-01T15:00:01.550,1.550,93,HEAD,Head_main,0x09,2,93,0.000,-0.926,+0.113,+0.030,+4.0,+44.3,-14.2,+0.913,+0.084,+0.400,29.0
2025-06-01T15:00:01.566,1.567,94,HEAD,Head_main,0x09,2,94,0.000,-0.930,+0.096,+0.021,+2.7,+45.1,-15.5,+0.909,+0.087,+0.408,29.0
2025-06-01T15:00:01.583,1.583,95,HEAD,Head_main,0x09,2,95,0.000,-0.941,+0.052,+0.005,+1.9,+61.4,-22.2,+0.901,+0.093,+0.424,29.0
2025-06-01T15:00:01.600,1.600,96,HEAD,Head_main,0x09,2,96,0.000,-0.953,-0.004,-0.010,-1.2,+63.7,-24.1,+0.892,+0.099,+0.440,29.0
2025-06-01T15:00:01.616,1.617,97,HEAD,Head_main,0x09,2,97,0.000,-0.965,-0.072,-0.025,-3.1,+49.3,-18.7,+0.883,+0.105,+0.457,29.0
2025-06-01T15:00:01.633,1.633,98,HEAD,Head_main,0x09,2,98,0.000,-0.971,-0.106,-0.032,-7.0,+51.6,-18.8,+0.878,+0.108,+0.466,29.0
2025-06-01T15:00:01.650,1.650,99,HEAD,Head_main,0x09,2,99,0.000,-0.980,-0.166,-0.046,-12.7,+71.3,-24.4,+0.868,+0.113,+0.484,29.0
2025-06-01T15:00:01.666,1.667,100,HEAD,Head_main,0x09,2,100,0.000,-0.986,-0.199,-0.059,-15.8,+74.5,-23.3,+0.857,+0.116,+0.503,29.0
2025-06-01T15:00:01.683,1.683,101,HEAD,Head_main,0x09,2,101,0.000,-0.992,-0.202,-0.073,-12.2,+57.7,-17.0,+0.844,+0.120,+0.522,29.0
2025-06-01T15:00:01.700,1.700,102,HEAD,Head_main,0x09,2,102,0.000,-0.994,-0.195,-0.081,-10.6,+60.1,-17.3,+0.838,+0.121,+0.532,29.0
2025-06-01T15:00:01.716,1.717,103,HEAD,Head_main,0x09,2,103,0.000,-0.996,-0.168,-0.100,-10.1,+82.2,-23.6,+0.824,+0.125,+0.552,29.0
2025-06-01T15:00:01.733,1.733,104,HEAD,Head_main,0x09,2,104,0.000,-0.993,-0.136,-0.124,-3.8,+62.9,-18.2,+0.810,+0.129,+0.572,29.0
2025-06-01T15:00:01.750,1.750,105,HEAD,Head_main,0x09,2,105,0.000,-0.989,-0.120,-0.137,+1.8,+63.8,-18.8,+0.802,+0.132,+0.582,29.0
2025-06-01T15:00:01.766,1.767,106,HEAD,Head_main,0x09,2,106,0.000,-0.979,-0.095,-0.167,+8.4,+85.1,-25.6,+0.787,+0.139,+0.602,29.0
2025-06-01T15:00:01.783,1.783,107,HEAD,Head_main,0x09,2,107,0.000,-0.969,-0.083,-0.200,+10.4,+63.6,-19.7,+0.770,+0.147,+0.620,29.0
2025-06-01T15:00:01.800,1.800,108,HEAD,Head_main,0x09,2,108,0.000,-0.964,-0.082,-0.216,+13.9,+63.0,-20.3,+0.762,+0.151,+0.629,29.0
2025-06-01T15:00:01.816,1.817,109,HEAD,Head_main,0x09,2,109,0.000,-0.958,-0.089,-0.248,+20.3,+84.0,-28.1,+0.745,+0.161,+0.647,29.0
2025-06-01T15:00:01.833,1.833,110,HEAD,Head_main,0x09,2,110,0.000,-0.955,-0.103,-0.279,+20.5,+84.4,-29.4,+0.728,+0.171,+0.664,29.0
2025-06-01T15:00:01.850,1.850,111,HEAD,Head_main,0x09,2,111,0.000,-0.954,-0.123,-0.308,+14.7,+64.0,-22.7,+0.710,+0.181,+0.681,29.0
2025-06-01T15:00:01.866,1.867,112,HEAD,Head_main,0x09,2,112,0.000,-0.954,-0.135,-0.322,+11.9,+65.3,-22.9,+0.700,+0.186,+0.689,29.0
2025-06-01T15:00:01.883,1.883,113,HEAD,Head_main,0x09,2,113,0.000,-0.952,-0.161,-0.348,+12.4,+88.7,-30.3,+0.681,+0.195,+0.706,29.0
2025-06-01T15:00:01.900,1.900,114,HEAD,Head_main,0x09,2,114,0.000,-0.948,-0.187,-0.371,+6.3,+67.9,-22.2,+0.661,+0.203,+0.723,29.0
2025-06-01T15:00:01.916,1.917,115,HEAD,Head_main,0x09,2,115,0.000,-0.945,-0.199,-0.382,+1.4,+69.7,-21.1,+0.650,+0.206,+0.731,29.0
2025-06-01T15:00:01.933,1.933,116,HEAD,Head_main,0x09,2,116,0.000,-0.936,-0.218,-0.402,-2.3,+94.5,-27.1,+0.628,+0.212,+0.749,29.0
2025-06-01T15:00:01.950,1.950,117,HEAD,Head_main,0x09,2,117,0.000,-0.924,-0.230,-0.420,-4.6,+71.9,-19.5,+0.606,+0.215,+0.766,29.0
2025-06-01T15:00:01.966,1.967,118,HEAD,Head_main,0x09,2,118,0.000,-0.917,-0.234,-0.429,-8.1,+72.7,-18.9,+0.594,+0.217,+0.775,29.0
2025-06-01T15:00:01.983,1.983,119,HEAD,Head_main,0x09,2,119,0.000,-0.899,-0.236,-0.448,-12.7,+96.9,-24.8,+0.570,+0.218,+0.792,29.0
2025-06-01T15:00:02.000,2.000,120,HEAD,Head_main,0x09,2,120,0.000,-0.877,-0.234,-0.469,-14.5,+95.6,-24.5,+0.546,+0.219,+0.809,29.0
2025-06-01T15:00:02.016,2.017,121,HEAD,Head_main,0x09,2,121,0.000,-0.851,-0.231,-0.490,-11.4,+70.0,-18.2,+0.522,+0.219,+0.824,29.0
2025-06-01T15:00:02.033,2.033,122,HEAD,Head_main,0x09,2,122,0.000,-0.838,-0.230,-0.500,-12.4,+66.7,-18.3,+0.510,+0.219,+0.832,29.0
2025-06-01T15:00:02.050,2.050,123,HEAD,Head_main,0x09,2,123,0.000,-0.813,-0.229,-0.520,-17.6,+84.8,-23.9,+0.487,+0.219,+0.845,29.0
2025-06-01T15:00:02.066,2.067,124,HEAD,Head_main,0x09,2,124,0.000,-0.793,-0.231,-0.539,-19.9,+79.3,-23.0,+0.466,+0.217,+0.858,29.0
2025-06-01T15:00:02.083,2.083,125,HEAD,Head_main,0x09,2,125,0.000,-0.781,-0.234,-0.554,-16.5,+56.6,-16.4,+0.445,+0.215,+0.869,29.0
2025-06-01T15:00:02.100,2.100,126,HEAD,Head_main,0x09,2,126,0.000,-0.777,-0.235,-0.561,-19.1,+53.7,-15.2,+0.435,+0.213,+0.875,29.0
2025-06-01T15:00:02.116,2.117,127,HEAD,Head_main,0x09,2,127,0.000,-0.774,-0.235,-0.571,-27.7,+69.7,-18.7,+0.416,+0.209,+0.885,29.0
2025-06-01T15:00:02.133,2.133,128,HEAD,Head_main,0x09,2,128,0.000,-0.773,-0.235,-0.578,-22.4,+51.3,-12.8,+0.397,+0.203,+0.895,29.0
2025-06-01T15:00:02.150,2.150,129,HEAD,Head_main,0x09,2,129,0.000,-0.773,-0.235,-0.580,-24.5,+50.9,-11.6,+0.388,+0.200,+0.900,29.0
2025-06-01T15:00:02.166,2.167,130,HEAD,Head_main,0x09,2,130,0.000,-0.773,-0.235,-0.582,-34.4,+68.1,-13.9,+0.369,+0.193,+0.909,29.0
2025-06-01T15:00:02.183,2.183,131,HEAD,Head_main,0x09,2,131,0.000,-0.770,-0.236,-0.583,-36.3,+68.9,-12.0,+0.350,+0.185,+0.918,29.0
2025-06-01T15:00:02.200,2.200,132,HEAD,Head_main,0x09,2,132,0.000,-0.764,-0.237,-0.585,-28.0,+52.2,-7.8,+0.331,+0.176,+0.927,29.0
2025-06-01T15:00:02.216,2.217,133,HEAD,Head_main,0x09,2,133,0.000,-0.760,-0.236,-0.586,-28.5,+52.9,-6.8,+0.321,+0.171,+0.931,29.0
2025-06-01T15:00:02.233,2.233,134,HEAD,Head_main,0x09,2,134,0.000,-0.750,-0.233,-0.591,-37.5,+70.7,-7.8,+0.301,+0.162,+0.940,29.0
2025-06-01T15:00:02.250,2.250,135,HEAD,Head_main,0x09,2,135,0.000,-0.737,-0.224,-0.599,-35.8,+70.5,-6.6,+0.282,+0.152,+0.947,29.0
2025-06-01T15:00:02.266,2.267,136,HEAD,Head_main,0x09,2,136,0.000,-0.724,-0.213,-0.612,-25.3,+52.4,-4.1,+0.262,+0.143,+0.954,29.0
2025-06-01T15:00:02.283,2.283,137,HEAD,Head_main,0x09,2,137,0.000,-0.717,-0.208,-0.620,-22.6,+51.2,-3.1,+0.252,+0.139,+0.958,29.0
2025-06-01T15:00:02.300,2.300,138,HEAD,Head_main,0x09,2,138,0.000,-0.704,-0.202,-0.640,-27.7,+66.7,-2.2,+0.233,+0.131,+0.964,29.0
2025-06-01T15:00:02.316,2.317,139,HEAD,Head_main,0x09,2,139,0.000,-0.693,-0.197,-0.663,-19.1,+48.6,+0.0,+0.215,+0.124,+0.969,29.0
2025-06-01T15:00:02.333,2.333,140,HEAD,Head_main,0x09,2,140,0.000,-0.689,-0.191,-0.676,-17.0,+46.8,+2.3,+0.206,+0.120,+0.971,29.0
2025-06-01T15:00:02.350,2.350,141,HEAD,Head_main,0x09,2,141,0.000,-0.684,-0.171,-0.702,-20.4,+61.1,+5.4,+0.188,+0.114,+0.975,29.0
2025-06-01T15:00:02.366,2.367,142,HEAD,Head_main,0x09,2,142,0.000,-0.684,-0.141,-0.727,-17.3,+60.2,+8.1,+0.171,+0.108,+0.979,29.0
2025-06-01T15:00:02.383,2.383,143,HEAD,Head_main,0x09,2,143,0.000,-0.687,-0.101,-0.752,-11.3,+45.2,+7.7,+0.155,+0.103,+0.983,29.0
2025-06-01T15:00:02.400,2.400,144,HEAD,Head_main,0x09,2,144,0.000,-0.689,-0.079,-0.765,-9.1,+46.1,+9.8,+0.146,+0.101,+0.984,29.0
2025-06-01T15:00:02.416,2.417,145,HEAD,Head_main,0x09,2,145,0.000,-0.692,-0.032,-0.788,-10.3,+63.1,+15.5,+0.129,+0.097,+0.987,29.0
2025-06-01T15:00:02.433,2.433,146,HEAD,Head_main,0x09,2,146,0.000,-0.690,+0.010,-0.811,-6.5,+48.8,+13.5,+0.111,+0.094,+0.989,29.0
2025-06-01T15:00:02.450,2.450,147,HEAD,Head_main,0x09,2,147,0.000,-0.687,+0.025,-0.821,-5.1,+50.8,+16.0,+0.101,+0.093,+0.991,29.0
2025-06-01T15:00:02.466,2.467,148,HEAD,Head_main,0x09,2,148,0.000,-0.674,+0.041,-0.842,-6.5,+69.8,+23.7,+0.082,+0.090,+0.993,29.0
2025-06-01T15:00:02.483,2.483,149,HEAD,Head_main,0x09,2,149,0.000,-0.654,+0.039,-0.859,-5.1,+53.7,+19.5,+0.062,+0.088,+0.994,29.0
2025-06-01T15:00:02.500,2.500,150,HEAD,Head_main,0x09,2,150,0.000,-0.641,+0.034,-0.866,-5.8,+55.0,+21.6,+0.052,+0.086,+0.995,29.0
2025-06-01T15:00:02.516,2.517,151,HEAD,Head_main,0x09,2,151,0.000,-0.612,+0.017,-0.876,-8.8,+74.1,+31.0,+0.032,+0.084,+0.996,29.0
2025-06-01T15:00:02.533,2.533,152,HEAD,Head_main,0x09,2,152,0.000,-0.577,-0.008,-0.882,-9.3,+74.6,+34.0,+0.011,+0.081,+0.997,29.0
2025-06-01T15:00:02.550,2.550,153,HEAD,Head_main,0x09,2,153,0.000,-0.538,-0.044,-0.886,-6.9,+55.9,+27.4,-0.010,+0.078,+0.997,29.0
2025-06-01T15:00:02.566,2.567,154,HEAD,Head_main,0x09,2,154,0.000,-0.517,-0.066,-0.888,-5.6,+54.9,+29.8,-0.020,+0.077,+0.997,29.0
2025-06-01T15:00:02.583,2.583,155,HEAD,Head_main,0x09,2,155,0.000,-0.472,-0.111,-0.890,-5.9,+71.5,+41.5,-0.041,+0.075,+0.996,29.0
2025-06-01T15:00:02.600,2.600,156,HEAD,Head_main,0x09,2,156,0.000,-0.428,-0.148,-0.890,-2.3,+68.8,+42.7,-0.060,+0.074,+0.995,29.0
2025-06-01T15:00:02.616,2.617,157,HEAD,Head_main,0x09,2,157,0.000,-0.386,-0.167,-0.890,+1.0,+49.9,+31.9,-0.079,+0.075,+0.994,29.0
2025-06-01T15:00:02.633,2.633,158,HEAD,Head_main,0x09,2,158,0.000,-0.366,-0.170,-0.890,+6.1,+48.0,+30.5,-0.087,+0.076,+0.993,29.0
2025-06-01T15:00:02.650,2.650,159,HEAD,Head_main,0x09,2,159,0.000,-0.330,-0.165,-0.893,+13.3,+62.7,+38.4,-0.105,+0.080,+0.991,29.0
2025-06-01T15:00:02.666,2.667,160,HEAD,Head_main,0x09,2,160,0.000,-0.297,-0.144,-0.898,+13.9,+46.3,+26.6,-0.122,+0.086,+0.989,29.0
2025-06-01T15:00:02.683,2.683,161,HEAD,Head_main,0x09,2,161,0.000,-0.282,-0.130,-0.903,+20.0,+46.6,+22.9,-0.130,+0.090,+0.987,29.0
2025-06-01T15:00:02.700,2.700,162,HEAD,Head_main,0x09,2,162,0.000,-0.252,-0.102,-0.915,+32.3,+63.3,+25.4,-0.147,+0.100,+0.984,29.0
2025-06-01T15:00:02.716,2.717,163,HEAD,Head_main,0x09,2,163,0.000,-0.222,-0.084,-0.930,+39.0,+65.9,+17.8,-0.165,+0.111,+0.980,29.0
2025-06-01T15:00:02.733,2.733,164,HEAD,Head_main,0x09,2,164,0.000,-0.191,-0.081,-0.948,+32.0,+51.1,+8.5,-0.184,+0.124,+0.975,29.0
2025-06-01T15:00:02.750,2.750,165,HEAD,Head_main,0x09,2,165,0.000,-0.176,-0.085,-0.958,+33.5,+53.8,+2.4,-0.193,+0.130,+0.972,29.0
2025-06-01T15:00:02.766,2.767,166,HEAD,Head_main,0x09,2,166,0.000,-0.144,-0.097,-0.976,+44.1,+74.1,-2.9,-0.214,+0.143,+0.966,29.0
2025-06-01T15:00:02.783,2.783,167,HEAD,Head_main,0x09,2,167,0.000,-0.113,-0.114,-0.992,+41.8,+76.9,-9.9,-0.235,+0.154,+0.960,29.0
2025-06-01T15:00:02.800,2.800,168,HEAD,Head_main,0x09,2,168,0.000,-0.082,-0.134,-1.006,+29.5,+58.9,-10.9,-0.258,+0.165,+0.952,29.0
2025-06-01T15:00:02.816,2.817,169,HEAD,Head_main,0x09,2,169,0.000,-0.067,-0.146,-1.012,+25.8,+59.6,-13.9,-0.269,+0.169,+0.948,29.0
2025-06-01T15:00:02.833,2.833,170,HEAD,Head_main,0x09,2,170,0.000,-0.039,-0.172,-1.022,+30.2,+79.6,-20.9,-0.292,+0.177,+0.940,29.0
2025-06-01T15:00:02.850,2.850,171,HEAD,Head_main,0x09,2,171,0.000,-0.013,-0.198,-1.030,+19.2,+59.4,-17.0,-0.315,+0.182,+0.932,29.0
2025-06-01T15:00:02.866,2.867,172,HEAD,Head_main,0x09,2,172,0.000,-0.001,-0.209,-1.033,+13.8,+58.3,-17.9,-0.326,+0.184,+0.927,29.0
2025-06-01T15:00:02.883,2.883,173,HEAD,Head_main,0x09,2,173,0.000,+0.022,-0.225,-1.036,+13.1,+76.3,-24.5,-0.348,+0.186,+0.919,29.0
2025-06-01T15:00:02.900,2.900,174,HEAD,Head_main,0x09,2,174,0.000,+0.044,-0.232,-1.038,+6.2,+74.4,-25.1,-0.369,+0.186,+0.910,29.0
2025-06-01T15:00:02.916,2.917,175,HEAD,Head_main,0x09,2,175,0.000,+0.063,-0.231,-1.037,+1.2,+54.8,-19.2,-0.390,+0.184,+0.902,29.0
2025-06-01T15:00:02.933,2.933,176,HEAD,Head_main,0x09,2,176,0.000,+0.072,-0.228,-1.036,-2.7,+54.0,-20.1,-0.400,+0.182,+0.898,29.0
2025-06-01T15:00:02.950,2.950,177,HEAD,Head_main,0x09,2,177,0.000,+0.087,-0.217,-1.033,-5.8,+72.1,-28.2,-0.420,+0.178,+0.890,29.0
2025-06-01T15:00:02.966,2.967,178,HEAD,Head_main,0x09,2,178,0.000,+0.099,-0.205,-1.027,-5.3,+54.4,-22.3,-0.441,+0.173,+0.881,29.0
2025-06-01T15:00:02.983,2.983,179,HEAD,Head_main,0x09,2,179,0.000,+0.105,-0.198,-1.024,-5.7,+55.6,-24.2,-0.451,+0.170,+0.876,29.0
2025-06-01T15:00:03.000,3.000,180,HEAD,Head_main,0x09,2,180,0.000,+0.119,-0.189,-1.017,-6.7,+75.2,-33.9,-0.471,+0.163,+0.867,29.0
2025-06-01T15:00:03.016,3.017,181,HEAD,Head_main,0x09,2,181,0.000,+0.136,-0.184,-1.011,-5.2,+76.0,-35.7,-0.492,+0.157,+0.856,29.0
2025-06-01T15:00:03.033,3.033,182,HEAD,Head_main,0x09,2,182,0.000,+0.156,-0.182,-1.007,-2.7,+56.9,-27.5,-0.512,+0.151,+0.845,29.0
2025-06-01T15:00:03.050,3.050,183,HEAD,Head_main,0x09,2,183,0.000,+0.167,-0.182,-1.006,-1.5,+55.4,-28.0,-0.522,+0.147,+0.840,29.0
2025-06-01T15:00:03.066,3.067,184,HEAD,Head_main,0x09,2,184,0.000,+0.191,-0.184,-1.005,-0.5,+70.9,-37.3,-0.542,+0.141,+0.829,29.0
2025-06-01T15:00:03.083,3.083,185,HEAD,Head_main,0x09,2,185,0.000,+0.216,-0.186,-1.006,+0.7,+50.2,-27.7,-0.560,+0.135,+0.818,29.0
2025-06-01T15:00:03.100,3.100,186,HEAD,Head_main,0x09,2,186,0.000,+0.229,-0.187,-1.008,+1.1,+44.8,-26.7,-0.568,+0.133,+0.812,29.0
2025-06-01T15:00:03.116,3.117,187,HEAD,Head_main,0x09,2,187,0.000,+0.253,-0.189,-1.013,+1.6,+53.1,-34.3,-0.583,+0.127,+0.803,29.0
2025-06-01T15:00:03.133,3.133,188,HEAD,Head_main,0x09,2,188,0.000,+0.275,-0.194,-1.019,+0.9,+34.5,-24.5,-0.595,+0.122,+0.794,29.0
2025-06-01T15:00:03.150,3.150,189,HEAD,Head_main,0x09,2,189,0.000,+0.284,-0.198,-1.023,-0.7,+27.0,-22.7,-0.601,+0.119,+0.791,29.0
2025-06-01T15:00:03.166,3.167,190,HEAD,Head_main,0x09,2,190,0.000,+0.299,-0.205,-1.029,-3.2,+28.5,-28.6,-0.609,+0.113,+0.785,29.0
2025-06-01T15:00:03.183,3.183,191,HEAD,Head_main,0x09,2,191,0.000,+0.309,-0.210,-1.034,-6.2,+18.8,-26.4,-0.615,+0.107,+0.781,29.0
2025-06-01T15:00:03.200,3.200,192,HEAD,Head_main,0x09,2,192,0.000,+0.312,-0.215,-1.037,-6.2,+9.1,-18.6,-0.619,+0.101,+0.779,29.0
2025-06-01T15:00:03.216,3.217,193,HEAD,Head_main,0x09,2,193,0.000,+0.311,-0.220,-1.038,-8.2,+3.7,-16.7,-0.621,+0.098,+0.778,29.0
2025-06-01T15:00:03.233,3.233,194,HEAD,Head_main,0x09,2,194,0.000,+0.305,-0.232,-1.040,-13.3,+0.8,-19.8,-0.622,+0.091,+0.778,29.0
2025-06-01T15:00:03.250,3.250,195,HEAD,Head_main,0x09,2,195,0.000,+0.295,-0.239,-1.041,-11.8,-2.1,-12.8,-0.622,+0.085,+0.778,29.0
2025-06-01T15:00:03.266,3.267,196,HEAD,Head_main,0x09,2,196,0.000,+0.290,-0.237,-1.042,-13.7,-5.1,-9.5,-0.622,+0.081,+0.779,29.0
2025-06-01T15:00:03.283,3.283,197,HEAD,Head_main,0x09,2,197,0.000,+0.280,-0.217,-1.043,-19.3,-9.6,-9.1,-0.620,+0.075,+0.781,29.0
2025-06-01T15:00:03.300,3.300,198,HEAD,Head_main,0x09,2,198,0.000,+0.271,-0.181,-1.043,-19.8,-13.7,-4.2,-0.618,+0.069,+0.783,29.0
2025-06-01T15:00:03.316,3.317,199,HEAD,Head_main,0x09,2,199,0.000,+0.262,-0.135,-1.043,-15.0,-12.7,-0.5,-0.614,+0.065,+0.787,29.0
2025-06-01T15:00:03.333,3.333,200,HEAD,Head_main,0x09,2,200,0.000,+0.257,-0.109,-1.044,-14.7,-16.2,+2.6,-0.612,+0.062,+0.788,29.0
2025-06-01T15:00:03.350,3.350,201,HEAD,Head_main,0x09,2,201,0.000,+0.243,-0.051,-1.048,-18.6,-24.7,+5.5,-0.607,+0.059,+0.793,29.0
2025-06-01T15:00:03.366,3.367,202,HEAD,Head_main,0x09,2,202,0.000,+0.224,+0.009,-1.053,-16.0,-28.3,+6.9,-0.600,+0.056,+0.798,29.0
2025-06-01T15:00:03.383,3.383,203,HEAD,Head_main,0x09,2,203,0.000,+0.200,+0.060,-1.058,-10.2,-22.6,+5.1,-0.593,+0.054,+0.803,29.0
2025-06-01T15:00:03.400,3.400,204,HEAD,Head_main,0x09,2,204,0.000,+0.186,+0.078,-1.061,-7.7,-23.4,+3.7,-0.590,+0.053,+0.806,29.0
2025-06-01T15:00:03.416,3.417,205,HEAD,Head_main,0x09,2,205,0.000,+0.157,+0.096,-1.065,-8.8,-30.9,+2.3,-0.582,+0.051,+0.811,29.0
2025-06-01T15:00:03.433,3.433,206,HEAD,Head_main,0x09,2,206,0.000,+0.127,+0.087,-1.066,-6.0,-22.5,-0.8,-0.575,+0.049,+0.817,29.0
2025-06-01T15:00:03.450,3.450,207,HEAD,Head_main,0x09,2,207,0.000,+0.112,+0.074,-1.066,-6.4,-20.5,-5.0,-0.572,+0.048,+0.819,29.0
2025-06-01T15:00:03.466,3.467,208,HEAD,Head_main,0x09,2,208,0.000,+0.082,+0.029,-1.062,-10.6,-24.2,-11.3,-0.565,+0.045,+0.824,29.0
2025-06-01T15:00:03.483,3.483,209,HEAD,Head_main,0x09,2,209,0.000,+0.053,-0.038,-1.056,-15.4,-19.1,-17.0,-0.560,+0.039,+0.827,29.0
2025-06-01T15:00:03.500,3.500,210,HEAD,Head_main,0x09,2,210,0.000,+0.028,-0.113,-1.048,-15.3,-11.1,-15.4,-0.556,+0.032,+0.830,29.0
2025-06-01T15:00:03.516,3.517,211,HEAD,Head_main,0x09,2,211,0.000,+0.017,-0.147,-1.042,-20.8,-6.6,-17.5,-0.555,+0.027,+0.831,29.0
2025-06-01T15:00:03.533,3.533,212,HEAD,Head_main,0x09,2,212,0.000,-0.002,-0.197,-1.030,-32.6,-4.5,-23.9,-0.554,+0.016,+0.833,29.0
2025-06-01T15:00:03.550,3.550,213,HEAD,Head_main,0x09,2,213,0.000,-0.015,-0.220,-1.013,-27.4,-0.5,-17.6,-0.553,+0.004,+0.833,29.0
2025-06-01T15:00:03.566,3.567,214,HEAD,Head_main,0x09,2,214,0.000,-0.020,-0.222,-1.004,-29.8,+2.7,-15.8,-0.553,-0.003,+0.833,29.0
2025-06-01T15:00:03.583,3.583,215,HEAD,Head_main,0x09,2,215,0.000,-0.024,-0.209,-0.986,-40.3,+5.5,-18.2,-0.554,-0.016,+0.832,29.0
2025-06-01T15:00:03.600,3.600,216,HEAD,Head_main,0x09,2,216,0.000,-0.023,-0.172,-0.970,-37.9,+6.9,-14.2,-0.556,-0.028,+0.831,29.0
2025-06-01T15:00:03.616,3.617,217,HEAD,Head_main,0x09,2,217,0.000,-0.017,-0.113,-0.958,-24.9,+5.2,-8.4,-0.558,-0.039,+0.829,29.0
2025-06-01T15:00:03.633,3.633,218,HEAD,Head_main,0x09,2,218,0.000,-0.012,-0.079,-0.953,-16.8,+4.1,-5.8,-0.558,-0.043,+0.829,29.0
2025-06-01T15:00:03.650,3.650,219,HEAD,Head_main,0x09,2,219,0.000,+0.001,-0.015,-0.948,-11.9,+3.3,-5.8,-0.559,-0.049,+0.827,29.0
2025-06-01T15:00:03.666,3.667,220,HEAD,Head_main,0x09,2,220,0.000,+0.016,+0.033,-0.948,+3.0,-0.5,-4.3,-0.560,-0.051,+0.827,29.0
2025-06-01T15:00:03.683,3.683,221,HEAD,Head_main,0x09,2,221,0.000,+0.030,+0.057,-0.951,+10.6,-3.0,-3.0,-0.559,-0.049,+0.828,29.0
2025-06-01T15:00:03.700,3.700,222,HEAD,Head_main,0x09,2,222,0.000,+0.037,+0.060,-0.954,+20.4,-6.7,-3.8,-0.558,-0.047,+0.828,29.0
2025-06-01T15:00:03.716,3.717,223,HEAD,Head_main,0x09,2,223,0.000,+0.046,+0.051,-0.963,+34.9,-12.7,-6.9,-0.556,-0.040,+0.830,29.0
2025-06-01T15:00:03.733,3.733,224,HEAD,Head_main,0x09,2,224,0.000,+0.051,+0.024,-0.974,+42.4,-17.2,-10.0,-0.552,-0.032,+0.833,29.0
2025-06-01T15:00:03.750,3.750,225,HEAD,Head_main,0x09,2,225,0.000,+0.049,-0.014,-0.986,+34.4,-15.1,-9.2,-0.547,-0.023,+0.837,29.0
2025-06-01T15:00:03.766,3.767,226,HEAD,Head_main,0x09,2,226,0.000,+0.046,-0.035,-0.993,+35.5,-17.5,-11.5,-0.544,-0.018,+0.839,29.0
2025-06-01T15:00:03.783,3.783,227,HEAD,Head_main,0x09,2,227,0.000,+0.034,-0.077,-1.007,+46.1,-24.8,-16.8,-0.539,-0.009,+0.843,29.0
2025-06-01T15:00:03.800,3.800,228,HEAD,Head_main,0x09,2,228,0.000,+0.014,-0.117,-1.022,+42.6,-25.6,-18.1,-0.532,-0.001,+0.847,29.0
2025-06-01T15:00:03.816,3.817,229,HEAD,Head_main,0x09,2,229,0.000,-0.011,-0.150,-1.037,+29.0,-19.0,-13.9,-0.526,+0.006,+0.851,29.0
2025-06-01T15:00:03.833,3.833,230,HEAD,Head_main,0x09,2,230,0.000,-0.025,-0.163,-1.045,+24.0,-17.9,-13.9,-0.523,+0.009,+0.852,29.0
2025-06-01T15:00:03.850,3.850,231,HEAD,Head_main,0x09,2,231,0.000,-0.051,-0.183,-1.058,+26.5,-22.1,-17.9,-0.517,+0.014,+0.856,29.0
2025-06-01T15:00:03.866,3.867,232,HEAD,Head_main,0x09,2,232,0.000,-0.075,-0.193,-1.070,+15.7,-15.1,-12.7,-0.512,+0.017,+0.859,29.0
2025-06-01T15:00:03.883,3.883,233,HEAD,Head_main,0x09,2,233,0.000,-0.086,-0.196,-1.075,+10.6,-13.0,-11.4,-0.510,+0.018,+0.860,29.0
2025-06-01T15:00:03.900,3.900,234,HEAD,Head_main,0x09,2,234,0.000,-0.104,-0.197,-1.082,+9.5,-15.1,-13.9,-0.506,+0.019,+0.863,29.0
2025-06-01T15:00:03.916,3.917,235,HEAD,Head_main,0x09,2,235,0.000,-0.119,-0.195,-1.087,+4.2,-9.6,-9.5,-0.502,+0.019,+0.865,29.0
2025-06-01T15:00:03.933,3.933,236,HEAD,Head_main,0x09,2,236,0.000,-0.125,-0.192,-1.089,+1.2,-7.1,-8.5,-0.501,+0.018,+0.865,29.0
2025-06-01T15:00:03.950,3.950,237,HEAD,Head_main,0x09,2,237,0.000,-0.135,-0.187,-1.090,-0.3,-6.7,-10.5,-0.499,+0.017,+0.867,29.0
2025-06-01T15:00:03.966,3.967,238,HEAD,Head_main,0x09,2,238,0.000,-0.143,-0.182,-1.090,-2.1,-2.9,-9.5,-0.498,+0.015,+0.867,29.0
2025-06-01T15:00:03.983,3.983,239,HEAD,Head_main,0x09,2,239,0.000,-0.148,-0.177,-1.088,-2.3,-0.0,-6.5,-0.497,+0.013,+0.867,29.0
2025-06-01T15:00:04.000,4.000,240,HEAD,Head_main,0x09,2,240,0.000,-0.149,-0.175,-1.087,-3.0,+2.9,-5.5,-0.498,+0.012,+0.867,29.0
2025-06-01T15:00:04.016,4.017,241,HEAD,Head_main,0x09,2,241,0.000,-0.151,-0.171,-1.086,-4.7,+6.5,-6.2,-0.499,+0.010,+0.867,29.0
2025-06-01T15:00:04.033,4.033,242,HEAD,Head_main,0x09,2,242,0.000,-0.150,-0.167,-1.084,-4.1,+6.7,-3.6,-0.501,+0.008,+0.865,29.0
2025-06-01T15:00:04.050,4.050,243,HEAD,Head_main,0x09,2,243,0.000,-0.149,-0.165,-1.084,-5.0,+8.9,-1.9,-0.502,+0.007,+0.865,29.0
2025-06-01T15:00:04.066,4.067,244,HEAD,Head_main,0x09,2,244,0.000,-0.146,-0.162,-1.086,-7.8,+13.7,-0.3,-0.505,+0.005,+0.863,29.0
2025-06-01T15:00:04.083,4.083,245,HEAD,Head_main,0x09,2,245,0.000,-0.141,-0.159,-1.089,-9.4,+15.7,+3.2,-0.509,+0.003,+0.861,29.0
2025-06-01T15:00:04.100,4.100,246,HEAD,Head_main,0x09,2,246,0.000,-0.134,-0.157,-1.092,-8.2,+12.6,+4.7,-0.513,+0.001,+0.858,29.0
2025-06-01T15:00:04.116,4.117,247,HEAD,Head_main,0x09,2,247,0.000,-0.130,-0.157,-1.094,-10.2,+13.4,+7.7,-0.515,+0.000,+0.857,29.0
2025-06-01T15:00:04.133,4.133,248,HEAD,Head_main,0x09,2,248,0.000,-0.121,-0.157,-1.095,-16.4,+18.4,+12.9,-0.520,-0.002,+0.854,29.0
2025-06-01T15:00:04.150,4.150,249,HEAD,Head_main,0x09,2,249,0.000,-0.112,-0.158,-1.094,-14.7,+14.2,+11.4,-0.525,-0.004,+0.851,29.0
2025-06-01T15:00:04.166,4.167,250,HEAD,Head_main,0x09,2,250,0.000,-0.107,-0.159,-1.093,-18.4,+14.6,+12.8,-0.527,-0.006,+0.850,29.0
2025-06-01T15:00:04.183,4.183,251,HEAD,Head_main,0x09,2,251,0.000,-0.097,-0.155,-1.087,-28.4,+19.8,+18.1,-0.532,-0.009,+0.847,29.0
2025-06-01T15:00:04.200,4.200,252,HEAD,Head_main,0x09,2,252,0.000,-0.087,-0.143,-1.077,-33.1,+20.0,+18.9,-0.537,-0.014,+0.844,29.0
2025-06-01T15:00:04.216,4.217,253,HEAD,Head_main,0x09,2,253,0.000,-0.075,-0.122,-1.065,-27.0,+15.0,+14.5,-0.542,-0.020,+0.840,29.0
2025-06-01T15:00:04.233,4.233,254,HEAD,Head_main,0x09,2,254,0.000,-0.069,-0.109,-1.059,-28.7,+14.4,+14.9,-0.544,-0.023,+0.839,29.0
2025-06-01T15:00:04.250,4.250,255,HEAD,Head_main,0x09,2,255,0.000,-0.056,-0.083,-1.046,-39.1,+18.4,+20.5,-0.549,-0.029,+0.835,29.0
2025-06-01T15:00:04.266,4.267,256,HEAD,Head_main,0x09,2,256,0.000,-0.042,-0.060,-1.034,-29.6,+13.0,+16.1,-0.554,-0.035,+0.832,29.0
2025-06-01T15:00:04.283,4.283,257,HEAD,Head_main,0x09,2,257,0.000,-0.035,-0.052,-1.028,-29.3,+11.5,+17.4,-0.556,-0.038,+0.830,29.0
2025-06-01T15:00:04.300,4.300,258,HEAD,Head_main,0x09,2,258,0.000,-0.019,-0.040,-1.018,-38.9,+13.6,+25.2,-0.560,-0.044,+0.828,29.0
2025-06-01T15:00:04.316,4.317,259,HEAD,Head_main,0x09,2,259,0.000,-0.002,-0.034,-1.010,-38.8,+11.0,+28.4,-0.563,-0.049,+0.825,29.0
2025-06-01T15:00:04.333,4.333,260,HEAD,Head_main,0x09,2,260,0.000,+0.017,-0.032,-1.004,-29.2,+6.8,+23.3,-0.566,-0.053,+0.823,29.0
2025-06-01T15:00:04.350,4.350,261,HEAD,Head_main,0x09,2,261,0.000,+0.026,-0.030,-1.001,-29.4,+4.4,+25.8,-0.567,-0.055,+0.822,29.0
2025-06-01T15:00:04.366,4.367,262,HEAD,Head_main,0x09,2,262,0.000,+0.045,-0.026,-0.997,-39.5,+3.8,+36.5,-0.569,-0.059,+0.820,29.0
2025-06-01T15:00:04.383,4.383,263,HEAD,Head_main,0x09,2,263,0.000,+0.063,-0.020,-0.995,-39.8,+1.2,+38.4,-0.570,-0.062,+0.819,29.0
2025-06-01T15:00:04.400,4.400,264,HEAD,Head_main,0x09,2,264,0.000,+0.080,-0.010,-0.993,-29.9,-0.4,+29.2,-0.571,-0.065,+0.819,29.0
2025-06-01T15:00:04.416,4.417,265,HEAD,Head_main,0x09,2,265,0.000,+0.088,-0.004,-0.992,-29.9,-2.2,+28.8,-0.571,-0.066,+0.818,29.0
2025-06-01T15:00:04.433,4.433,266,HEAD,Head_main,0x09,2,266,0.000,+0.103,+0.010,-0.990,-39.4,-4.3,+37.0,-0.571,-0.069,+0.818,29.0
2025-06-01T15:00:04.450,4.450,267,HEAD,Head_main,0x09,2,267,0.000,+0.116,+0.030,-0.988,-29.0,-4.1,+26.4,-0.570,-0.073,+0.818,29.0
2025-06-01T15:00:04.466,4.467,268,HEAD,Head_main,0x09,2,268,0.000,+0.122,+0.041,-0.987,-27.5,-5.4,+23.8,-0.570,-0.075,+0.818,29.0
2025-06-01T15:00:04.483,4.483,269,HEAD,Head_main,0x09,2,269,0.000,+0.130,+0.066,-0.985,-34.3,-8.0,+28.7,-0.569,-0.078,+0.819,29.0
2025-06-01T15:00:04.500,4.500,270,HEAD,Head_main,0x09,2,270,0.000,+0.134,+0.089,-0.983,-29.9,-8.8,+24.6,-0.567,-0.081,+0.819,29.0
2025-06-01T15:00:04.516,4.517,271,HEAD,Head_main,0x09,2,271,0.000,+0.135,+0.108,-0.983,-19.4,-6.8,+16.2,-0.566,-0.084,+0.820,29.0
2025-06-01T15:00:04.533,4.533,272,HEAD,Head_main,0x09,2,272,0.000,+0.134,+0.116,-0.983,-14.5,-6.6,+13.6,-0.565,-0.085,+0.821,29.0
2025-06-01T15:00:04.550,4.550,273,HEAD,Head_main,0x09,2,273,0.000,+0.129,+0.129,-0.984,-13.7,-8.0,+15.8,-0.563,-0.087,+0.822,29.0
2025-06-01T15:00:04.566,4.567,274,HEAD,Head_main,0x09,2,274,0.000,+0.122,+0.139,-0.984,-5.8,-6.5,+13.1,-0.562,-0.087,+0.823,29.0
2025-06-01T15:00:04.583,4.583,275,HEAD,Head_main,0x09,2,275,0.000,+0.114,+0.145,-0.985,+0.1,-3.7,+8.5,-0.561,-0.085,+0.824,29.0
2025-06-01T15:00:04.600,4.600,276,HEAD,Head_main,0x09,2,276,0.000,+0.111,+0.146,-0.986,+5.6,-1.9,+6.9,-0.560,-0.084,+0.824,29.0
2025-06-01T15:00:04.616,4.617,277,HEAD,Head_main,0x09,2,277,0.000,+0.104,+0.143,-0.987,+12.2,-0.7,+7.9,-0.560,-0.080,+0.824,29.0
2025-06-01T15:00:04.633,4.633,278,HEAD,Head_main,0x09,2,278,0.000,+0.100,+0.135,-0.990,+17.4,+1.8,+6.2,-0.560,-0.075,+0.825,29.0
2025-06-01T15:00:04.650,4.650,279,HEAD,Head_main,0x09,2,279,0.000,+0.097,+0.124,-0.995,+15.4,+2.6,+3.8,-0.561,-0.070,+0.825,29.0
2025-06-01T15:00:04.666,4.667,280,HEAD,Head_main,0x09,2,280,0.000,+0.096,+0.118,-0.997,+17.7,+4.1,+2.7,-0.562,-0.067,+0.825,29.0
2025-06-01T15:00:04.683,4.683,281,HEAD,Head_main,0x09,2,281,0.000,+0.096,+0.106,-1.003,+25.0,+6.6,+2.5,-0.563,-0.060,+0.824,29.0
2025-06-01T15:00:04.700,4.700,282,HEAD,Head_main,0x09,2,282,0.000,+0.097,+0.091,-1.009,+26.0,+8.0,+1.2,-0.565,-0.054,+0.823,29.0
2025-06-01T15:00:04.716,4.717,283,HEAD,Head_main,0x09,2,283,0.000,+0.098,+0.072,-1.015,+19.5,+6.6,+0.3,-0.567,-0.048,+0.822,29.0
2025-06-01T15:00:04.733,4.733,284,HEAD,Head_main,0x09,2,284,0.000,+0.099,+0.062,-1.018,+18.5,+7.4,-0.2,-0.568,-0.045,+0.822,29.0
2025-06-01T15:00:04.750,4.750,285,HEAD,Head_main,0x09,2,285,0.000,+0.101,+0.040,-1.022,+22.8,+10.5,-0.5,-0.571,-0.039,+0.820,29.0
2025-06-01T15:00:04.766,4.767,286,HEAD,Head_main,0x09,2,286,0.000,+0.102,+0.021,-1.024,+15.4,+8.4,-0.3,-0.573,-0.034,+0.819,29.0
2025-06-01T15:00:04.783,4.783,287,HEAD,Head_main,0x09,2,287,0.000,+0.103,+0.013,-1.025,+13.0,+8.9,-0.1,-0.575,-0.032,+0.818,29.0
2025-06-01T15:00:04.800,4.800,288,HEAD,Head_main,0x09,2,288,0.000,+0.105,+0.005,-1.025,+15.4,+12.4,-0.1,-0.578,-0.028,+0.816,29.0
2025-06-01T15:00:04.816,4.817,289,HEAD,Head_main,0x09,2,289,0.000,+0.107,+0.004,-1.024,+10.4,+9.6,-0.1,-0.581,-0.024,+0.814,29.0
2025-06-01T15:00:04.833,4.833,290,HEAD,Head_main,0x09,2,290,0.000,+0.109,+0.005,-1.023,+9.6,+9.8,-0.3,-0.582,-0.023,+0.813,29.0
2025-06-01T15:00:04.850,4.850,291,HEAD,Head_main,0x09,2,291,0.000,+0.114,+0.009,-1.020,+12.5,+12.8,-0.8,-0.585,-0.020,+0.811,29.0
2025-06-01T15:00:04.866,4.867,292,HEAD,Head_main,0x09,2,292,0.000,+0.120,+0.011,-1.017,+12.3,+12.1,-1.2,-0.588,-0.017,+0.809,29.0
2025-06-01T15:00:04.883,4.883,293,HEAD,Head_main,0x09,2,293,0.000,+0.127,+0.009,-1.014,+9.0,+8.4,-1.2,-0.591,-0.015,+0.807,29.0
2025-06-01T15:00:04.900,4.900,294,HEAD,Head_main,0x09,2,294,0.000,+0.130,+0.008,-1.013,+8.6,+7.2,-1.5,-0.592,-0.013,+0.806,29.0
2025-06-01T15:00:04.916,4.917,295,HEAD,Head_main,0x09,2,295,0.000,+0.136,+0.004,-1.011,+11.0,+8.3,-2.2,-0.594,-0.011,+0.804,29.0
2025-06-01T15:00:04.933,4.933,296,HEAD,Head_main,0x09,2,296,0.000,+0.140,+0.000,-1.010,+7.8,+5.3,-1.8,-0.596,-0.009,+0.803,29.0
2025-06-01T15:00:04.950,4.950,297,HEAD,Head_main,0x09,2,297,0.000,+0.141,-0.001,-1.009,+7.5,+4.0,-2.0,-0.597,-0.008,+0.802,29.0
2025-06-01T15:00:04.966,4.967,298,HEAD,Head_main,0x09,2,298,0.000,+0.142,-0.004,-1.009,+9.9,+4.1,-2.8,-0.598,-0.006,+0.802,29.0
2025-06-01T15:00:04.983,4.983,299,HEAD,Head_main,0x09,2,299,0.000,+0.143,-0.005,-1.009,+10.1,+2.7,-2.8,-0.599,-0.004,+0.801,29.0
2025-06-01T15:00:05.000,5.000,300,HEAD,Head_main,0x09,2,300,0.000,+0.142,-0.007,-1.010,+7.8,+1.2,-2.0,-0.599,-0.002,+0.801,29.0
2025-06-01T15:00:05.016,5.017,301,HEAD,Head_main,0x09,2,301,0.000,+0.142,-0.009,-1.010,+8.0,+0.2,-1.6,-0.599,-0.001,+0.801,29.0
2025-06-01T15:00:05.033,5.033,302,HEAD,Head_main,0x09,2,302,0.000,+0.141,-0.012,-1.010,+10.8,-0.7,-1.8,-0.599,+0.001,+0.801,29.0
2025-06-01T15:00:05.050,5.050,303,HEAD,Head_main,0x09,2,303,0.000,+0.141,-0.017,-1.011,+8.1,-1.3,-1.0,-0.599,+0.003,+0.801,29.0
2025-06-01T15:00:05.066,5.067,304,HEAD,Head_main,0x09,2,304,0.000,+0.140,-0.019,-1.011,+7.8,-2.3,-0.6,-0.599,+0.004,+0.801,29.0
2025-06-01T15:00:05.083,5.083,305,HEAD,Head_main,0x09,2,305,0.000,+0.140,-0.023,-1.011,+9.9,-4.2,-0.5,-0.598,+0.006,+0.802,29.0
2025-06-01T15:00:05.100,5.100,306,HEAD,Head_main,0x09,2,306,0.000,+0.139,-0.027,-1.012,+9.1,-5.7,-0.1,-0.597,+0.009,+0.803,29.0
2025-06-01T15:00:05.116,5.117,307,HEAD,Head_main,0x09,2,307,0.000,+0.138,-0.030,-1.012,+6.2,-5.0,+0.1,-0.595,+0.011,+0.804,29.0
2025-06-01T15:00:05.133,5.133,308,HEAD,Head_main,0x09,2,308,0.000,+0.137,-0.032,-1.012,+5.1,-5.9,+0.3,-0.594,+0.012,+0.804,29.0
2025-06-01T15:00:05.150,5.150,309,HEAD,Head_main,0x09,2,309,0.000,+0.135,-0.036,-1.012,+5.7,-8.4,+0.6,-0.592,+0.013,+0.806,29.0
2025-06-01T15:00:05.166,5.167,310,HEAD,Head_main,0x09,2,310,0.000,+0.131,-0.038,-1.011,+4.3,-8.9,+0.8,-0.590,+0.014,+0.807,29.0
2025-06-01T15:00:05.183,5.183,311,HEAD,Head_main,0x09,2,311,0.000,+0.126,-0.038,-1.010,+2.6,-6.8,+0.6,-0.588,+0.015,+0.809,29.0
2025-06-01T15:00:05.200,5.200,312,HEAD,Head_main,0x09,2,312,0.000,+0.124,-0.038,-1.009,+1.9,-6.6,+0.5,-0.587,+0.016,+0.809,29.0
2025-06-01T15:00:05.216,5.217,313,HEAD,Head_main,0x09,2,313,0.000,+0.120,-0.037,-1.008,+2.2,-8.3,+0.5,-0.585,+0.017,+0.811,29.0
2025-06-01T15:00:05.233,5.233,314,HEAD,Head_main,0x09,2,314,0.000,+0.115,-0.035,-1.006,+2.0,-7.5,+0.0,-0.583,+0.017,+0.812,29.0
2025-06-01T15:00:05.250,5.250,315,HEAD,Head_main,0x09,2,315,0.000,+0.111,-0.033,-1.005,+1.5,-5.1,-0.3,-0.581,+0.018,+0.813,29.0
2025-06-01T15:00:05.266,5.267,316,HEAD,Head_main,0x09,2,316,0.000,+0.110,-0.033,-1.004,+1.7,-4.3,-0.6,-0.581,+0.018,+0.814,29.0
2025-06-01T15:00:05.283,5.283,317,HEAD,Head_main,0x09,2,317,0.000,+0.107,-0.032,-1.003,+2.4,-4.9,-1.1,-0.579,+0.018,+0.815,29.0
2025-06-01T15:00:05.300,5.300,318,HEAD,Head_main,0x09,2,318,0.000,+0.104,-0.033,-1.003,+2.5,-3.7,-1.5,-0.578,+0.018,+0.816,29.0
2025-06-01T15:00:05.316,5.317,319,HEAD,Head_main,0x09,2,319,0.000,+0.102,-0.033,-1.002,+2.0,-2.2,-1.3,-0.578,+0.019,+0.816,29.0
2025-06-01T15:00:05.333,5.333,320,HEAD,Head_main,0x09,2,320,0.000,+0.101,-0.033,-1.002,+2.1,-1.3,-1.5,-0.577,+0.019,+0.816,29.0
2025-06-01T15:00:05.350,5.350,321,HEAD,Head_main,0x09,2,321,0.000,+0.100,-0.033,-1.002,+2.9,-0.9,-2.3,-0.577,+0.019,+0.816,29.0
2025-06-01T15:00:05.366,5.367,322,HEAD,Head_main,0x09,2,322,0.000,+0.098,-0.032,-1.003,+2.4,+0.0,-1.9,-0.577,+0.020,+0.816,29.0
2025-06-01T15:00:05.383,5.383,323,HEAD,Head_main,0x09,2,323,0.000,+0.098,-0.032,-1.003,+2.8,+0.9,-2.1,-0.577,+0.020,+0.816,29.0
2025-06-01T15:00:05.400,5.400,324,HEAD,Head_main,0x09,2,324,0.000,+0.097,-0.032,-1.003,+4.4,+2.1,-3.1,-0.578,+0.020,+0.816,29.0
2025-06-01T15:00:05.416,5.417,325,HEAD,Head_main,0x09,2,325,0.000,+0.096,-0.032,-1.004,+5.2,+3.3,-3.3,-0.578,+0.021,+0.816,29.0
2025-06-01T15:00:05.433,5.433,326,HEAD,Head_main,0x09,2,326,0.000,+0.096,-0.033,-1.005,+4.5,+3.2,-2.6,-0.579,+0.022,+0.815,29.0
2025-06-01T15:00:05.450,5.450,327,HEAD,Head_main,0x09,2,327,0.000,+0.096,-0.033,-1.005,+5.3,+4.3,-2.8,-0.580,+0.022,+0.815,29.0
2025-06-01T15:00:05.466,5.467,328,HEAD,Head_main,0x09,2,328,0.000,+0.096,-0.035,-1.006,+7.7,+6.8,-4.0,-0.581,+0.023,+0.813,29.0
2025-06-01T15:00:05.483,5.483,329,HEAD,Head_main,0x09,2,329,0.000,+0.096,-0.037,-1.008,+6.3,+5.9,-3.2,-0.583,+0.024,+0.812,29.0
2025-06-01T15:00:05.500,5.500,330,HEAD,Head_main,0x09,2,330,0.000,+0.097,-0.039,-1.010,+6.7,+7.0,-3.4,-0.584,+0.025,+0.811,29.0
2025-06-01T15:00:05.516,5.517,331,HEAD,Head_main,0x09,2,331,0.000,+0.098,-0.042,-1.012,+9.1,+10.3,-4.6,-0.586,+0.026,+0.810,29.0
2025-06-01T15:00:05.533,5.533,332,HEAD,Head_main,0x09,2,332,0.000,+0.101,-0.047,-1.015,+9.0,+11.3,-4.6,-0.589,+0.028,+0.808,29.0
2025-06-01T15:00:05.550,5.550,333,HEAD,Head_main,0x09,2,333,0.000,+0.104,-0.053,-1.017,+6.4,+9.0,-3.4,-0.592,+0.029,+0.806,29.0
2025-06-01T15:00:05.566,5.567,334,HEAD,Head_main,0x09,2,334,0.000,+0.106,-0.055,-1.018,+5.5,+9.4,-3.4,-0.593,+0.030,+0.805,29.0
2025-06-01T15:00:05.583,5.583,335,HEAD,Head_main,0x09,2,335,0.000,+0.110,-0.060,-1.020,+6.2,+12.7,-4.4,-0.596,+0.030,+0.802,29.0
2025-06-01T15:00:05.600,5.600,336,HEAD,Head_main,0x09,2,336,0.000,+0.115,-0.063,-1.021,+3.7,+9.5,-3.2,-0.599,+0.031,+0.800,29.0
2025-06-01T15:00:05.616,5.617,337,HEAD,Head_main,0x09,2,337,0.000,+0.118,-0.064,-1.022,+2.6,+9.2,-3.1,-0.601,+0.031,+0.799,29.0
2025-06-01T15:00:05.633,5.633,338,HEAD,Head_main,0x09,2,338,0.000,+0.123,-0.065,-1.022,+2.4,+11.7,-3.9,-0.604,+0.031,+0.797,29.0
2025-06-01T15:00:05.650,5.650,339,HEAD,Head_main,0x09,2,339,0.000,+0.128,-0.066,-1.020,+1.0,+10.7,-3.6,-0.606,+0.031,+0.795,29.0
2025-06-01T15:00:05.666,5.667,340,HEAD,Head_main,0x09,2,340,0.000,+0.132,-0.066,-1.018,+0.1,+7.4,-2.5,-0.609,+0.030,+0.793,29.0
2025-06-01T15:00:05.683,5.683,341,HEAD,Head_main,0x09,2,341,0.000,+0.134,-0.065,-1.017,-0.8,+6.5,-2.2,-0.610,+0.030,+0.792,29.0
2025-06-01T15:00:05.700,5.700,342,HEAD,Head_main,0x09,2,342,0.000,+0.137,-0.064,-1.014,-1.7,+7.7,-2.7,-0.612,+0.029,+0.791,29.0
2025-06-01T15:00:05.716,5.717,343,HEAD,Head_main,0x09,2,343,0.000,+0.139,-0.063,-1.011,-2.4,+6.5,-2.3,-0.613,+0.028,+0.789,29.0
2025-06-01T15:00:05.733,5.733,344,HEAD,Head_main,0x09,2,344,0.000,+0.140,-0.060,-1.007,-2.0,+4.3,-1.5,-0.615,+0.027,+0.788,29.0
2025-06-01T15:00:05.750,5.750,345,HEAD,Head_main,0x09,2,345,0.000,+0.140,-0.059,-1.006,-2.2,+3.5,-1.2,-0.615,+0.027,+0.788,29.0
2025-06-01T15:00:05.766,5.767,346,HEAD,Head_main,0x09,2,346,0.000,+0.140,-0.057,-1.002,-3.0,+4.0,-1.4,-0.616,+0.026,+0.787,29.0
2025-06-01T15:00:05.783,5.783,347,HEAD,Head_main,0x09,2,347,0.000,+0.140,-0.055,-0.999,-2.2,+2.6,-0.9,-0.617,+0.025,+0.787,29.0
2025-06-01T15:00:05.800,5.800,348,HEAD,Head_main,0x09,2,348,0.000,+0.140,-0.055,-0.998,-2.3,+2.1,-0.6,-0.617,+0.024,+0.786,29.0
2025-06-01T15:00:05.816,5.817,349,HEAD,Head_main,0x09,2,349,0.000,+0.140,-0.055,-0.995,-3.1,+2.3,-0.6,-0.618,+0.024,+0.786,29.0
2025-06-01T15:00:05.833,5.833,350,HEAD,Head_main,0x09,2,350,0.000,+0.140,-0.055,-0.993,-3.1,+1.7,-0.4,-0.618,+0.023,+0.785,29.0
2025-06-01T15:00:05.850,5.850,351,HEAD,Head_main,0x09,2,351,0.000,+0.141,-0.054,-0.991,-2.3,+1.0,-0.2,-0.619,+0.022,+0.785,29.0
2025-06-01T15:00:05.866,5.867,352,HEAD,Head_main,0x09,2,352,0.000,+0.141,-0.053,-0.990,-2.1,+0.5,-0.1,-0.619,+0.022,+0.785,29.0
2025-06-01T15:00:05.883,5.883,353,HEAD,Head_main,0x09,2,353,0.000,+0.142,-0.051,-0.988,-2.5,+0.3,-0.1,-0.619,+0.021,+0.785,29.0
2025-06-01T15:00:05.900,5.900,354,HEAD,Head_main,0x09,2,354,0.000,+0.143,-0.049,-0.987,-1.6,-0.2,+0.0,-0.619,+0.021,+0.785,29.0
2025-06-01T15:00:05.916,5.917,355,HEAD,Head_main,0x09,2,355,0.000,+0.144,-0.048,-0.986,-1.1,-0.7,+0.2,-0.619,+0.020,+0.785,29.0
2025-06-01T15:00:05.933,5.933,356,HEAD,Head_main,0x09,2,356,0.000,+0.145,-0.046,-0.985,-1.0,-1.6,+0.5,-0.619,+0.020,+0.785,29.0
2025-06-01T15:00:05.950,5.950,357,HEAD,Head_main,0x09,2,357,0.000,+0.145,-0.044,-0.985,-0.4,-2.4,+0.7,-0.618,+0.020,+0.786,29.0
2025-06-01T15:00:05.966,5.967,358,HEAD,Head_main,0x09,2,358,0.000,+0.146,-0.043,-0.985,+0.0,-2.3,+0.6,-0.618,+0.020,+0.786,29.0
2025-06-01T15:00:05.983,5.983,359,HEAD,Head_main,0x09,2,359,0.000,+0.146,-0.043,-0.986,+0.4,-2.9,+0.7,-0.617,+0.020,+0.787,29.0
2025-06-01T15:00:06.000,6.000,360,HEAD,Head_main,0x09,2,360,0.000,+0.145,-0.043,-0.987,+0.9,-4.5,+0.9,-0.616,+0.021,+0.787,29.0
2025-06-01T15:00:06.016,6.017,361,HEAD,Head_main,0x09,2,361,0.000,+0.144,-0.044,-0.988,+0.9,-3.7,+0.7,-0.615,+0.021,+0.788,29.0
2025-06-01T15:00:06.033,6.033,362,HEAD,Head_main,0x09,2,362,0.000,+0.143,-0.045,-0.989,+1.0,-4.1,+0.6,-0.615,+0.021,+0.789,29.0
2025-06-01T15:00:06.050,6.050,363,HEAD,Head_main,0x09,2,363,0.000,+0.141,-0.046,-0.990,+1.4,-5.7,+0.8,-0.613,+0.022,+0.790,29.0
2025-06-01T15:00:06.066,6.067,364,HEAD,Head_main,0x09,2,364,0.000,+0.138,-0.048,-0.992,+1.4,-5.8,+0.7,-0.612,+0.022,+0.791,29.0
2025-06-01T15:00:06.083,6.083,365,HEAD,Head_main,0x09,2,365,0.000,+0.135,-0.050,-0.993,+1.2,-5.7,+0.5,-0.611,+0.023,+0.792,29.0
2025-06-01T15:00:06.100,6.100,366,HEAD,Head_main,0x09,2,366,0.000,+0.131,-0.052,-0.994,+0.7,-4.0,+0.3,-0.609,+0.023,+0.793,29.0
2025-06-01T15:00:06.116,6.117,367,HEAD,Head_main,0x09,2,367,0.000,+0.129,-0.053,-0.994,+0.3,-3.6,+0.2,-0.609,+0.023,+0.793,29.0
2025-06-01T15:00:06.133,6.133,368,HEAD,Head_main,0x09,2,368,0.000,+0.126,-0.054,-0.994,+0.1,-4.3,+0.2,-0.608,+0.023,+0.794,29.0
2025-06-01T15:00:06.150,6.150,369,HEAD,Head_main,0x09,2,369,0.000,+0.123,-0.055,-0.994,-0.3,-2.8,+0.2,-0.607,+0.023,+0.795,29.0
2025-06-01T15:00:06.166,6.167,370,HEAD,Head_main,0x09,2,370,0.000,+0.122,-0.056,-0.994,-0.7,-2.3,+0.4,-0.606,+0.023,+0.795,29.0
2025-06-01T15:00:06.183,6.183,371,HEAD,Head_main,0x09,2,371,0.000,+0.120,-0.056,-0.993,-1.4,-2.5,+0.7,-0.606,+0.023,+0.795,29.0
2025-06-01T15:00:06.200,6.200,372,HEAD,Head_main,0x09,2,372,0.000,+0.119,-0.055,-0.993,-1.8,-1.9,+1.0,-0.605,+0.023,+0.796,29.0
2025-06-01T15:00:06.216,6.217,373,HEAD,Head_main,0x09,2,373,0.000,+0.121,-0.054,-0.992,-1.6,-1.3,+0.9,-0.605,+0.022,+0.796,29.0
2025-06-01T15:00:06.233,6.233,374,HEAD,Head_main,0x09,2,374,0.000,+0.122,-0.053,-0.992,-1.7,-1.4,+1.0,-0.605,+0.022,+0.796,29.0
2025-06-01T15:00:06.250,6.250,375,HEAD,Head_main,0x09,2,375,0.000,+0.125,-0.051,-0.991,-2.2,-1.8,+1.2,-0.604,+0.022,+0.797,29.0
2025-06-01T15:00:06.266,6.267,376,HEAD,Head_main,0x09,2,376,0.000,+0.123,-0.049,-0.990,-2.1,-0.7,+0.6,-0.604,+0.022,+0.797,29.0
2025-06-01T15:00:06.283,6.283,377,HEAD,Head_main,0x09,2,377,0.000,+0.115,-0.047,-0.988,-1.5,+0.9,-0.2,-0.604,+0.021,+0.797,29.0
2025-06-01T15:00:06.300,6.300,378,HEAD,Head_main,0x09,2,378,0.000,+0.110,-0.046,-0.987,-1.4,+4.9,-1.5,-0.604,+0.021,+0.797,29.0
2025-06-01T15:00:06.316,6.317,379,HEAD,Head_main,0x09,2,379,0.000,+0.096,-0.044,-0.983,-2.0,+12.9,-3.7,-0.606,+0.020,+0.795,29.0
2025-06-01T15:00:06.333,6.333,380,HEAD,Head_main,0x09,2,380,0.000,+0.082,-0.042,-0.978,-1.6,+15.5,-4.2,-0.610,+0.019,+0.792,29.0
2025-06-01T15:00:06.350,6.350,381,HEAD,Head_main,0x09,2,381,0.000,+0.076,-0.042,-0.975,-2.1,+25.6,-6.5,-0.613,+0.018,+0.790,29.0
2025-06-01T15:00:06.366,6.367,382,HEAD,Head_main,0x09,2,382,0.000,+0.068,-0.041,-0.967,-3.6,+46.4,-11.0,-0.622,+0.015,+0.783,29.0
2025-06-01T15:00:06.383,6.383,383,HEAD,Head_main,0x09,2,383,0.000,+0.068,-0.040,-0.957,-3.3,+44.6,-10.0,-0.634,+0.012,+0.773,29.0
2025-06-01T15:00:06.400,6.400,384,HEAD,Head_main,0x09,2,384,0.000,+0.072,-0.039,-0.951,-4.6,+58.8,-12.3,-0.642,+0.010,+0.767,29.0
2025-06-01T15:00:06.416,6.417,385,HEAD,Head_main,0x09,2,385,0.000,+0.089,-0.037,-0.937,-7.1,+92.7,-18.4,-0.660,+0.006,+0.751,29.0
2025-06-01T15:00:06.433,6.433,386,HEAD,Head_main,0x09,2,386,0.000,+0.120,-0.032,-0.920,-8.2,+111.2,-20.7,-0.683,+0.000,+0.731,29.0
2025-06-01T15:00:06.450,6.450,387,HEAD,Head_main,0x09,2,387,0.000,+0.164,-0.025,-0.901,-6.3,+93.1,-16.5,-0.708,-0.006,+0.707,29.0
2025-06-01T15:00:06.466,6.467,388,HEAD,Head_main,0x09,2,388,0.000,+0.190,-0.021,-0.891,-6.4,+104.1,-17.7,-0.721,-0.009,+0.693,29.0
2025-06-01T15:00:06.483,6.483,389,HEAD,Head_main,0x09,2,389,0.000,+0.251,-0.014,-0.869,-7.6,+147.2,-24.5,-0.749,-0.016,+0.662,29.0
2025-06-01T15:00:06.500,6.500,390,HEAD,Head_main,0x09,2,390,0.000,+0.317,-0.007,-0.847,-4.8,+115.6,-18.9,-0.777,-0.023,+0.628,29.0
2025-06-01T15:00:06.516,6.517,391,HEAD,Head_main,0x09,2,391,0.000,+0.351,-0.003,-0.836,-4.1,+119.9,-19.6,-0.792,-0.026,+0.610,29.0
2025-06-01T15:00:06.533,6.533,392,HEAD,Head_main,0x09,2,392,0.000,+0.419,+0.003,-0.814,-3.9,+161.9,-26.2,-0.819,-0.033,+0.573,29.0
2025-06-01T15:00:06.550,6.550,393,HEAD,Head_main,0x09,2,393,0.000,+0.482,+0.008,-0.792,-2.1,+162.5,-26.1,-0.845,-0.040,+0.533,29.0
2025-06-01T15:00:06.566,6.567,394,HEAD,Head_main,0x09,2,394,0.000,+0.540,+0.012,-0.772,-0.4,+121.3,-19.2,-0.869,-0.047,+0.493,29.0
2025-06-01T15:00:06.583,6.583,395,HEAD,Head_main,0x09,2,395,0.000,+0.566,+0.013,-0.762,+0.4,+119.1,-18.5,-0.880,-0.050,+0.472,29.0
2025-06-01T15:00:06.600,6.600,396,HEAD,Head_main,0x09,2,396,0.000,+0.615,+0.015,-0.743,+1.8,+155.6,-23.8,-0.900,-0.056,+0.431,29.0
2025-06-01T15:00:06.616,6.617,397,HEAD,Head_main,0x09,2,397,0.000,+0.657,+0.016,-0.724,+2.8,+150.7,-22.5,-0.918,-0.062,+0.391,29.0
2025-06-01T15:00:06.633,6.633,398,HEAD,Head_main,0x09,2,398,0.000,+0.692,+0.017,-0.704,+2.6,+110.1,-16.1,-0.934,-0.068,+0.351,29.0
2025-06-01T15:00:06.650,6.650,399,HEAD,Head_main,0x09,2,399,0.000,+0.707,+0.017,-0.695,+2.6,+105.9,-14.7,-0.941,-0.070,+0.331,29.0
2025-06-01T15:00:06.666,6.667,400,HEAD,Head_main,0x09,2,400,0.000,+0.735,+0.018,-0.675,+3.9,+136.9,-18.0,-0.953,-0.075,+0.293,29.0
2025-06-01T15:00:06.683,6.683,401,HEAD,Head_main,0x09,2,401,0.000,+0.761,+0.019,-0.656,+4.4,+131.0,-15.5,-0.963,-0.080,+0.256,29.0
2025-06-01T15:00:06.700,6.700,402,HEAD,Head_main,0x09,2,402,0.000,+0.784,+0.021,-0.635,+3.9,+94.8,-10.1,-0.972,-0.083,+0.220,29.0
2025-06-01T15:00:06.716,6.717,403,HEAD,Head_main,0x09,2,403,0.000,+0.795,+0.022,-0.625,+4.6,+89.9,-8.1,-0.976,-0.085,+0.202,29.0
2025-06-01T15:00:06.733,6.733,404,HEAD,Head_main,0x09,2,404,0.000,+0.816,+0.024,-0.606,+7.5,+114.9,-9.0,-0.982,-0.087,+0.169,29.0
2025-06-01T15:00:06.750,6.750,405,HEAD,Head_main,0x09,2,405,0.000,+0.835,+0.026,-0.588,+9.3,+108.0,-6.8,-0.987,-0.089,+0.137,29.0
2025-06-01T15:00:06.766,6.767,406,HEAD,Head_main,0x09,2,406,0.000,+0.853,+0.028,-0.573,+8.1,+76.9,-4.0,-0.990,-0.091,+0.107,29.0
2025-06-01T15:00:06.783,6.783,407,HEAD,Head_main,0x09,2,407,0.000,+0.863,+0.028,-0.567,+9.4,+70.7,-2.5,-0.991,-0.091,+0.093,29.0
2025-06-01T15:00:06.800,6.800,408,HEAD,Head_main,0x09,2,408,0.000,+0.881,+0.026,-0.556,+13.3,+87.8,-2.2,-0.994,-0.092,+0.067,29.0
2025-06-01T15:00:06.816,6.817,409,HEAD,Head_main,0x09,2,409,0.000,+0.895,+0.019,-0.549,+10.2,+61.1,-0.8,-0.995,-0.092,+0.043,29.0
2025-06-01T15:00:06.833,6.833,410,HEAD,Head_main,0x09,2,410,0.000,+0.900,+0.014,-0.546,+9.6,+55.1,+0.5,-0.995,-0.092,+0.032,29.0
2025-06-01T15:00:06.850,6.850,411,HEAD,Head_main,0x09,2,411,0.000,+0.905,+0.005,-0.541,+11.5,+68.4,+1.5,-0.996,-0.091,+0.012,29.0
2025-06-01T15:00:06.866,6.867,412,HEAD,Head_main,0x09,2,412,0.000,+0.905,-0.003,-0.536,+7.4,+48.0,+1.8,-0.996,-0.091,-0.007,29.0
2025-06-01T15:00:06.883,6.883,413,HEAD,Head_main,0x09,2,413,0.000,+0.904,-0.006,-0.533,+5.5,+45.1,+2.6,-0.996,-0.090,-0.016,29.0
2025-06-01T15:00:06.900,6.900,414,HEAD,Head_main,0x09,2,414,0.000,+0.898,-0.010,-0.526,+5.1,+58.5,+4.1,-0.995,-0.089,-0.033,29.0
2025-06-01T15:00:06.916,6.917,415,HEAD,Head_main,0x09,2,415,0.000,+0.892,-0.012,-0.516,+2.1,+43.3,+3.6,-0.995,-0.088,-0.049,29.0
2025-06-01T15:00:06.933,6.933,416,HEAD,Head_main,0x09,2,416,0.000,+0.889,-0.012,-0.510,-0.0,+43.5,+4.4,-0.995,-0.087,-0.057,29.0
2025-06-01T15:00:06.950,6.950,417,HEAD,Head_main,0x09,2,417,0.000,+0.886,-0.012,-0.495,-1.8,+58.8,+6.6,-0.994,-0.086,-0.074,29.0
2025-06-01T15:00:06.966,6.967,418,HEAD,Head_main,0x09,2,418,0.000,+0.887,-0.010,-0.479,-3.6,+60.2,+7.6,-0.992,-0.083,-0.092,29.0
2025-06-01T15:00:06.983,6.983,419,HEAD,Head_main,0x09,2,419,0.000,+0.891,-0.008,-0.460,-3.4,+45.9,+6.1,-0.991,-0.081,-0.109,29.0
2025-06-01T15:00:07.000,7.000,420,HEAD,Head_main,0x09,2,420,0.000,+0.895,-0.007,-0.450,-3.8,+46.4,+6.2,-0.990,-0.080,-0.118,29.0
2025-06-01T15:00:07.016,7.017,421,HEAD,Head_main,0x09,2,421,0.000,+0.907,-0.004,-0.430,-5.2,+61.6,+7.9,-0.988,-0.077,-0.136,29.0
2025-06-01T15:00:07.033,7.033,422,HEAD,Head_main,0x09,2,422,0.000,+0.922,-0.001,-0.411,-3.8,+45.5,+5.4,-0.985,-0.075,-0.154,29.0
2025-06-01T15:00:07.050,7.050,423,HEAD,Head_main,0x09,2,423,0.000,+0.930,-0.001,-0.402,-3.8,+43.8,+4.1,-0.984,-0.074,-0.162,29.0
2025-06-01T15:00:07.066,7.067,424,HEAD,Head_main,0x09,2,424,0.000,+0.944,-0.004,-0.384,-5.7,+56.2,+4.1,-0.981,-0.072,-0.179,29.0
2025-06-01T15:00:07.083,7.083,425,HEAD,Head_main,0x09,2,425,0.000,+0.954,-0.010,-0.368,-7.3,+53.3,+2.4,-0.978,-0.071,-0.195,29.0
2025-06-01T15:00:07.100,7.100,426,HEAD,Head_main,0x09,2,426,0.000,+0.959,-0.017,-0.352,-6.7,+38.4,+0.9,-0.975,-0.070,-0.210,29.0
2025-06-01T15:00:07.116,7.117,427,HEAD,Head_main,0x09,2,427,0.000,+0.961,-0.019,-0.344,-8.5,+36.5,+0.0,-0.974,-0.069,-0.217,29.0
2025-06-01T15:00:07.133,7.133,428,HEAD,Head_main,0x09,2,428,0.000,+0.962,-0.021,-0.327,-13.2,+46.9,-0.4,-0.971,-0.069,-0.231,29.0
2025-06-01T15:00:07.150,7.150,429,HEAD,Head_main,0x09,2,429,0.000,+0.963,-0.020,-0.310,-11.2,+33.8,-0.4,-0.967,-0.068,-0.244,29.0
2025-06-01T15:00:07.166,7.167,430,HEAD,Head_main,0x09,2,430,0.000,+0.964,-0.018,-0.302,-12.8,+31.8,-0.4,-0.966,-0.067,-0.250,29.0
2025-06-01T15:00:07.183,7.183,431,HEAD,Head_main,0x09,2,431,0.000,+0.966,-0.015,-0.285,-18.4,+40.0,+0.1,-0.963,-0.066,-0.262,29.0
2025-06-01T15:00:07.200,7.200,432,HEAD,Head_main,0x09,2,432,0.000,+0.970,-0.011,-0.268,-19.6,+36.5,+1.1,-0.960,-0.064,-0.273,29.0
2025-06-01T15:00:07.216,7.217,433,HEAD,Head_main,0x09,2,433,0.000,+0.975,-0.006,-0.253,-15.0,+25.2,+1.6,-0.957,-0.062,-0.283,29.0
2025-06-01T15:00:07.233,7.233,434,HEAD,Head_main,0x09,2,434,0.000,+0.978,-0.003,-0.246,-14.7,+22.0,+2.4,-0.956,-0.061,-0.288,29.0
2025-06-01T15:00:07.250,7.250,435,HEAD,Head_main,0x09,2,435,0.000,+0.983,+0.001,-0.233,-18.9,+26.0,+3.8,-0.953,-0.059,-0.296,29.0
2025-06-01T15:00:07.266,7.267,436,HEAD,Head_main,0x09,2,436,0.000,+0.988,+0.005,-0.222,-17.4,+21.6,+4.0,-0.951,-0.056,-0.303,29.0
2025-06-01T15:00:07.283,7.283,437,HEAD,Head_main,0x09,2,437,0.000,+0.992,+0.007,-0.212,-12.1,+13.8,+2.9,-0.950,-0.053,-0.308,29.0
2025-06-01T15:00:07.300,7.300,438,HEAD,Head_main,0x09,2,438,0.000,+0.993,+0.007,-0.208,-11.0,+11.0,+2.2,-0.949,-0.052,-0.311,29.0
2025-06-01T15:00:07.316,7.317,439,HEAD,Head_main,0x09,2,439,0.000,+0.993,+0.006,-0.202,-13.6,+12.5,+2.2,-0.948,-0.050,-0.315,29.0
2025-06-01T15:00:07.333,7.333,440,HEAD,Head_main,0x09,2,440,0.000,+0.990,+0.006,-0.196,-12.3,+10.3,+1.3,-0.947,-0.048,-0.318,29.0
2025-06-01T15:00:07.350,7.350,441,HEAD,Head_main,0x09,2,441,0.000,+0.986,+0.006,-0.192,-8.5,+6.9,+0.5,-0.946,-0.047,-0.321,29.0
2025-06-01T15:00:07.366,7.367,442,HEAD,Head_main,0x09,2,442,0.000,+0.983,+0.007,-0.191,-7.4,+6.0,-0.1,-0.946,-0.047,-0.322,29.0
2025-06-01T15:00:07.383,7.383,443,HEAD,Head_main,0x09,2,443,0.000,+0.979,+0.009,-0.188,-8.9,+7.2,-0.6,-0.945,-0.046,-0.324,29.0
2025-06-01T15:00:07.400,7.400,444,HEAD,Head_main,0x09,2,444,0.000,+0.976,+0.010,-0.186,-6.0,+4.8,-0.7,-0.944,-0.045,-0.326,29.0
2025-06-01T15:00:07.416,7.417,445,HEAD,Head_main,0x09,2,445,0.000,+0.976,+0.010,-0.185,-5.4,+3.6,-0.8,-0.944,-0.045,-0.327,29.0
2025-06-01T15:00:07.433,7.433,446,HEAD,Head_main,0x09,2,446,0.000,+0.975,+0.010,-0.185,-6.7,+3.2,-0.9,-0.943,-0.045,-0.328,29.0
2025-06-01T15:00:07.450,7.450,447,HEAD,Head_main,0x09,2,447,0.000,+0.977,+0.009,-0.186,-6.4,+0.5,-0.4,-0.943,-0.044,-0.329,29.0
2025-06-01T15:00:07.466,7.467,448,HEAD,Head_main,0x09,2,448,0.000,+0.979,+0.007,-0.188,-4.8,-1.4,+0.0,-0.943,-0.044,-0.329,29.0
2025-06-01T15:00:07.483,7.483,449,HEAD,Head_main,0x09,2,449,0.000,+0.979,+0.006,-0.190,-4.9,-4.0,+0.5,-0.944,-0.043,-0.328,29.0
2025-06-01T15:00:07.500,7.500,450,HEAD,Head_main,0x09,2,450,0.000,+0.979,+0.004,-0.194,-6.7,-7.7,+1.1,-0.944,-0.042,-0.327,29.0
2025-06-01T15:00:07.516,7.517,451,HEAD,Head_main,0x09,2,451,0.000,+0.977,+0.003,-0.198,-6.8,-10.7,+1.6,-0.945,-0.041,-0.324,29.0
2025-06-01T15:00:07.533,7.533,452,HEAD,Head_main,0x09,2,452,0.000,+0.974,+0.003,-0.203,-5.0,-9.5,+1.5,-0.946,-0.040,-0.321,29.0
2025-06-01T15:00:07.550,7.550,453,HEAD,Head_main,0x09,2,453,0.000,+0.972,+0.004,-0.205,-4.8,-11.0,+1.8,-0.947,-0.040,-0.319,29.0
2025-06-01T15:00:07.566,7.567,454,HEAD,Head_main,0x09,2,454,0.000,+0.968,+0.005,-0.210,-6.2,-15.6,+2.6,-0.948,-0.038,-0.315,29.0
2025-06-01T15:00:07.583,7.583,455,HEAD,Head_main,0x09,2,455,0.000,+0.963,+0.006,-0.216,-4.4,-12.2,+2.0,-0.950,-0.037,-0.311,29.0
2025-06-01T15:00:07.600,7.600,456,HEAD,Head_main,0x09,2,456,0.000,+0.961,+0.006,-0.218,-4.0,-12.3,+1.9,-0.951,-0.036,-0.309,29.0
2025-06-01T15:00:07.616,7.617,457,HEAD,Head_main,0x09,2,457,0.000,+0.956,+0.008,-0.224,-4.9,-16.1,+2.3,-0.952,-0.035,-0.304,29.0
2025-06-01T15:00:07.633,7.633,458,HEAD,Head_main,0x09,2,458,0.000,+0.952,+0.009,-0.230,-4.3,-15.5,+1.9,-0.953,-0.034,-0.300,29.0
2025-06-01T15:00:07.650,7.650,459,HEAD,Head_main,0x09,2,459,0.000,+0.949,+0.008,-0.236,-3.0,-11.1,+1.2,-0.955,-0.033,-0.296,29.0
2025-06-01T15:00:07.666,7.667,460,HEAD,Head_main,0x09,2,460,0.000,+0.948,+0.008,-0.239,-2.8,-10.3,+0.8,-0.955,-0.033,-0.294,29.0
2025-06-01T15:00:07.683,7.683,461,HEAD,Head_main,0x09,2,461,0.000,+0.946,+0.007,-0.245,-3.6,-13.1,+0.9,-0.957,-0.032,-0.290,29.0
2025-06-01T15:00:07.700,7.700,462,HEAD,Head_main,0x09,2,462,0.000,+0.946,+0.005,-0.251,-3.5,-12.4,+0.5,-0.958,-0.032,-0.286,29.0
2025-06-01T15:00:07.716,7.717,463,HEAD,Head_main,0x09,2,463,0.000,+0.948,+0.004,-0.257,-2.6,-9.0,+0.1,-0.959,-0.032,-0.283,29.0
2025-06-01T15:00:07.733,7.733,464,HEAD,Head_main,0x09,2,464,0.000,+0.948,+0.004,-0.259,-2.6,-8.9,-0.3,-0.959,-0.031,-0.281,29.0
2025-06-01T15:00:07.750,7.750,465,HEAD,Head_main,0x09,2,465,0.000,+0.949,+0.003,-0.264,-3.6,-11.9,-0.9,-0.960,-0.031,-0.278,29.0
2025-06-01T15:00:07.766,7.767,466,HEAD,Head_main,0x09,2,466,0.000,+0.949,+0.002,-0.269,-3.8,-11.9,-1.4,-0.961,-0.031,-0.275,29.0
2025-06-01T15:00:07.783,7.783,467,HEAD,Head_main,0x09,2,467,0.000,+0.949,+0.002,-0.273,-3.0,-9.0,-1.3,-0.962,-0.032,-0.272,29.0
2025-06-01T15:00:07.800,7.800,468,HEAD,Head_main,0x09,2,468,0.000,+0.949,+0.002,-0.276,-3.2,-9.1,-1.5,-0.962,-0.032,-0.270,29.0
2025-06-01T15:00:07.816,7.817,469,HEAD,Head_main,0x09,2,469,0.000,+0.948,+0.003,-0.280,-4.5,-12.5,-2.1,-0.963,-0.032,-0.267,29.0
2025-06-01T15:00:07.833,7.833,470,HEAD,Head_main,0x09,2,470,0.000,+0.948,+0.004,-0.283,-3.4,-9.7,-1.7,-0.964,-0.032,-0.263,29.0
2025-06-01T15:00:07.850,7.850,471,HEAD,Head_main,0x09,2,471,0.000,+0.948,+0.005,-0.285,-3.6,-10.1,-1.9,-0.965,-0.032,-0.261,29.0
2025-06-01T15:00:07.866,7.867,472,HEAD,Head_main,0x09,2,472,0.000,+0.946,+0.006,-0.288,-5.1,-13.8,-2.6,-0.966,-0.033,-0.257,29.0
2025-06-01T15:00:07.883,7.883,473,HEAD,Head_main,0x09,2,473,0.000,+0.943,+0.006,-0.291,-4.1,-10.5,-2.0,-0.967,-0.033,-0.253,29.0
2025-06-01T15:00:07.900,7.900,474,HEAD,Head_main,0x09,2,474,0.000,+0.941,+0.006,-0.293,-4.6,-10.5,-1.9,-0.967,-0.033,-0.252,29.0
2025-06-01T15:00:07.916,7.917,475,HEAD,Head_main,0x09,2,475,0.000,+0.937,+0.006,-0.295,-6.6,-13.7,-2.4,-0.968,-0.033,-0.248,29.0
2025-06-01T15:00:07.933,7.933,476,HEAD,Head_main,0x09,2,476,0.000,+0.932,+0.007,-0.298,-7.1,-13.2,-2.0,-0.969,-0.034,-0.244,29.0
2025-06-01T15:00:07.950,7.950,477,HEAD,Head_main,0x09,2,477,0.000,+0.928,+0.008,-0.300,-5.5,-9.5,-1.2,-0.970,-0.034,-0.240,29.0
2025-06-01T15:00:07.966,7.967,478,HEAD,Head_main,0x09,2,478,0.000,+0.926,+0.009,-0.300,-5.6,-8.9,-0.9,-0.971,-0.033,-0.239,29.0
2025-06-01T15:00:07.983,7.983,479,HEAD,Head_main,0x09,2,479,0.000,+0.923,+0.011,-0.302,-7.4,-11.1,-0.9,-0.971,-0.033,-0.235,29.0
2025-06-01T15:00:08.000,8.000,480,HEAD,Head_main,0x09,2,480,0.000,+0.920,+0.012,-0.303,-5.6,-7.7,-0.5,-0.972,-0.033,-0.233,29.0
2025-06-01T15:00:08.016,8.017,481,HEAD,Head_main,0x09,2,481,0.000,+0.918,+0.013,-0.304,-5.5,-6.9,-0.3,-0.972,-0.033,-0.231,29.0
2025-06-01T15:00:08.033,8.033,482,HEAD,Head_main,0x09,2,482,0.000,+0.916,+0.013,-0.305,-7.4,-8.3,-0.2,-0.973,-0.032,-0.229,29.0
2025-06-01T15:00:08.050,8.050,483,HEAD,Head_main,0x09,2,483,0.000,+0.915,+0.014,-0.305,-7.4,-7.2,+0.1,-0.973,-0.032,-0.227,29.0
2025-06-01T15:00:08.066,8.067,484,HEAD,Head_main,0x09,2,484,0.000,+0.915,+0.014,-0.306,-5.6,-4.9,+0.2,-0.974,-0.031,-0.225,29.0
2025-06-01T15:00:08.083,8.083,485,HEAD,Head_main,0x09,2,485,0.000,+0.915,+0.014,-0.306,-5.7,-4.3,+0.3,-0.974,-0.031,-0.224,29.0
2025-06-01T15:00:08.100,8.100,486,HEAD,Head_main,0x09,2,486,0.000,+0.915,+0.015,-0.307,-7.7,-5.1,+0.5,-0.974,-0.030,-0.223,29.0
2025-06-01T15:00:08.116,8.117,487,HEAD,Head_main,0x09,2,487,0.000,+0.914,+0.017,-0.307,-7.7,-4.3,+0.7,-0.975,-0.030,-0.221,29.0
2025-06-01T15:00:08.133,8.133,488,HEAD,Head_main,0x09,2,488,0.000,+0.914,+0.018,-0.308,-5.7,-2.8,+0.6,-0.975,-0.029,-0.220,29.0
2025-06-01T15:00:08.150,8.150,489,HEAD,Head_main,0x09,2,489,0.000,+0.914,+0.018,-0.308,-5.6,-2.2,+0.8,-0.975,-0.029,-0.220,29.0
2025-06-01T15:00:08.166,8.167,490,HEAD,Head_main,0x09,2,490,0.000,+0.913,+0.019,-0.308,-7.2,-2.3,+1.3,-0.975,-0.028,-0.219,29.0
2025-06-01T15:00:08.183,8.183,491,HEAD,Head_main,0x09,2,491,0.000,+0.914,+0.021,-0.308,-5.1,-1.3,+1.3,-0.975,-0.027,-0.219,29.0
2025-06-01T15:00:08.200,8.200,492,HEAD,Head_main,0x09,2,492,0.000,+0.914,+0.021,-0.309,-4.6,-0.9,+1.6,-0.975,-0.027,-0.218,29.0
2025-06-01T15:00:08.216,8.217,493,HEAD,Head_main,0x09,2,493,0.000,+0.916,+0.022,-0.309,-5.6,-0.8,+2.5,-0.976,-0.026,-0.218,29.0
2025-06-01T15:00:08.233,8.233,494,HEAD,Head_main,0x09,2,494,0.000,+0.917,+0.022,-0.309,-5.0,-0.5,+2.8,-0.976,-0.024,-0.218,29.0
2025-06-01T15:00:08.250,8.250,495,HEAD,Head_main,0x09,2,495,0.000,+0.919,+0.021,-0.310,-3.5,-0.2,+2.3,-0.976,-0.023,-0.218,29.0
2025-06-01T15:00:08.266,8.267,496,HEAD,Head_main,0x09,2,496,0.000,+0.919,+0.021,-0.310,-3.3,+0.0,+2.4,-0.976,-0.023,-0.218,29.0
2025-06-01T15:00:08.283,8.283,497,HEAD,Head_main,0x09,2,497,0.000,+0.921,+0.019,-0.311,-4.2,+0.2,+3.4,-0.976,-0.021,-0.218,29.0
2025-06-01T15:00:08.300,8.300,498,HEAD,Head_main,0x09,2,498,0.000,+0.923,+0.016,-0.312,-4.3,+0.3,+3.5,-0.976,-0.020,-0.218,29.0
2025-06-01T15:00:08.316,8.317,499,HEAD,Head_main,0x09,2,499,0.000,+0.924,+0.012,-0.312,-3.3,+0.2,+2.6,-0.976,-0.019,-0.218,29.0
2025-06-01T15:00:08.333,8.333,500,HEAD,Head_main,0x09,2,500,0.000,+0.925,+0.011,-0.312,-3.8,+0.3,+2.4,-0.976,-0.018,-0.218,29.0
2025-06-01T15:00:08.350,8.350,501,HEAD,Head_main,0x09,2,501,0.000,+0.925,+0.009,-0.311,-5.6,+0.5,+2.8,-0.976,-0.017,-0.218,29.0
2025-06-01T15:00:08.366,8.367,502,HEAD,Head_main,0x09,2,502,0.000,+0.925,+0.008,-0.310,-6.4,+0.8,+2.3,-0.976,-0.016,-0.219,29.0
2025-06-01T15:00:08.383,8.383,503,HEAD,Head_main,0x09,2,503,0.000,+0.924,+0.008,-0.309,-5.2,+0.8,+1.5,-0.976,-0.015,-0.219,29.0
2025-06-01T15:00:08.400,8.400,504,HEAD,Head_main,0x09,2,504,0.000,+0.923,+0.009,-0.307,-5.6,+1.3,+1.5,-0.976,-0.015,-0.219,29.0
2025-06-01T15:00:08.416,8.417,505,HEAD,Head_main,0x09,2,505,0.000,+0.922,+0.011,-0.305,-7.4,+2.4,+2.1,-0.975,-0.013,-0.220,29.0
2025-06-01T15:00:08.433,8.433,506,HEAD,Head_main,0x09,2,506,0.000,+0.922,+0.016,-0.301,-5.3,+2.4,+1.7,-0.975,-0.012,-0.221,29.0
2025-06-01T15:00:08.450,8.450,507,HEAD,Head_main,0x09,2,507,0.000,+0.923,+0.018,-0.299,-4.4,+3.1,+1.8,-0.975,-0.012,-0.221,29.0
2025-06-01T15:00:08.466,8.467,508,HEAD,Head_main,0x09,2,508,0.000,+0.925,+0.022,-0.295,-4.5,+4.8,+2.4,-0.975,-0.011,-0.222,29.0
2025-06-01T15:00:08.483,8.483,509,HEAD,Head_main,0x09,2,509,0.000,+0.927,+0.026,-0.291,-2.6,+5.8,+2.4,-0.975,-0.010,-0.224,29.0
2025-06-01T15:00:08.500,8.500,510,HEAD,Head_main,0x09,2,510,0.000,+0.931,+0.029,-0.287,-0.7,+4.9,+1.8,-0.974,-0.009,-0.226,29.0
2025-06-01T15:00:08.516,8.517,511,HEAD,Head_main,0x09,2,511,0.000,+0.933,+0.031,-0.286,+1.3,+5.1,+1.9,-0.974,-0.009,-0.227,29.0
2025-06-01T15:00:08.533,8.533,512,HEAD,Head_main,0x09,2,512,0.000,+0.941,+0.033,-0.287,+3.9,+5.9,+2.8,-0.973,-0.008,-0.229,29.0
2025-06-01T15:00:08.550,8.550,513,HEAD,Head_main,0x09,2,513,0.000,+0.952,+0.033,-0.290,+6.7,+3.0,+3.2,-0.973,-0.008,-0.230,29.0
2025-06-01T15:00:08.566,8.567,514,HEAD,Head_main,0x09,2,514,0.000,+0.966,+0.030,-0.297,+6.4,-0.3,+2.6,-0.973,-0.007,-0.230,29.0
2025-06-01T15:00:08.583,8.583,515,HEAD,Head_main,0x09,2,515,0.000,+0.972,+0.028,-0.302,+7.6,-5.4,+2.5,-0.973,-0.007,-0.230,29.0
2025-06-01T15:00:08.600,8.600,516,HEAD,Head_main,0x09,2,516,0.000,+0.984,+0.021,-0.313,+10.3,-13.3,+2.8,-0.974,-0.007,-0.227,29.0
2025-06-01T15:00:08.616,8.617,517,HEAD,Head_main,0x09,2,517,0.000,+0.990,+0.013,-0.327,+9.5,-22.2,+1.8,-0.975,-0.007,-0.222,29.0
2025-06-01T15:00:08.633,8.633,518,HEAD,Head_main,0x09,2,518,0.000,+0.992,+0.004,-0.343,+6.2,-21.8,+0.6,-0.977,-0.007,-0.215,29.0
2025-06-01T15:00:08.650,8.650,519,HEAD,Head_main,0x09,2,519,0.000,+0.991,+0.001,-0.351,+4.5,-28.7,-0.4,-0.978,-0.007,-0.210,29.0
2025-06-01T15:00:08.666,8.667,520,HEAD,Head_main,0x09,2,520,0.000,+0.986,-0.004,-0.369,+4.3,-44.7,-1.7,-0.980,-0.008,-0.198,29.0
2025-06-01T15:00:08.683,8.683,521,HEAD,Head_main,0x09,2,521,0.000,+0.977,-0.006,-0.385,+2.1,-52.9,-3.2,-0.983,-0.009,-0.184,29.0
2025-06-01T15:00:08.700,8.700,522,HEAD,Head_main,0x09,2,522,0.000,+0.966,-0.005,-0.399,+0.5,-44.0,-3.3,-0.986,-0.010,-0.168,29.0
2025-06-01T15:00:08.716,8.717,523,HEAD,Head_main,0x09,2,523,0.000,+0.960,-0.005,-0.406,-0.8,-49.2,-4.4,-0.987,-0.011,-0.159,29.0
2025-06-01T15:00:08.733,8.733,524,HEAD,Head_main,0x09,2,524,0.000,+0.948,-0.003,-0.419,-2.2,-70.5,-6.7,-0.990,-0.012,-0.140,29.0
2025-06-01T15:00:08.750,8.750,525,HEAD,Head_main,0x09,2,525,0.000,+0.936,+0.000,-0.431,-2.3,-56.5,-5.4,-0.993,-0.014,-0.118,29.0
2025-06-01T15:00:08.766,8.767,526,HEAD,Head_main,0x09,2,526,0.000,+0.931,+0.003,-0.437,-2.5,-61.5,-5.5,-0.994,-0.015,-0.107,29.0
2025-06-01T15:00:08.783,8.783,527,HEAD,Head_main,0x09,2,527,0.000,+0.923,+0.009,-0.450,-3.1,-87.8,-6.8,-0.996,-0.017,-0.083,29.0
2025-06-01T15:00:08.800,8.800,528,HEAD,Head_main,0x09,2,528,0.000,+0.917,+0.015,-0.463,-2.0,-70.5,-4.6,-0.998,-0.019,-0.056,29.0
2025-06-01T15:00:08.816,8.817,529,HEAD,Head_main,0x09,2,529,0.000,+0.913,+0.017,-0.470,-1.4,-77.2,-3.7,-0.999,-0.020,-0.042,29.0
2025-06-01T15:00:08.833,8.833,530,HEAD,Head_main,0x09,2,530,0.000,+0.903,+0.019,-0.487,-1.6,-109.7,-3.9,-1.000,-0.021,-0.011,29.0
2025-06-01T15:00:08.850,8.850,531,HEAD,Head_main,0x09,2,531,0.000,+0.886,+0.018,-0.505,-1.4,-117.9,-2.7,-1.000,-0.022,+0.022,29.0
2025-06-01T15:00:08.866,8.867,532,HEAD,Head_main,0x09,2,532,0.000,+0.863,+0.017,-0.527,-1.1,-92.4,-1.4,-0.998,-0.023,+0.057,29.0
2025-06-01T15:00:08.883,8.883,533,HEAD,Head_main,0x09,2,533,0.000,+0.849,+0.016,-0.538,-1.1,-96.2,-0.5,-0.997,-0.023,+0.076,29.0
2025-06-01T15:00:08.900,8.900,534,HEAD,Head_main,0x09,2,534,0.000,+0.818,+0.015,-0.562,-1.6,-130.4,+0.1,-0.993,-0.023,+0.113,29.0
2025-06-01T15:00:08.916,8.917,535,HEAD,Head_main,0x09,2,535,0.000,+0.783,+0.013,-0.586,-1.3,-98.7,+0.5,-0.988,-0.023,+0.151,29.0
2025-06-01T15:00:08.933,8.933,536,HEAD,Head_main,0x09,2,536,0.000,+0.765,+0.013,-0.599,-1.4,-98.4,+1.1,-0.985,-0.023,+0.170,29.0
2025-06-01T15:00:08.950,8.950,537,HEAD,Head_main,0x09,2,537,0.000,+0.730,+0.013,-0.623,-1.9,-129.9,+2.0,-0.978,-0.023,+0.207,29.0
2025-06-01T15:00:08.966,8.967,538,HEAD,Head_main,0x09,2,538,0.000,+0.698,+0.015,-0.648,-1.8,-127.8,+2.7,-0.970,-0.022,+0.244,29.0
2025-06-01T15:00:08.983,8.983,539,HEAD,Head_main,0x09,2,539,0.000,+0.671,+0.016,-0.673,-1.2,-94.7,+2.5,-0.960,-0.021,+0.279,29.0
2025-06-01T15:00:09.000,9.000,540,HEAD,Head_main,0x09,2,540,0.000,+0.659,+0.016,-0.685,-1.2,-93.6,+3.0,-0.955,-0.021,+0.297,29.0
2025-06-01T15:00:09.016,9.017,541,HEAD,Head_main,0x09,2,541,0.000,+0.637,+0.015,-0.709,-1.9,-124.1,+4.3,-0.943,-0.020,+0.331,29.0
2025-06-01T15:00:09.033,9.033,542,HEAD,Head_main,0x09,2,542,0.000,+0.615,+0.014,-0.732,-2.8,-123.4,+4.3,-0.931,-0.019,+0.365,29.0
2025-06-01T15:00:09.050,9.050,543,HEAD,Head_main,0x09,2,543,0.000,+0.590,+0.012,-0.752,-2.9,-92.2,+2.9,-0.917,-0.018,+0.398,29.0
2025-06-01T15:00:09.066,9.067,544,HEAD,Head_main,0x09,2,544,0.000,+0.577,+0.011,-0.762,-4.6,-91.1,+2.1,-0.910,-0.018,+0.414,29.0
2025-06-01T15:00:09.083,9.083,545,HEAD,Head_main,0x09,2,545,0.000,+0.545,+0.010,-0.779,-8.1,-119.2,+1.7,-0.895,-0.018,+0.446,29.0
2025-06-01T15:00:09.100,9.100,546,HEAD,Head_main,0x09,2,546,0.000,+0.508,+0.011,-0.796,-7.5,-87.1,+0.2,-0.879,-0.019,+0.476,29.0
2025-06-01T15:00:09.116,9.117,547,HEAD,Head_main,0x09,2,547,0.000,+0.489,+0.013,-0.803,-8.8,-82.5,-1.0,-0.871,-0.020,+0.491,29.0
2025-06-01T15:00:09.133,9.133,548,HEAD,Head_main,0x09,2,548,0.000,+0.449,+0.018,-0.818,-12.4,-104.1,-2.7,-0.855,-0.022,+0.518,29.0
2025-06-01T15:00:09.150,9.150,549,HEAD,Head_main,0x09,2,549,0.000,+0.410,+0.021,-0.830,-12.5,-94.9,-4.2,-0.840,-0.025,+0.542,29.0
2025-06-01T15:00:09.166,9.167,550,HEAD,Head_main,0x09,2,550,0.000,+0.372,+0.015,-0.842,-9.1,-65.2,-4.0,-0.825,-0.028,+0.564,29.0
2025-06-01T15:00:09.183,9.183,551,HEAD,Head_main,0x09,2,551,0.000,+0.355,+0.007,-0.848,-8.0,-56.2,-4.6,-0.819,-0.030,+0.574,29.0
2025-06-01T15:00:09.200,9.200,552,HEAD,Head_main,0x09,2,552,0.000,+0.325,-0.022,-0.862,-8.9,-65.7,-6.5,-0.806,-0.033,+0.590,29.0
2025-06-01T15:00:09.216,9.217,553,HEAD,Head_main,0x09,2,553,0.000,+0.304,-0.072,-0.879,-5.8,-53.9,-6.2,-0.796,-0.036,+0.604,29.0
2025-06-01T15:00:09.233,9.233,554,HEAD,Head_main,0x09,2,554,0.000,+0.292,-0.147,-0.899,-2.6,-34.4,-4.0,-0.787,-0.038,+0.615,29.0
2025-06-01T15:00:09.250,9.250,555,HEAD,Head_main,0x09,2,555,0.000,+0.289,-0.193,-0.910,-1.6,-27.8,-2.2,-0.784,-0.039,+0.620,29.0
2025-06-01T15:00:09.266,9.267,556,HEAD,Head_main,0x09,2,556,0.000,+0.288,-0.295,-0.931,-3.6,-32.0,-0.5,-0.777,-0.040,+0.628,29.0
2025-06-01T15:00:09.283,9.283,557,HEAD,Head_main,0x09,2,557,0.000,+0.291,-0.393,-0.949,-4.7,-20.7,+1.4,-0.772,-0.041,+0.634,29.0
2025-06-01T15:00:09.300,9.300,558,HEAD,Head_main,0x09,2,558,0.000,+0.292,-0.434,-0.957,-8.8,-17.3,+3.4,-0.770,-0.041,+0.637,29.0
2025-06-01T15:00:09.316,9.317,559,HEAD,Head_main,0x09,2,559,0.000,+0.292,-0.495,-0.970,-16.2,-20.6,+5.7,-0.766,-0.042,+0.642,29.0
2025-06-01T15:00:09.333,9.333,560,HEAD,Head_main,0x09,2,560,0.000,+0.292,-0.525,-0.980,-22.4,-18.2,+6.6,-0.762,-0.044,+0.646,29.0
2025-06-01T15:00:09.350,9.350,561,HEAD,Head_main,0x09,2,561,0.000,+0.293,-0.517,-0.989,-20.4,-13.0,+5.4,-0.759,-0.048,+0.649,29.0
2025-06-01T15:00:09.366,9.367,562,HEAD,Head_main,0x09,2,562,0.000,+0.295,-0.496,-0.992,-24.9,-13.4,+6.1,-0.757,-0.050,+0.651,29.0
2025-06-01T15:00:09.383,9.383,563,HEAD,Head_main,0x09,2,563,0.000,+0.297,-0.416,-0.995,-36.1,-19.2,+8.7,-0.754,-0.055,+0.655,29.0
2025-06-01T15:00:09.400,9.400,564,HEAD,Head_main,0x09,2,564,0.000,+0.297,-0.286,-0.995,-37.7,-21.3,+9.0,-0.750,-0.060,+0.658,29.0
2025-06-01T15:00:09.416,9.417,565,HEAD,Head_main,0x09,2,565,0.000,+0.292,-0.119,-0.993,-28.0,-17.1,+6.6,-0.746,-0.065,+0.663,29.0
2025-06-01T15:00:09.433,9.433,566,HEAD,Head_main,0x09,2,566,0.000,+0.287,-0.026,-0.992,-26.2,-17.7,+6.3,-0.744,-0.068,+0.665,29.0
2025-06-01T15:00:09.450,9.450,567,HEAD,Head_main,0x09,2,567,0.000,+0.276,+0.171,-0.988,-32.3,-23.2,+7.8,-0.740,-0.073,+0.669,29.0
2025-06-01T15:00:09.466,9.467,568,HEAD,Head_main,0x09,2,568,0.000,+0.264,+0.370,-0.983,-28.5,-21.7,+7.2,-0.735,-0.077,+0.673,29.0
2025-06-01T15:00:09.483,9.483,569,HEAD,Head_main,0x09,2,569,0.000,+0.253,+0.560,-0.975,-19.4,-14.9,+5.2,-0.731,-0.081,+0.677,29.0
2025-06-01T15:00:09.500,9.500,570,HEAD,Head_main,0x09,2,570,0.000,+0.248,+0.651,-0.969,-18.4,-12.4,+5.5,-0.730,-0.082,+0.679,29.0
2025-06-01T15:00:09.516,9.517,571,HEAD,Head_main,0x09,2,571,0.000,+0.244,+0.823,-0.952,-25.9,-13.7,+8.2,-0.727,-0.086,+0.682,29.0
2025-06-01T15:00:09.533,9.533,572,HEAD,Head_main,0x09,2,572,0.000,+0.247,+0.992,-0.925,-21.5,-8.2,+7.0,-0.725,-0.089,+0.683,29.0
2025-06-01T15:00:09.550,9.550,573,HEAD,Head_main,0x09,2,573,0.000,+0.251,+1.078,-0.907,-25.6,-5.6,+8.4,-0.724,-0.091,+0.684,29.0
2025-06-01T15:00:09.566,9.567,574,HEAD,Head_main,0x09,2,574,0.000,+0.265,+1.253,-0.864,-37.6,-5.4,+11.7,-0.723,-0.096,+0.684,29.0
2025-06-01T15:00:09.583,9.583,575,HEAD,Head_main,0x09,2,575,0.000,+0.286,+1.422,-0.816,-40.1,-3.6,+11.3,-0.722,-0.101,+0.684,29.0
2025-06-01T15:00:09.600,9.600,576,HEAD,Head_main,0x09,2,576,0.000,+0.312,+1.567,-0.770,-29.9,-2.3,+7.7,-0.722,-0.107,+0.684,29.0
2025-06-01T15:00:09.616,9.617,577,HEAD,Head_main,0x09,2,577,0.000,+0.326,+1.626,-0.749,-25.7,-3.3,+6.1,-0.722,-0.110,+0.683,29.0
2025-06-01T15:00:09.633,9.633,578,HEAD,Head_main,0x09,2,578,0.000,+0.354,+1.705,-0.719,-24.0,-6.5,+6.0,-0.721,-0.115,+0.683,29.0
2025-06-01T15:00:09.650,9.650,579,HEAD,Head_main,0x09,2,579,0.000,+0.376,+1.705,-0.707,-3.5,-10.0,+2.5,-0.720,-0.117,+0.684,29.0
2025-06-01T15:00:09.666,9.667,580,HEAD,Head_main,0x09,2,580,0.000,+0.386,+1.593,-0.715,+11.5,-9.7,-0.3,-0.717,-0.115,+0.687,29.0
2025-06-01T15:00:09.683,9.683,581,HEAD,Head_main,0x09,2,581,0.000,+0.386,+1.490,-0.725,+29.9,-12.4,-3.3,-0.716,-0.112,+0.689,29.0
2025-06-01T15:00:09.700,9.700,582,HEAD,Head_main,0x09,2,582,0.000,+0.376,+1.200,-0.755,+53.4,-18.7,-6.5,-0.712,-0.104,+0.694,29.0
2025-06-01T15:00:09.716,9.717,583,HEAD,Head_main,0x09,2,583,0.000,+0.355,+0.832,-0.794,+47.6,-15.3,-6.1,-0.708,-0.094,+0.700,29.0
2025-06-01T15:00:09.733,9.733,584,HEAD,Head_main,0x09,2,584,0.000,+0.340,+0.634,-0.814,+52.2,-16.1,-7.5,-0.706,-0.088,+0.703,29.0
2025-06-01T15:00:09.750,9.750,585,HEAD,Head_main,0x09,2,585,0.000,+0.305,+0.229,-0.856,+69.7,-21.0,-11.1,-0.701,-0.075,+0.709,29.0
2025-06-01T15:00:09.766,9.767,586,HEAD,Head_main,0x09,2,586,0.000,+0.267,-0.158,-0.894,+50.5,-15.0,-9.0,-0.696,-0.063,+0.715,29.0
2025-06-01T15:00:09.783,9.783,587,HEAD,Head_main,0x09,2,587,0.000,+0.248,-0.337,-0.911,+44.3,-13.4,-9.8,-0.694,-0.058,+0.717,29.0
2025-06-01T15:00:09.800,9.800,588,HEAD,Head_main,0x09,2,588,0.000,+0.214,-0.647,-0.937,+49.8,-15.8,-13.0,-0.690,-0.049,+0.722,29.0
2025-06-01T15:00:09.816,9.817,589,HEAD,Head_main,0x09,2,589,0.000,+0.188,-0.881,-0.951,+35.5,-13.4,-12.7,-0.687,-0.042,+0.725,29.0
2025-06-01T15:00:09.833,9.833,590,HEAD,Head_main,0x09,2,590,0.000,+0.170,-1.027,-0.955,+18.1,-8.7,-9.3,-0.685,-0.039,+0.728,29.0
2025-06-01T15:00:09.850,9.850,591,HEAD,Head_main,0x09,2,591,0.000,+0.164,-1.068,-0.954,+7.9,-7.0,-9.3,-0.683,-0.038,+0.729,29.0
2025-06-01T15:00:09.866,9.867,592,HEAD,Head_main,0x09,2,592,0.000,+0.158,-1.090,-0.949,+3.4,-7.7,-12.7,-0.681,-0.039,+0.731,29.0
2025-06-01T15:00:09.883,9.883,593,HEAD,Head_main,0x09,2,593,0.000,+0.157,-1.054,-0.946,-1.0,-4.5,-9.8,-0.680,-0.042,+0.732,29.0
2025-06-01T15:00:09.900,9.900,594,HEAD,Head_main,0x09,2,594,0.000,+0.158,-1.024,-0.946,-0.4,-2.9,-10.2,-0.679,-0.043,+0.733,29.0
2025-06-01T15:00:09.916,9.917,595,HEAD,Head_main,0x09,2,595,0.000,+0.164,-0.962,-0.952,+4.8,-2.2,-13.5,-0.678,-0.046,+0.733,29.0
2025-06-01T15:00:09.933,9.933,596,HEAD,Head_main,0x09,2,596,0.000,+0.172,-0.926,-0.963,+13.2,-0.2,-12.6,-0.678,-0.047,+0.734,29.0
2025-06-01T15:00:09.950,9.950,597,HEAD,Head_main,0x09,2,597,0.000,+0.182,-0.927,-0.975,+13.5,+0.7,-8.4,-0.678,-0.045,+0.734,29.0
2025-06-01T15:00:09.966,9.967,598,HEAD,Head_main,0x09,2,598,0.000,+0.188,-0.936,-0.980,+14.6,+1.4,-6.2,-0.678,-0.044,+0.734,29.0
2025-06-01T15:00:09.983,9.983,599,HEAD,Head_main,0x09,2,599,0.000,+0.199,-0.957,-0.989,+20.3,+2.9,-6.1,-0.678,-0.042,+0.734,29.0
2025-06-01T15:00:10.000,10.000,600,HEAD,Head_main,0x09,2,600,0.000,+0.209,-0.990,-1.000,+22.7,+4.8,-3.4,-0.679,-0.038,+0.733,29.0
2025-06-01T15:00:10.016,10.017,601,HEAD,Head_main,0x09,2,601,0.000,+0.219,-1.059,-1.012,+17.8,+4.6,-0.9,-0.680,-0.033,+0.732,29.0
2025-06-01T15:00:10.033,10.033,602,HEAD,Head_main,0x09,2,602,0.000,+0.224,-1.106,-1.018,+11.7,+4.9,+2.6,-0.681,-0.031,+0.732,29.0
2025-06-01T15:00:10.050,10.050,603,HEAD,Head_main,0x09,2,603,0.000,+0.236,-1.188,-1.030,+1.3,+5.3,+7.8,-0.682,-0.027,+0.731,29.0
2025-06-01T15:00:10.066,10.067,604,HEAD,Head_main,0x09,2,604,0.000,+0.244,-1.199,-1.036,-11.5,+2.7,+9.0,-0.683,-0.027,+0.730,29.0
2025-06-01T15:00:10.083,10.083,605,HEAD,Head_main,0x09,2,605,0.000,+0.246,-1.164,-1.036,-27.5,+0.9,+12.0,-0.684,-0.029,+0.729,29.0
2025-06-01T15:00:10.100,10.100,606,HEAD,Head_main,0x09,2,606,0.000,+0.247,-1.009,-1.029,-49.2,-0.2,+17.4,-0.684,-0.034,+0.729,29.0
2025-06-01T15:00:10.116,10.117,607,HEAD,Head_main,0x09,2,607,0.000,+0.247,-0.740,-1.013,-61.7,-1.9,+18.2,-0.684,-0.042,+0.728,29.0
2025-06-01T15:00:10.133,10.133,608,HEAD,Head_main,0x09,2,608,0.000,+0.249,-0.369,-0.989,-50.3,-2.3,+13.7,-0.684,-0.053,+0.728,29.0
2025-06-01T15:00:10.150,10.150,609,HEAD,Head_main,0x09,2,609,0.000,+0.251,-0.152,-0.975,-49.7,-3.9,+13.4,-0.683,-0.058,+0.728,29.0
2025-06-01T15:00:10.166,10.167,610,HEAD,Head_main,0x09,2,610,0.000,+0.258,+0.318,-0.944,-59.9,-6.7,+17.3,-0.682,-0.069,+0.728,29.0
2025-06-01T15:00:10.183,10.183,611,HEAD,Head_main,0x09,2,611,0.000,+0.266,+0.801,-0.911,-38.3,-6.1,+12.2,-0.681,-0.077,+0.728,29.0
2025-06-01T15:00:10.200,10.200,612,HEAD,Head_main,0x09,2,612,0.000,+0.270,+1.034,-0.895,-26.3,-7.3,+10.4,-0.680,-0.080,+0.728,29.0
2025-06-01T15:00:10.216,10.217,613,HEAD,Head_main,0x09,2,613,0.000,+0.278,+1.458,-0.865,-20.9,-10.2,+11.0,-0.679,-0.084,+0.730,29.0
2025-06-01T15:00:10.233,10.233,614,HEAD,Head_main,0x09,2,614,0.000,+0.284,+1.791,-0.841,+0.9,-9.9,+6.1,-0.677,-0.084,+0.732,29.0
2025-06-01T15:00:10.250,10.250,615,HEAD,Head_main,0x09,2,615,0.000,+0.289,+1.989,-0.827,+14.5,-6.7,+1.5,-0.675,-0.081,+0.734,29.0
2025-06-01T15:00:10.266,10.267,616,HEAD,Head_main,0x09,2,616,0.000,+0.291,+2.023,-0.825,+33.5,-5.3,-2.3,-0.674,-0.078,+0.735,29.0
2025-06-01T15:00:10.283,10.283,617,HEAD,Head_main,0x09,2,617,0.000,+0.297,+1.946,-0.833,+57.4,-6.3,-4.9,-0.672,-0.068,+0.737,29.0
2025-06-01T15:00:10.300,10.300,618,HEAD,Head_main,0x09,2,618,0.000,+0.304,+1.701,-0.851,+48.1,-4.8,-4.0,-0.671,-0.055,+0.740,29.0
2025-06-01T15:00:10.316,10.317,619,HEAD,Head_main,0x09,2,619,0.000,+0.307,+1.537,-0.864,+44.7,-6.2,-2.9,-0.670,-0.049,+0.741,29.0
2025-06-01T15:00:10.333,10.333,620,HEAD,Head_main,0x09,2,620,0.000,+0.307,+1.174,-0.891,+52.4,-9.9,-2.6,-0.668,-0.037,+0.743,29.0
2025-06-01T15:00:10.350,10.350,621,HEAD,Head_main,0x09,2,621,0.000,+0.299,+0.806,-0.918,+43.5,-11.6,-1.8,-0.666,-0.027,+0.746,29.0
2025-06-01T15:00:10.366,10.367,622,HEAD,Head_main,0x09,2,622,0.000,+0.287,+0.451,-0.944,+28.3,-9.5,-1.2,-0.663,-0.019,+0.748,29.0
2025-06-01T15:00:10.383,10.383,623,HEAD,Head_main,0x09,2,623,0.000,+0.280,+0.285,-0.956,+22.7,-10.6,-1.0,-0.662,-0.015,+0.750,29.0
2025-06-01T15:00:10.400,10.400,624,HEAD,Head_main,0x09,2,624,0.000,+0.267,-0.013,-0.976,+25.1,-15.4,-0.7,-0.658,-0.009,+0.753,29.0
2025-06-01T15:00:10.416,10.417,625,HEAD,Head_main,0x09,2,625,0.000,+0.254,-0.257,-0.992,+19.0,-17.0,+0.4,-0.655,-0.004,+0.756,29.0
2025-06-01T15:00:10.433,10.433,626,HEAD,Head_main,0x09,2,626,0.000,+0.240,-0.450,-1.002,+10.7,-13.5,+0.8,-0.651,-0.001,+0.759,29.0
2025-06-01T15:00:10.450,10.450,627,HEAD,Head_main,0x09,2,627,0.000,+0.232,-0.528,-1.005,+4.0,-14.0,+0.9,-0.649,+0.001,+0.761,29.0
2025-06-01T15:00:10.466,10.467,628,HEAD,Head_main,0x09,2,628,0.000,+0.215,-0.643,-1.007,-4.1,-18.5,+0.4,-0.645,+0.002,+0.764,29.0
2025-06-01T15:00:10.483,10.483,629,HEAD,Head_main,0x09,2,629,0.000,+0.197,-0.690,-1.003,-18.0,-17.5,-1.5,-0.641,-0.001,+0.768,29.0
2025-06-01T15:00:10.500,10.500,630,HEAD,Head_main,0x09,2,630,0.000,+0.179,-0.661,-0.996,-21.2,-12.2,-2.5,-0.637,-0.007,+0.771,29.0
2025-06-01T15:00:10.516,10.517,631,HEAD,Head_main,0x09,2,631,0.000,+0.172,-0.619,-0.992,-28.7,-10.6,-3.8,-0.635,-0.011,+0.772,29.0
2025-06-01T15:00:10.533,10.533,632,HEAD,Head_main,0x09,2,632,0.000,+0.160,-0.490,-0.985,-41.2,-12.9,-5.4,-0.632,-0.021,+0.775,29.0
2025-06-01T15:00:10.550,10.550,633,HEAD,Head_main,0x09,2,633,0.000,+0.155,-0.331,-0.980,-31.0,-9.0,-3.8,-0.629,-0.032,+0.776,29.0
2025-06-01T15:00:10.566,10.567,634,HEAD,Head_main,0x09,2,634,0.000,+0.154,-0.250,-0.979,-27.4,-8.9,-2.5,-0.628,-0.037,+0.777,29.0
2025-06-01T15:00:10.583,10.583,635,HEAD,Head_main,0x09,2,635,0.000,+0.156,-0.098,-0.978,-31.4,-12.8,-1.7,-0.625,-0.045,+0.779,29.0
2025-06-01T15:00:10.600,10.600,636,HEAD,Head_main,0x09,2,636,0.000,+0.159,+0.028,-0.979,-24.0,-14.6,-0.1,-0.622,-0.052,+0.781,29.0
2025-06-01T15:00:10.616,10.617,637,HEAD,Head_main,0x09,2,637,0.000,+0.158,+0.127,-0.982,-13.7,-11.9,+0.5,-0.619,-0.056,+0.784,29.0
2025-06-01T15:00:10.633,10.633,638,HEAD,Head_main,0x09,2,638,0.000,+0.156,+0.166,-0.984,-8.2,-12.7,+0.5,-0.617,-0.058,+0.785,29.0
2025-06-01T15:00:10.650,10.650,639,HEAD,Head_main,0x09,2,639,0.000,+0.149,+0.223,-0.989,-5.8,-16.8,+0.2,-0.613,-0.060,+0.788,29.0
2025-06-01T15:00:10.666,10.667,640,HEAD,Head_main,0x09,2,640,0.000,+0.137,+0.252,-0.993,-0.7,-12.1,-0.2,-0.609,-0.060,+0.791,29.0
2025-06-01T15:00:10.683,10.683,641,HEAD,Head_main,0x09,2,641,0.000,+0.130,+0.256,-0.995,+3.3,-10.3,-0.8,-0.607,-0.060,+0.792,29.0
2025-06-01T15:00:10.700,10.700,642,HEAD,Head_main,0x09,2,642,0.000,+0.116,+0.242,-0.997,+6.9,-11.0,-1.7,-0.604,-0.059,+0.795,29.0
2025-06-01T15:00:10.716,10.717,643,HEAD,Head_main,0x09,2,643,0.000,+0.102,+0.204,-0.997,+7.9,-6.9,-2.7,-0.602,-0.058,+0.796,29.0
2025-06-01T15:00:10.733,10.733,644,HEAD,Head_main,0x09,2,644,0.000,+0.089,+0.155,-0.994,+4.9,-2.6,-2.7,-0.601,-0.056,+0.797,29.0
2025-06-01T15:00:10.750,10.750,645,HEAD,Head_main,0x09,2,645,0.000,+0.083,+0.133,-0.991,+1.7,+1.0,-3.4,-0.601,-0.056,+0.797,29.0
2025-06-01T15:00:10.766,10.767,646,HEAD,Head_main,0x09,2,646,0.000,+0.074,+0.107,-0.983,-0.4,+5.1,-5.0,-0.601,-0.057,+0.797,29.0
2025-06-01T15:00:10.783,10.783,647,HEAD,Head_main,0x09,2,647,0.000,+0.070,+0.105,-0.975,-1.4,+6.5,-3.8,-0.603,-0.058,+0.796,29.0
2025-06-01T15:00:10.800,10.800,648,HEAD,Head_main,0x09,2,648,0.000,+0.070,+0.109,-0.971,-0.2,+9.6,-3.0,-0.604,-0.059,+0.795,29.0
2025-06-01T15:00:10.816,10.817,649,HEAD,Head_main,0x09,2,649,0.000,+0.077,+0.117,-0.964,+2.8,+14.8,-2.7,-0.607,-0.059,+0.792,29.0
2025-06-01T15:00:10.833,10.833,650,HEAD,Head_main,0x09,2,650,0.000,+0.091,+0.113,-0.959,+6.9,+16.0,-0.8,-0.611,-0.058,+0.790,29.0
2025-06-01T15:00:10.850,10.850,651,HEAD,Head_main,0x09,2,651,0.000,+0.108,+0.098,-0.955,+6.9,+12.0,+0.3,-0.615,-0.056,+0.787,29.0
2025-06-01T15:00:10.866,10.867,652,HEAD,Head_main,0x09,2,652,0.000,+0.117,+0.087,-0.953,+7.7,+11.2,+0.8,-0.616,-0.055,+0.785,29.0
2025-06-01T15:00:10.883,10.883,653,HEAD,Head_main,0x09,2,653,0.000,+0.132,+0.066,-0.950,+9.7,+13.7,+0.8,-0.620,-0.053,+0.783,29.0
2025-06-01T15:00:10.900,10.900,654,HEAD,Head_main,0x09,2,654,0.000,+0.144,+0.050,-0.948,+8.4,+12.0,+0.2,-0.623,-0.050,+0.781,29.0
2025-06-01T15:00:10.916,10.917,655,HEAD,Head_main,0x09,2,655,0.000,+0.154,+0.044,-0.947,+5.6,+8.0,-0.2,-0.625,-0.049,+0.779,29.0
2025-06-01T15:00:10.933,10.933,656,HEAD,Head_main,0x09,2,656,0.000,+0.158,+0.045,-0.948,+5.3,+6.4,-0.6,-0.626,-0.048,+0.778,29.0
2025-06-01T15:00:10.950,10.950,657,HEAD,Head_main,0x09,2,657,0.000,+0.165,+0.051,-0.949,+7.3,+6.7,-1.2,-0.628,-0.047,+0.777,29.0
2025-06-01T15:00:10.966,10.967,658,HEAD,Head_main,0x09,2,658,0.000,+0.169,+0.058,-0.950,+5.8,+3.6,-1.3,-0.629,-0.045,+0.776,29.0
2025-06-01T15:00:10.983,10.983,659,HEAD,Head_main,0x09,2,659,0.000,+0.171,+0.061,-0.951,+6.0,+1.7,-1.9,-0.630,-0.044,+0.776,29.0
2025-06-01T15:00:11.000,11.000,660,HEAD,Head_main,0x09,2,660,0.000,+0.171,+0.064,-0.952,+7.5,+0.6,-3.1,-0.630,-0.043,+0.775,29.0
2025-06-01T15:00:11.016,11.017,661,HEAD,Head_main,0x09,2,661,0.000,+0.168,+0.062,-0.953,+6.0,-1.1,-3.9,-0.630,-0.042,+0.776,29.0
2025-06-01T15:00:11.033,11.033,662,HEAD,Head_main,0x09,2,662,0.000,+0.163,+0.058,-0.953,+3.3,-1.5,-3.5,-0.629,-0.042,+0.776,29.0
2025-06-01T15:00:11.050,11.050,663,HEAD,Head_main,0x09,2,663,0.000,+0.160,+0.056,-0.953,+1.2,-1.8,-4.1,-0.629,-0.042,+0.776,29.0
2025-06-01T15:00:11.066,11.067,664,HEAD,Head_main,0x09,2,664,0.000,+0.152,+0.052,-0.953,-0.8,-2.1,-6.0,-0.629,-0.043,+0.777,29.0
2025-06-01T15:00:11.083,11.083,665,HEAD,Head_main,0x09,2,665,0.000,+0.145,+0.048,-0.953,-4.3,-1.3,-6.3,-0.628,-0.045,+0.777,29.0
2025-06-01T15:00:11.100,11.100,666,HEAD,Head_main,0x09,2,666,0.000,+0.139,+0.045,-0.952,-5.3,-0.4,-4.5,-0.628,-0.047,+0.777,29.0
2025-06-01T15:00:11.116,11.117,667,HEAD,Head_main,0x09,2,667,0.000,+0.137,+0.043,-0.952,-8.2,+0.4,-3.7,-0.628,-0.049,+0.777,29.0
2025-06-01T15:00:11.133,11.133,668,HEAD,Head_main,0x09,2,668,0.000,+0.134,+0.042,-0.952,-13.9,+1.4,-3.6,-0.628,-0.052,+0.777,29.0
2025-06-01T15:00:11.150,11.150,669,HEAD,Head_main,0x09,2,669,0.000,+0.133,+0.045,-0.952,-17.6,+2.6,-1.3,-0.628,-0.056,+0.776,29.0
2025-06-01T15:00:11.166,11.167,670,HEAD,Head_main,0x09,2,670,0.000,+0.133,+0.050,-0.953,-15.1,+2.6,+0.6,-0.629,-0.061,+0.775,29.0
2025-06-01T15:00:11.183,11.183,671,HEAD,Head_main,0x09,2,671,0.000,+0.134,+0.055,-0.953,-17.2,+3.6,+3.0,-0.629,-0.063,+0.774,29.0
2025-06-01T15:00:11.200,11.200,672,HEAD,Head_main,0x09,2,672,0.000,+0.135,+0.064,-0.955,-24.5,+6.3,+6.3,-0.631,-0.067,+0.773,29.0
2025-06-01T15:00:11.216,11.217,673,HEAD,Head_main,0x09,2,673,0.000,+0.136,+0.072,-0.956,-19.3,+6.1,+6.4,-0.633,-0.071,+0.771,29.0
2025-06-01T15:00:11.233,11.233,674,HEAD,Head_main,0x09,2,674,0.000,+0.136,+0.074,-0.957,-20.0,+8.9,+8.3,-0.634,-0.074,+0.770,29.0
2025-06-01T15:00:11.250,11.250,675,HEAD,Head_main,0x09,2,675,0.000,+0.136,+0.072,-0.957,-26.9,+15.9,+12.5,-0.637,-0.077,+0.767,29.0
2025-06-01T15:00:11.266,11.267,676,HEAD,Head_main,0x09,2,676,0.000,+0.137,+0.060,-0.958,-20.1,+15.5,+10.5,-0.641,-0.081,+0.763,29.0
2025-06-01T15:00:11.283,11.283,677,HEAD,Head_main,0x09,2,677,0.000,+0.139,+0.050,-0.958,-19.2,+21.2,+11.5,-0.644,-0.082,+0.760,29.0
2025-06-01T15:00:11.300,11.300,678,HEAD,Head_main,0x09,2,678,0.000,+0.145,+0.016,-0.958,-24.1,+34.8,+16.3,-0.651,-0.085,+0.754,29.0
2025-06-01T15:00:11.316,11.317,679,HEAD,Head_main,0x09,2,679,0.000,+0.157,-0.037,-0.959,-22.1,+43.8,+17.2,-0.660,-0.087,+0.746,29.0
2025-06-01T15:00:11.333,11.333,680,HEAD,Head_main,0x09,2,680,0.000,+0.175,-0.109,-0.962,-15.6,+37.9,+13.5,-0.671,-0.088,+0.736,29.0
2025-06-01T15:00:11.350,11.350,681,HEAD,Head_main,0x09,2,681,0.000,+0.187,-0.151,-0.964,-14.6,+44.1,+14.0,-0.677,-0.088,+0.730,29.0
2025-06-01T15:00:11.366,11.367,682,HEAD,Head_main,0x09,2,682,0.000,+0.216,-0.239,-0.969,-19.2,+63.7,+19.6,-0.691,-0.089,+0.718,29.0
2025-06-01T15:00:11.383,11.383,683,HEAD,Head_main,0x09,2,683,0.000,+0.255,-0.324,-0.975,-19.6,+68.2,+20.8,-0.705,-0.088,+0.704,29.0
2025-06-01T15:00:11.400,11.400,684,HEAD,Head_main,0x09,2,684,0.000,+0.301,-0.394,-0.981,-15.7,+52.5,+16.4,-0.720,-0.088,+0.689,29.0
2025-06-01T15:00:11.416,11.417,685,HEAD,Head_main,0x09,2,685,0.000,+0.325,-0.419,-0.983,-17.9,+52.0,+16.9,-0.727,-0.088,+0.681,29.0
2025-06-01T15:00:11.433,11.433,686,HEAD,Head_main,0x09,2,686,0.000,+0.374,-0.440,-0.987,-27.0,+67.2,+22.9,-0.741,-0.088,+0.666,29.0
2025-06-01T15:00:11.450,11.450,687,HEAD,Head_main,0x09,2,687,0.000,+0.419,-0.414,-0.989,-31.0,+63.3,+22.5,-0.754,-0.088,+0.651,29.0
2025-06-01T15:00:11.466,11.467,688,HEAD,Head_main,0x09,2,688,0.000,+0.456,-0.335,-0.986,-25.3,+44.9,+16.5,-0.766,-0.090,+0.636,29.0
2025-06-01T15:00:11.483,11.483,689,HEAD,Head_main,0x09,2,689,0.000,+0.472,-0.276,-0.983,-27.4,+41.1,+15.6,-0.772,-0.091,+0.630,29.0
2025-06-01T15:00:11.500,11.500,690,HEAD,Head_main,0x09,2,690,0.000,+0.500,-0.119,-0.970,-37.8,+51.2,+20.7,-0.782,-0.093,+0.616,29.0
2025-06-01T15:00:11.516,11.517,691,HEAD,Head_main,0x09,2,691,0.000,+0.523,+0.083,-0.948,-28.7,+35.7,+15.7,-0.791,-0.095,+0.604,29.0
2025-06-01T15:00:11.533,11.533,692,HEAD,Head_main,0x09,2,692,0.000,+0.534,+0.199,-0.933,-27.5,+32.2,+16.2,-0.795,-0.096,+0.599,29.0
2025-06-01T15:00:11.550,11.550,693,HEAD,Head_main,0x09,2,693,0.000,+0.554,+0.447,-0.895,-34.6,+39.9,+22.9,-0.803,-0.097,+0.588,29.0
2025-06-01T15:00:11.566,11.567,694,HEAD,Head_main,0x09,2,694,0.000,+0.573,+0.707,-0.846,-31.4,+36.1,+24.6,-0.810,-0.097,+0.578,29.0
2025-06-01T15:00:11.583,11.583,695,HEAD,Head_main,0x09,2,695,0.000,+0.591,+0.961,-0.788,-21.8,+25.2,+19.4,-0.817,-0.096,+0.569,29.0
2025-06-01T15:00:11.600,11.600,696,HEAD,Head_main,0x09,2,696,0.000,+0.600,+1.083,-0.757,-19.8,+22.7,+20.0,-0.820,-0.095,+0.565,29.0
2025-06-01T15:00:11.616,11.617,697,HEAD,Head_main,0x09,2,697,0.000,+0.617,+1.310,-0.693,-24.5,+27.9,+26.6,-0.825,-0.093,+0.557,29.0
2025-06-01T15:00:11.633,11.633,698,HEAD,Head_main,0x09,2,698,0.000,+0.635,+1.506,-0.631,-20.7,+23.9,+25.0,-0.830,-0.090,+0.550,29.0
2025-06-01T15:00:11.650,11.650,699,HEAD,Head_main,0x09,2,699,0.000,+0.650,+1.654,-0.580,-12.2,+15.3,+17.1,-0.834,-0.087,+0.544,29.0
2025-06-01T15:00:11.666,11.667,700,HEAD,Head_main,0x09,2,700,0.000,+0.655,+1.704,-0.560,-4.6,+11.2,+13.4,-0.836,-0.086,+0.542,29.0
2025-06-01T15:00:11.683,11.683,701,HEAD,Head_main,0x09,2,701,0.000,+0.658,+1.741,-0.538,+4.3,+10.3,+13.4,-0.838,-0.082,+0.539,29.0
2025-06-01T15:00:11.700,11.700,702,HEAD,Head_main,0x09,2,702,0.000,+0.650,+1.678,-0.540,+11.8,+4.1,+6.4,-0.840,-0.078,+0.537,29.0
2025-06-01T15:00:11.716,11.717,703,HEAD,Head_main,0x09,2,703,0.000,+0.644,+1.608,-0.550,+23.2,-1.2,+1.4,-0.840,-0.075,+0.537,29.0
2025-06-01T15:00:11.733,11.733,704,HEAD,Head_main,0x09,2,704,0.000,+0.624,+1.394,-0.588,+40.6,-7.3,-2.7,-0.839,-0.070,+0.539,29.0
2025-06-01T15:00:11.750,11.750,705,HEAD,Head_main,0x09,2,705,0.000,+0.597,+1.099,-0.647,+51.1,-14.9,-7.7,-0.838,-0.064,+0.543,29.0
2025-06-01T15:00:11.766,11.767,706,HEAD,Head_main,0x09,2,706,0.000,+0.564,+0.753,-0.718,+42.8,-15.0,-7.7,-0.835,-0.057,+0.548,29.0
2025-06-01T15:00:11.783,11.783,707,HEAD,Head_main,0x09,2,707,0.000,+0.546,+0.571,-0.755,+46.4,-19.3,-9.3,-0.833,-0.054,+0.551,29.0
2025-06-01T15:00:11.800,11.800,708,HEAD,Head_main,0x09,2,708,0.000,+0.508,+0.205,-0.831,+63.1,-28.4,-12.2,-0.828,-0.047,+0.559,29.0
2025-06-01T15:00:11.816,11.817,709,HEAD,Head_main,0x09,2,709,0.000,+0.472,-0.139,-0.901,+62.1,-30.9,-11.0,-0.823,-0.039,+0.567,29.0
2025-06-01T15:00:11.833,11.833,710,HEAD,Head_main,0x09,2,710,0.000,+0.443,-0.440,-0.961,+44.6,-24.0,-6.9,-0.818,-0.032,+0.575,29.0
2025-06-01T15:00:11.850,11.850,711,HEAD,Head_main,0x09,2,711,0.000,+0.432,-0.570,-0.985,+39.6,-24.6,-5.0,-0.815,-0.028,+0.579,29.0
2025-06-01T15:00:11.866,11.867,712,HEAD,Head_main,0x09,2,712,0.000,+0.415,-0.779,-1.023,+45.8,-33.3,-4.7,-0.809,-0.021,+0.587,29.0
2025-06-01T15:00:11.883,11.883,713,HEAD,Head_main,0x09,2,713,0.000,+0.403,-0.916,-1.045,+28.7,-25.3,-2.5,-0.803,-0.014,+0.595,29.0
2025-06-01T15:00:11.900,11.900,714,HEAD,Head_main,0x09,2,714,0.000,+0.398,-0.958,-1.051,+21.8,-25.6,-2.7,-0.800,-0.012,+0.599,29.0
2025-06-01T15:00:11.916,11.917,715,HEAD,Head_main,0x09,2,715,0.000,+0.387,-0.995,-1.058,+24.8,-34.2,-4.6,-0.794,-0.008,+0.607,29.0
2025-06-01T15:00:11.933,11.933,716,HEAD,Head_main,0x09,2,716,0.000,+0.373,-0.992,-1.059,+22.0,-34.1,-6.7,-0.788,-0.005,+0.615,29.0
2025-06-01T15:00:11.950,11.950,717,HEAD,Head_main,0x09,2,717,0.000,+0.356,-0.972,-1.058,+16.4,-25.4,-6.4,-0.782,-0.003,+0.623,29.0
2025-06-01T15:00:11.966,11.967,718,HEAD,Head_main,0x09,2,718,0.000,+0.347,-0.963,-1.058,+18.8,-24.9,-9.0,-0.779,-0.002,+0.627,29.0
2025-06-01T15:00:11.983,11.983,719,HEAD,Head_main,0x09,2,719,0.000,+0.329,-0.966,-1.061,+28.1,-32.5,-14.8,-0.773,-0.000,+0.634,29.0
2025-06-01T15:00:12.000,12.000,720,HEAD,Head_main,0x09,2,720,0.000,+0.313,-1.016,-1.065,+27.0,-32.0,-17.7,-0.767,+0.001,+0.641,29.0
2025-06-01T15:00:12.016,12.017,721,HEAD,Head_main,0x09,2,721,0.000,+0.299,-1.097,-1.070,+14.4,-24.2,-13.9,-0.761,+0.002,+0.649,29.0
2025-06-01T15:00:12.033,12.033,722,HEAD,Head_main,0x09,2,722,0.000,+0.291,-1.129,-1.071,-1.6,-25.3,-13.7,-0.758,+0.001,+0.652,29.0
2025-06-01T15:00:12.050,12.050,723,HEAD,Head_main,0x09,2,723,0.000,+0.271,-1.133,-1.069,-18.3,-34.7,-18.3,-0.751,-0.005,+0.660,29.0
2025-06-01T15:00:12.066,12.067,724,HEAD,Head_main,0x09,2,724,0.000,+0.247,-1.040,-1.058,-23.9,-26.7,-14.1,-0.745,-0.014,+0.667,29.0
2025-06-01T15:00:12.083,12.083,725,HEAD,Head_main,0x09,2,725,0.000,+0.234,-0.965,-1.048,-33.6,-27.2,-14.5,-0.741,-0.020,+0.671,29.0
2025-06-01T15:00:12.100,12.100,726,HEAD,Head_main,0x09,2,726,0.000,+0.210,-0.773,-1.021,-55.8,-37.9,-18.4,-0.734,-0.034,+0.679,29.0
2025-06-01T15:00:12.116,12.117,727,HEAD,Head_main,0x09,2,727,0.000,+0.189,-0.515,-0.981,-71.4,-41.4,-15.8,-0.726,-0.050,+0.686,29.0
2025-06-01T15:00:12.133,12.133,728,HEAD,Head_main,0x09,2,728,0.000,+0.169,-0.176,-0.928,-60.9,-33.5,-10.2,-0.717,-0.069,+0.694,29.0
2025-06-01T15:00:12.150,12.150,729,HEAD,Head_main,0x09,2,729,0.000,+0.159,+0.021,-0.896,-63.7,-36.5,-7.8,-0.712,-0.079,+0.698,29.0
2025-06-01T15:00:12.166,12.167,730,HEAD,Head_main,0x09,2,730,0.000,+0.137,+0.444,-0.828,-80.9,-51.1,-9.8,-0.701,-0.098,+0.706,29.0
2025-06-01T15:00:12.183,12.183,731,HEAD,Head_main,0x09,2,731,0.000,+0.115,+0.859,-0.758,-55.4,-39.5,-7.1,-0.690,-0.116,+0.714,29.0
2025-06-01T15:00:12.200,12.200,732,HEAD,Head_main,0x09,2,732,0.000,+0.104,+1.048,-0.726,-44.8,-39.8,-6.1,-0.685,-0.124,+0.718,29.0
2025-06-01T15:00:12.216,12.217,733,HEAD,Head_main,0x09,2,733,0.000,+0.086,+1.371,-0.670,-45.6,-52.0,-7.9,-0.673,-0.137,+0.727,29.0
2025-06-01T15:00:12.233,12.233,734,HEAD,Head_main,0x09,2,734,0.000,+0.074,+1.588,-0.633,-23.6,-48.9,-7.3,-0.662,-0.146,+0.735,29.0
2025-06-01T15:00:12.250,12.250,735,HEAD,Head_main,0x09,2,735,0.000,+0.071,+1.665,-0.619,-4.7,-34.2,-5.1,-0.652,-0.150,+0.743,29.0
2025-06-01T15:00:12.266,12.267,736,HEAD,Head_main,0x09,2,736,0.000,+0.074,+1.646,-0.621,+8.3,-30.7,-4.2,-0.647,-0.150,+0.748,29.0
2025-06-01T15:00:12.283,12.283,737,HEAD,Head_main,0x09,2,737,0.000,+0.084,+1.516,-0.640,+16.6,-38.1,-4.2,-0.638,-0.148,+0.756,29.0
2025-06-01T15:00:12.300,12.300,738,HEAD,Head_main,0x09,2,738,0.000,+0.099,+1.317,-0.677,+21.2,-34.8,-3.7,-0.630,-0.145,+0.763,29.0
2025-06-01T15:00:12.316,12.317,739,HEAD,Head_main,0x09,2,739,0.000,+0.111,+1.095,-0.726,+19.5,-24.1,-3.5,-0.622,-0.140,+0.770,29.0
2025-06-01T15:00:12.333,12.333,740,HEAD,Head_main,0x09,2,740,0.000,+0.115,+0.975,-0.754,+27.9,-21.0,-6.2,-0.619,-0.137,+0.774,29.0
2025-06-01T15:00:12.350,12.350,741,HEAD,Head_main,0x09,2,741,0.000,+0.122,+0.705,-0.814,+42.7,-25.2,-10.5,-0.612,-0.130,+0.780,29.0
2025-06-01T15:00:12.366,12.367,742,HEAD,Head_main,0x09,2,742,0.000,+0.130,+0.411,-0.874,+33.1,-17.1,-8.9,-0.606,-0.122,+0.786,29.0
2025-06-01T15:00:12.383,12.383,743,HEAD,Head_main,0x09,2,743,0.000,+0.134,+0.272,-0.902,+29.2,-15.9,-9.2,-0.604,-0.118,+0.788,29.0
2025-06-01T15:00:12.400,12.400,744,HEAD,Head_main,0x09,2,744,0.000,+0.140,+0.036,-0.951,+35.1,-20.3,-12.3,-0.599,-0.111,+0.793,29.0
2025-06-01T15:00:12.416,12.417,745,HEAD,Head_main,0x09,2,745,0.000,+0.140,-0.136,-0.989,+31.7,-18.9,-13.3,-0.594,-0.106,+0.798,29.0
2025-06-01T15:00:12.433,12.433,746,HEAD,Head_main,0x09,2,746,0.000,+0.133,-0.257,-1.016,+21.7,-13.2,-10.9,-0.589,-0.101,+0.802,29.0
2025-06-01T15:00:12.450,12.450,747,HEAD,Head_main,0x09,2,747,0.000,+0.128,-0.301,-1.026,+16.4,-11.8,-12.0,-0.587,-0.100,+0.804,29.0
2025-06-01T15:00:12.466,12.467,748,HEAD,Head_main,0x09,2,748,0.000,+0.116,-0.353,-1.037,+14.6,-14.3,-16.0,-0.583,-0.098,+0.807,29.0
2025-06-01T15:00:12.483,12.483,749,HEAD,Head_main,0x09,2,749,0.000,+0.106,-0.353,-1.041,+5.3,-9.8,-11.5,-0.579,-0.098,+0.809,29.0
2025-06-01T15:00:12.500,12.500,750,HEAD,Head_main,0x09,2,750,0.000,+0.102,-0.335,-1.041,-1.3,-9.1,-9.7,-0.577,-0.099,+0.810,29.0
2025-06-01T15:00:12.516,12.517,751,HEAD,Head_main,0x09,2,751,0.000,+0.096,-0.267,-1.037,-6.6,-11.8,-10.8,-0.574,-0.102,+0.812,29.0
2025-06-01T15:00:12.533,12.533,752,HEAD,Head_main,0x09,2,752,0.000,+0.091,-0.168,-1.030,-10.1,-11.7,-8.4,-0.571,-0.106,+0.814,29.0
2025-06-01T15:00:12.550,12.550,753,HEAD,Head_main,0x09,2,753,0.000,+0.085,-0.055,-1.020,-7.7,-8.7,-5.3,-0.568,-0.110,+0.816,29.0
2025-06-01T15:00:12.566,12.567,754,HEAD,Head_main,0x09,2,754,0.000,+0.083,+0.002,-1.015,-4.8,-8.5,-4.5,-0.567,-0.111,+0.816,29.0
2025-06-01T15:00:12.583,12.583,755,HEAD,Head_main,0x09,2,755,0.000,+0.078,+0.103,-1.006,-1.9,-11.1,-5.8,-0.564,-0.113,+0.818,29.0
2025-06-01T15:00:12.600,12.600,756,HEAD,Head_main,0x09,2,756,0.000,+0.076,+0.178,-0.998,+4.8,-10.7,-5.6,-0.561,-0.114,+0.820,29.0
2025-06-01T15:00:12.616,12.617,757,HEAD,Head_main,0x09,2,757,0.000,+0.076,+0.223,-0.994,+7.3,-7.8,-4.3,-0.558,-0.113,+0.822,29.0
2025-06-01T15:00:12.633,12.633,758,HEAD,Head_main,0x09,2,758,0.000,+0.076,+0.233,-0.993,+11.6,-7.7,-4.6,-0.557,-0.112,+0.823,29.0
2025-06-01T15:00:12.650,12.650,759,HEAD,Head_main,0x09,2,759,0.000,+0.075,+0.231,-0.993,+18.3,-9.8,-6.7,-0.554,-0.109,+0.825,29.0
2025-06-01T15:00:12.666,12.667,760,HEAD,Head_main,0x09,2,760,0.000,+0.072,+0.204,-0.995,+15.0,-6.9,-5.6,-0.552,-0.105,+0.827,29.0
2025-06-01T15:00:12.683,12.683,761,HEAD,Head_main,0x09,2,761,0.000,+0.069,+0.185,-0.996,+14.8,-5.9,-6.7,-0.551,-0.103,+0.828,29.0
2025-06-01T15:00:12.700,12.700,762,HEAD,Head_main,0x09,2,762,0.000,+0.061,+0.146,-0.999,+18.0,-6.2,-10.0,-0.549,-0.100,+0.830,29.0
2025-06-01T15:00:12.716,12.717,763,HEAD,Head_main,0x09,2,763,0.000,+0.051,+0.115,-0.999,+14.9,-3.7,-11.1,-0.547,-0.098,+0.831,29.0
2025-06-01T15:00:12.733,12.733,764,HEAD,Head_main,0x09,2,764,0.000,+0.041,+0.098,-0.999,+9.4,-1.2,-8.6,-0.546,-0.097,+0.832,29.0
2025-06-01T15:00:12.750,12.750,765,HEAD,Head_main,0x09,2,765,0.000,+0.036,+0.095,-0.998,+7.6,+1.0,-8.2,-0.546,-0.096,+0.832,29.0
2025-06-01T15:00:12.766,12.767,766,HEAD,Head_main,0x09,2,766,0.000,+0.028,+0.096,-0.997,+9.1,+3.6,-9.7,-0.546,-0.096,+0.832,29.0
2025-06-01T15:00:12.783,12.783,767,HEAD,Head_main,0x09,2,767,0.000,+0.022,+0.102,-0.995,+6.5,+4.4,-6.1,-0.547,-0.095,+0.832,29.0
2025-06-01T15:00:12.800,12.800,768,HEAD,Head_main,0x09,2,768,0.000,+0.020,+0.105,-0.994,+6.6,+6.6,-4.3,-0.548,-0.094,+0.831,29.0
2025-06-01T15:00:12.816,12.817,769,HEAD,Head_main,0x09,2,769,0.000,+0.019,+0.110,-0.992,+9.1,+10.8,-3.7,-0.550,-0.093,+0.830,29.0
2025-06-01T15:00:12.833,12.833,770,HEAD,Head_main,0x09,2,770,0.000,+0.022,+0.109,-0.989,+9.2,+12.8,-1.0,-0.553,-0.091,+0.828,29.0
2025-06-01T15:00:12.850,12.850,771,HEAD,Head_main,0x09,2,771,0.000,+0.031,+0.104,-0.987,+6.7,+10.4,+0.6,-0.556,-0.089,+0.826,29.0
2025-06-01T15:00:12.866,12.867,772,HEAD,Head_main,0x09,2,772,0.000,+0.036,+0.101,-0.987,+5.9,+10.5,+2.2,-0.558,-0.088,+0.825,29.0
2025-06-01T15:00:12.883,12.883,773,HEAD,Head_main,0x09,2,773,0.000,+0.051,+0.093,-0.985,+6.6,+13.1,+3.9,-0.562,-0.085,+0.823,29.0
2025-06-01T15:00:12.900,12.900,774,HEAD,Head_main,0x09,2,774,0.000,+0.066,+0.085,-0.984,+4.2,+11.1,+4.9,-0.565,-0.083,+0.821,29.0
2025-06-01T15:00:12.916,12.917,775,HEAD,Head_main,0x09,2,775,0.000,+0.080,+0.075,-0.983,+1.3,+6.9,+3.9,-0.567,-0.082,+0.820,29.0
2025-06-01T15:00:12.933,12.933,776,HEAD,Head_main,0x09,2,776,0.000,+0.087,+0.070,-0.982,-1.6,+4.4,+4.1,-0.568,-0.081,+0.819,29.0
2025-06-01T15:00:12.950,12.950,777,HEAD,Head_main,0x09,2,777,0.000,+0.098,+0.063,-0.981,-5.4,+3.1,+5.7,-0.569,-0.081,+0.818,29.0
2025-06-01T15:00:12.966,12.967,778,HEAD,Head_main,0x09,2,778,0.000,+0.106,+0.060,-0.979,-6.4,+0.2,+4.5,-0.570,-0.082,+0.818,29.0
2025-06-01T15:00:12.983,12.983,779,HEAD,Head_main,0x09,2,779,0.000,+0.109,+0.061,-0.979,-9.4,-2.8,+4.9,-0.570,-0.083,+0.818,29.0
2025-06-01T15:00:13.000,13.000,780,HEAD,Head_main,0x09,2,780,0.000,+0.112,+0.067,-0.978,-15.1,-6.3,+7.0,-0.569,-0.085,+0.818,29.0
2025-06-01T15:00:13.016,13.017,781,HEAD,Head_main,0x09,2,781,0.000,+0.112,+0.076,-0.977,-18.2,-9.3,+7.3,-0.567,-0.088,+0.819,29.0
2025-06-01T15:00:13.033,13.033,782,HEAD,Head_main,0x09,2,782,0.000,+0.108,+0.087,-0.976,-15.2,-8.3,+5.6,-0.565,-0.091,+0.820,29.0
2025-06-01T15:00:13.050,13.050,783,HEAD,Head_main,0x09,2,783,0.000,+0.105,+0.093,-0.976,-16.6,-9.4,+5.8,-0.563,-0.093,+0.821,29.0
2025-06-01T15:00:13.066,13.067,784,HEAD,Head_main,0x09,2,784,0.000,+0.098,+0.104,-0.976,-23.1,-13.2,+7.8,-0.560,-0.097,+0.822,29.0
2025-06-01T15:00:13.083,13.083,785,HEAD,Head_main,0x09,2,785,0.000,+0.091,+0.115,-0.976,-24.0,-13.6,+7.5,-0.557,-0.101,+0.824,29.0
2025-06-01T15:00:13.100,13.100,786,HEAD,Head_main,0x09,2,786,0.000,+0.084,+0.124,-0.975,-18.3,-10.2,+5.3,-0.554,-0.106,+0.825,29.0
2025-06-01T15:00:13.116,13.117,787,HEAD,Head_main,0x09,2,787,0.000,+0.081,+0.129,-0.975,-18.7,-10.2,+4.6,-0.553,-0.109,+0.826,29.0
2025-06-01T15:00:13.133,13.133,788,HEAD,Head_main,0x09,2,788,0.000,+0.075,+0.138,-0.975,-25.0,-13.3,+5.1,-0.550,-0.114,+0.828,29.0
2025-06-01T15:00:13.150,13.150,789,HEAD,Head_main,0x09,2,789,0.000,+0.070,+0.145,-0.974,-18.7,-9.8,+3.0,-0.547,-0.119,+0.829,29.0
2025-06-01T15:00:13.166,13.167,790,HEAD,Head_main,0x09,2,790,0.000,+0.067,+0.147,-0.973,-18.2,-9.4,+2.1,-0.545,-0.122,+0.829,29.0
2025-06-01T15:00:13.183,13.183,791,HEAD,Head_main,0x09,2,791,0.000,+0.060,+0.148,-0.973,-23.4,-11.9,+1.9,-0.542,-0.127,+0.830,29.0
2025-06-01T15:00:13.200,13.200,792,HEAD,Head_main,0x09,2,792,0.000,+0.053,+0.141,-0.974,-21.8,-10.7,+1.0,-0.540,-0.132,+0.831,29.0
2025-06-01T15:00:13.216,13.217,793,HEAD,Head_main,0x09,2,793,0.000,+0.045,+0.126,-0.977,-15.2,-7.2,+0.3,-0.537,-0.137,+0.832,29.0
2025-06-01T15:00:13.233,13.233,794,HEAD,Head_main,0x09,2,794,0.000,+0.040,+0.114,-0.979,-13.4,-5.6,+0.3,-0.536,-0.140,+0.832,29.0
2025-06-01T15:00:13.250,13.250,795,HEAD,Head_main,0x09,2,795,0.000,+0.030,+0.082,-0.985,-16.3,-5.5,+1.2,-0.535,-0.144,+0.833,29.0
2025-06-01T15:00:13.266,13.267,796,HEAD,Head_main,0x09,2,796,0.000,+0.022,+0.037,-0.993,-11.3,-2.6,+2.0,-0.534,-0.147,+0.833,29.0
2025-06-01T15:00:13.283,13.283,797,HEAD,Head_main,0x09,2,797,0.000,+0.019,+0.012,-0.997,-10.9,-0.5,+4.4,-0.533,-0.149,+0.833,29.0
2025-06-01T15:00:13.300,13.300,798,HEAD,Head_main,0x09,2,798,0.000,+0.014,-0.039,-1.008,-14.8,+1.2,+8.7,-0.534,-0.151,+0.832,29.0
2025-06-01T15:00:13.316,13.317,799,HEAD,Head_main,0x09,2,799,0.000,+0.010,-0.085,-1.019,-15.1,+3.7,+11.8,-0.535,-0.153,+0.831,29.0
2025-06-01T15:00:13.333,13.333,800,HEAD,Head_main,0x09,2,800,0.000,+0.005,-0.120,-1.029,-15.3,+6.0,+13.8,-0.537,-0.155,+0.830,29.0
2025-06-01T15:00:13.350,13.350,801,HEAD,Head_main,0x09,2,801,0.000,-0.001,-0.143,-1.038,-11.6,+5.7,+11.2,-0.539,-0.156,+0.828,29.0
2025-06-01T15:00:13.366,13.367,802,HEAD,Head_main,0x09,2,802,0.000,-0.003,-0.149,-1.042,-11.8,+6.5,+11.9,-0.540,-0.157,+0.827,29.0
2025-06-01T15:00:13.383,13.383,803,HEAD,Head_main,0x09,2,803,0.000,-0.007,-0.145,-1.047,-16.1,+8.8,+16.4,-0.543,-0.158,+0.825,29.0
2025-06-01T15:00:13.400,13.400,804,HEAD,Head_main,0x09,2,804,0.000,-0.011,-0.118,-1.049,-12.1,+6.3,+12.4,-0.546,-0.159,+0.822,29.0
2025-06-01T15:00:13.416,13.417,805,HEAD,Head_main,0x09,2,805,0.000,-0.014,-0.095,-1.048,-11.3,+5.6,+11.7,-0.547,-0.160,+0.821,29.0
2025-06-01T15:00:13.433,13.433,806,HEAD,Head_main,0x09,2,806,0.000,-0.023,-0.039,-1.044,-14.1,+6.8,+14.4,-0.550,-0.161,+0.820,29.0
2025-06-01T15:00:13.450,13.450,807,HEAD,Head_main,0x09,2,807,0.000,-0.032,+0.023,-1.038,-13.9,+5.6,+12.7,-0.552,-0.162,+0.818,29.0
2025-06-01T15:00:13.466,13.467,808,HEAD,Head_main,0x09,2,808,0.000,-0.041,+0.091,-1.029,-11.2,+3.4,+8.6,-0.554,-0.164,+0.816,29.0
2025-06-01T15:00:13.483,13.483,809,HEAD,Head_main,0x09,2,809,0.000,-0.044,+0.130,-1.023,-13.4,+2.3,+7.6,-0.554,-0.165,+0.816,29.0
2025-06-01T15:00:13.500,13.500,810,HEAD,Head_main,0x09,2,810,0.000,-0.050,+0.229,-1.007,-19.5,+2.1,+9.6,-0.556,-0.167,+0.814,29.0
2025-06-01T15:00:13.516,13.517,811,HEAD,Head_main,0x09,2,811,0.000,-0.050,+0.353,-0.986,-15.3,+1.0,+7.1,-0.556,-0.171,+0.813,29.0
2025-06-01T15:00:13.533,13.533,812,HEAD,Head_main,0x09,2,812,0.000,-0.047,+0.423,-0.973,-14.7,+0.2,+7.5,-0.557,-0.172,+0.813,29.0
2025-06-01T15:00:13.550,13.550,813,HEAD,Head_main,0x09,2,813,0.000,-0.036,+0.568,-0.945,-18.9,-0.6,+10.2,-0.557,-0.175,+0.812,29.0
2025-06-01T15:00:13.566,13.567,814,HEAD,Head_main,0x09,2,814,0.000,-0.016,+0.718,-0.912,-13.9,-1.1,+7.3,-0.558,-0.178,+0.811,29.0
2025-06-01T15:00:13.583,13.583,815,HEAD,Head_main,0x09,2,815,0.000,-0.005,+0.797,-0.893,-14.3,-1.8,+5.3,-0.558,-0.179,+0.811,29.0
2025-06-01T15:00:13.600,13.600,816,HEAD,Head_main,0x09,2,816,0.000,+0.020,+0.963,-0.853,-19.2,-2.8,+3.9,-0.557,-0.183,+0.810,29.0
2025-06-01T15:00:13.616,13.617,817,HEAD,Head_main,0x09,2,817,0.000,+0.048,+1.139,-0.809,-17.6,-3.3,-0.6,-0.557,-0.187,+0.809,29.0
2025-06-01T15:00:13.633,13.633,818,HEAD,Head_main,0x09,2,818,0.000,+0.078,+1.314,-0.763,-10.8,-2.8,-2.7,-0.556,-0.191,+0.809,29.0
2025-06-01T15:00:13.650,13.650,819,HEAD,Head_main,0x09,2,819,0.000,+0.092,+1.395,-0.742,-4.4,-3.2,-5.2,-0.555,-0.193,+0.809,29.0
2025-06-01T15:00:13.666,13.667,820,HEAD,Head_main,0x09,2,820,0.000,+0.114,+1.527,-0.705,+3.6,-4.3,-8.9,-0.553,-0.195,+0.810,29.0
2025-06-01T15:00:13.683,13.683,821,HEAD,Head_main,0x09,2,821,0.000,+0.129,+1.593,-0.681,+18.2,-3.9,-10.6,-0.552,-0.194,+0.811,29.0
2025-06-01T15:00:13.700,13.700,822,HEAD,Head_main,0x09,2,822,0.000,+0.138,+1.568,-0.676,+22.1,-2.6,-8.2,-0.550,-0.190,+0.813,29.0
2025-06-01T15:00:13.716,13.717,823,HEAD,Head_main,0x09,2,823,0.000,+0.140,+1.519,-0.681,+32.0,-2.7,-7.4,-0.550,-0.187,+0.814,29.0
2025-06-01T15:00:13.733,13.733,824,HEAD,Head_main,0x09,2,824,0.000,+0.141,+1.352,-0.705,+50.3,-4.4,-8.4,-0.548,-0.177,+0.817,29.0
2025-06-01T15:00:13.750,13.750,825,HEAD,Head_main,0x09,2,825,0.000,+0.134,+1.112,-0.744,+42.5,-4.1,-5.1,-0.547,-0.165,+0.821,29.0
2025-06-01T15:00:13.766,13.767,826,HEAD,Head_main,0x09,2,826,0.000,+0.127,+0.971,-0.767,+47.4,-5.2,-3.9,-0.546,-0.159,+0.823,29.0
2025-06-01T15:00:13.783,13.783,827,HEAD,Head_main,0x09,2,827,0.000,+0.104,+0.665,-0.819,+66.5,-7.4,-4.4,-0.544,-0.144,+0.827,29.0
2025-06-01T15:00:13.800,13.800,828,HEAD,Head_main,0x09,2,828,0.000,+0.071,+0.337,-0.872,+68.4,-7.2,-4.3,-0.542,-0.128,+0.831,29.0
2025-06-01T15:00:13.816,13.817,829,HEAD,Head_main,0x09,2,829,0.000,+0.035,+0.009,-0.924,+50.5,-4.9,-3.7,-0.540,-0.112,+0.834,29.0
2025-06-01T15:00:13.833,13.833,830,HEAD,Head_main,0x09,2,830,0.000,+0.018,-0.148,-0.949,+46.0,-3.8,-5.5,-0.539,-0.105,+0.836,29.0
2025-06-01T15:00:13.850,13.850,831,HEAD,Head_main,0x09,2,831,0.000,-0.013,-0.427,-0.993,+54.4,-3.7,-10.0,-0.538,-0.091,+0.838,29.0
2025-06-01T15:00:13.866,13.867,832,HEAD,Head_main,0x09,2,832,0.000,-0.035,-0.642,-1.027,+44.6,-2.1,-14.3,-0.537,-0.081,+0.840,29.0
2025-06-01T15:00:13.883,13.883,833,HEAD,Head_main,0x09,2,833,0.000,-0.049,-0.785,-1.052,+28.2,-0.7,-13.3,-0.536,-0.074,+0.841,29.0
2025-06-01T15:00:13.900,13.900,834,HEAD,Head_main,0x09,2,834,0.000,-0.053,-0.833,-1.061,+22.9,+0.2,-16.3,-0.536,-0.072,+0.841,29.0
2025-06-01T15:00:13.916,13.917,835,HEAD,Head_main,0x09,2,835,0.000,-0.057,-0.891,-1.074,+26.8,+1.1,-23.7,-0.536,-0.068,+0.842,29.0
2025-06-01T15:00:13.933,13.933,836,HEAD,Head_main,0x09,2,836,0.000,-0.053,-0.916,-1.083,+22.7,+1.8,-24.9,-0.536,-0.066,+0.842,29.0
2025-06-01T15:00:13.950,13.950,837,HEAD,Head_main,0x09,2,837,0.000,-0.043,-0.921,-1.091,+15.0,+1.5,-18.4,-0.536,-0.065,+0.842,29.0
2025-06-01T15:00:13.966,13.967,838,HEAD,Head_main,0x09,2,838,0.000,-0.036,-0.921,-1.095,+13.6,+1.1,-16.8,-0.536,-0.064,+0.842,29.0
2025-06-01T15:00:13.983,13.983,839,HEAD,Head_main,0x09,2,839,0.000,-0.019,-0.928,-1.106,+18.1,+0.6,-20.3,-0.536,-0.063,+0.842,29.0
2025-06-01T15:00:14.000,14.000,840,HEAD,Head_main,0x09,2,840,0.000,-0.002,-0.961,-1.118,+16.9,-0.8,-17.1,-0.535,-0.062,+0.842,29.0
2025-06-01T15:00:14.016,14.017,841,HEAD,Head_main,0x09,2,841,0.000,+0.011,-1.024,-1.128,+9.8,-1.4,-10.8,-0.535,-0.060,+0.843,29.0
2025-06-01T15:00:14.033,14.033,842,HEAD,Head_main,0x09,2,842,0.000,+0.015,-1.058,-1.132,+0.5,-2.2,-7.7,-0.534,-0.060,+0.843,29.0
2025-06-01T15:00:14.050,14.050,843,HEAD,Head_main,0x09,2,843,0.000,+0.018,-1.101,-1.136,-12.2,-2.9,-6.7,-0.533,-0.062,+0.844,29.0
2025-06-01T15:00:14.066,14.067,844,HEAD,Head_main,0x09,2,844,0.000,+0.016,-1.074,-1.132,-19.0,-1.6,-2.3,-0.533,-0.068,+0.844,29.0
2025-06-01T15:00:14.083,14.083,845,HEAD,Head_main,0x09,2,845,0.000,+0.014,-1.025,-1.126,-31.4,-0.1,+1.6,-0.532,-0.073,+0.843,29.0
2025-06-01T15:00:14.100,14.100,846,HEAD,Head_main,0x09,2,846,0.000,+0.014,-0.856,-1.105,-53.0,+1.5,+6.0,-0.533,-0.083,+0.842,29.0
2025-06-01T15:00:14.116,14.117,847,HEAD,Head_main,0x09,2,847,0.000,+0.024,-0.593,-1.071,-47.5,+2.2,+7.3,-0.533,-0.097,+0.840,29.0
2025-06-01T15:00:14.133,14.133,848,HEAD,Head_main,0x09,2,848,0.000,+0.033,-0.431,-1.050,-56.6,+2.7,+10.1,-0.534,-0.104,+0.839,29.0
2025-06-01T15:00:14.150,14.150,849,HEAD,Head_main,0x09,2,849,0.000,+0.060,-0.049,-0.996,-82.4,+3.4,+15.0,-0.535,-0.121,+0.836,29.0
2025-06-01T15:00:14.166,14.167,850,HEAD,Head_main,0x09,2,850,0.000,+0.095,+0.393,-0.929,-87.3,+2.2,+16.0,-0.537,-0.140,+0.832,29.0
2025-06-01T15:00:14.183,14.183,851,HEAD,Head_main,0x09,2,851,0.000,+0.131,+0.863,-0.856,-64.7,+0.8,+12.1,-0.538,-0.158,+0.828,29.0
2025-06-01T15:00:14.200,14.200,852,HEAD,Head_main,0x09,2,852,0.000,+0.149,+1.093,-0.820,-55.9,-0.5,+11.7,-0.538,-0.167,+0.826,29.0
2025-06-01T15:00:14.216,14.217,853,HEAD,Head_main,0x09,2,853,0.000,+0.181,+1.499,-0.757,-57.2,-1.5,+14.7,-0.539,-0.181,+0.823,29.0
2025-06-01T15:00:14.233,14.233,854,HEAD,Head_main,0x09,2,854,0.000,+0.204,+1.781,-0.713,-26.9,-1.6,+10.0,-0.539,-0.190,+0.821,29.0
2025-06-01T15:00:14.250,14.250,855,HEAD,Head_main,0x09,2,855,0.000,+0.212,+1.858,-0.700,-1.8,-1.6,+8.0,-0.539,-0.191,+0.820,29.0
2025-06-01T15:00:14.266,14.267,856,HEAD,Head_main,0x09,2,856,0.000,+0.220,+1.861,-0.692,+20.3,-1.7,+8.5,-0.539,-0.188,+0.821,29.0
2025-06-01T15:00:14.283,14.283,857,HEAD,Head_main,0x09,2,857,0.000,+0.216,+1.678,-0.709,+43.6,-0.5,+5.7,-0.539,-0.179,+0.823,29.0
2025-06-01T15:00:14.300,14.300,858,HEAD,Head_main,0x09,2,858,0.000,+0.204,+1.357,-0.743,+57.3,+1.3,+3.2,-0.539,-0.166,+0.826,29.0
2025-06-01T15:00:14.316,14.317,859,HEAD,Head_main,0x09,2,859,0.000,+0.184,+0.963,-0.790,+47.0,+2.2,+1.1,-0.540,-0.150,+0.828,29.0
2025-06-01T15:00:14.333,14.333,860,HEAD,Head_main,0x09,2,860,0.000,+0.173,+0.755,-0.816,+47.1,+4.3,-0.4,-0.541,-0.143,+0.829,29.0
2025-06-01T15:00:14.350,14.350,861,HEAD,Head_main,0x09,2,861,0.000,+0.149,+0.342,-0.866,+56.4,+7.8,-1.8,-0.542,-0.128,+0.831,29.0
2025-06-01T15:00:14.366,14.367,862,HEAD,Head_main,0x09,2,862,0.000,+0.126,-0.034,-0.908,+34.4,+7.4,-2.1,-0.544,-0.116,+0.831,29.0
2025-06-01T15:00:14.383,14.383,863,HEAD,Head_main,0x09,2,863,0.000,+0.115,-0.195,-0.925,+17.6,+9.2,-2.6,-0.546,-0.112,+0.831,29.0
2025-06-01T15:00:14.400,14.400,864,HEAD,Head_main,0x09,2,864,0.000,+0.100,-0.438,-0.948,+4.0,+13.5,-3.2,-0.549,-0.108,+0.829,29.0
2025-06-01T15:00:14.416,14.417,865,HEAD,Head_main,0x09,2,865,0.000,+0.095,-0.550,-0.957,-20.4,+14.3,-1.7,-0.552,-0.111,+0.827,29.0
2025-06-01T15:00:14.433,14.433,866,HEAD,Head_main,0x09,2,866,0.000,+0.100,-0.526,-0.953,-26.5,+10.7,+0.1,-0.555,-0.118,+0.823,29.0
2025-06-01T15:00:14.450,14.450,867,HEAD,Head_main,0x09,2,867,0.000,+0.105,-0.472,-0.948,-34.2,+10.0,+2.3,-0.557,-0.123,+0.821,29.0
2025-06-01T15:00:14.466,14.467,868,HEAD,Head_main,0x09,2,868,0.000,+0.118,-0.309,-0.938,-44.8,+12.5,+5.2,-0.560,-0.134,+0.817,29.0
2025-06-01T15:00:14.483,14.483,869,HEAD,Head_main,0x09,2,869,0.000,+0.132,-0.123,-0.933,-37.0,+11.3,+7.2,-0.563,-0.143,+0.814,29.0
2025-06-01T15:00:14.500,14.500,870,HEAD,Head_main,0x09,2,870,0.000,+0.144,+0.044,-0.934,-20.8,+7.8,+6.1,-0.566,-0.149,+0.811,29.0
2025-06-01T15:00:14.516,14.517,871,HEAD,Head_main,0x09,2,871,0.000,+0.150,+0.112,-0.937,-10.6,+7.1,+6.3,-0.568,-0.151,+0.809,29.0
2025-06-01T15:00:14.533,14.533,872,HEAD,Head_main,0x09,2,872,0.000,+0.159,+0.217,-0.945,-4.7,+9.0,+7.8,-0.570,-0.152,+0.807,29.0
2025-06-01T15:00:14.550,14.550,873,HEAD,Head_main,0x09,2,873,0.000,+0.165,+0.283,-0.957,+7.0,+8.5,+6.2,-0.572,-0.151,+0.806,29.0
2025-06-01T15:00:14.566,14.567,874,HEAD,Head_main,0x09,2,874,0.000,+0.169,+0.315,-0.971,+11.3,+6.2,+3.3,-0.575,-0.147,+0.805,29.0
2025-06-01T15:00:14.583,14.583,875,HEAD,Head_main,0x09,2,875,0.000,+0.170,+0.318,-0.977,+17.6,+6.0,+0.9,-0.576,-0.144,+0.805,29.0
2025-06-01T15:00:14.600,14.600,876,HEAD,Head_main,0x09,2,876,0.000,+0.171,+0.300,-0.989,+27.1,+7.8,-1.6,-0.577,-0.138,+0.805,29.0
2025-06-01T15:00:14.616,14.617,877,HEAD,Head_main,0x09,2,877,0.000,+0.166,+0.257,-0.997,+21.6,+5.7,-3.2,-0.579,-0.132,+0.804,29.0
2025-06-01T15:00:14.633,14.633,878,HEAD,Head_main,0x09,2,878,0.000,+0.162,+0.231,-0.999,+20.8,+5.8,-5.5,-0.580,-0.129,+0.804,29.0
2025-06-01T15:00:14.650,14.650,879,HEAD,Head_main,0x09,2,879,0.000,+0.151,+0.184,-1.002,+26.3,+8.2,-8.4,-0.581,-0.124,+0.804,29.0
2025-06-01T15:00:14.666,14.667,880,HEAD,Head_main,0x09,2,880,0.000,+0.142,+0.152,-1.003,+25.4,+8.5,-8.4,-0.583,-0.120,+0.804,29.0
2025-06-01T15:00:14.683,14.683,881,HEAD,Head_main,0x09,2,881,0.000,+0.138,+0.142,-1.002,+19.4,+6.2,-5.4,-0.585,-0.115,+0.803,29.0
2025-06-01T15:00:14.700,14.700,882,HEAD,Head_main,0x09,2,882,0.000,+0.139,+0.143,-1.001,+21.4,+5.1,-3.5,-0.586,-0.112,+0.803,29.0
2025-06-01T15:00:14.716,14.717,883,HEAD,Head_main,0x09,2,883,0.000,+0.144,+0.151,-1.000,+31.5,+4.9,-2.9,-0.587,-0.106,+0.803,29.0
2025-06-01T15:00:14.733,14.733,884,HEAD,Head_main,0x09,2,884,0.000,+0.151,+0.158,-0.999,+25.8,+2.1,-1.0,-0.588,-0.099,+0.803,29.0
2025-06-01T15:00:14.750,14.750,885,HEAD,Head_main,0x09,2,885,0.000,+0.155,+0.158,-0.999,+28.0,-0.2,-0.2,-0.588,-0.095,+0.803,29.0
2025-06-01T15:00:14.766,14.767,886,HEAD,Head_main,0x09,2,886,0.000,+0.160,+0.150,-1.000,+38.3,-2.6,-0.2,-0.588,-0.086,+0.805,29.0
2025-06-01T15:00:14.783,14.783,887,HEAD,Head_main,0x09,2,887,0.000,+0.165,+0.135,-1.002,+38.1,-5.8,-0.7,-0.587,-0.077,+0.806,29.0
2025-06-01T15:00:14.800,14.800,888,HEAD,Head_main,0x09,2,888,0.000,+0.168,+0.115,-1.003,+27.7,-6.2,-1.1,-0.585,-0.068,+0.808,29.0
2025-06-01T15:00:14.816,14.817,889,HEAD,Head_main,0x09,2,889,0.000,+0.169,+0.105,-1.004,+25.2,-8.7,-2.4,-0.584,-0.064,+0.809,29.0
2025-06-01T15:00:14.833,14.833,890,HEAD,Head_main,0x09,2,890,0.000,+0.167,+0.083,-1.005,+30.1,-14.2,-4.6,-0.581,-0.057,+0.812,29.0
2025-06-01T15:00:14.850,14.850,891,HEAD,Head_main,0x09,2,891,0.000,+0.162,+0.060,-1.005,+24.3,-17.5,-6.6,-0.577,-0.051,+0.815,29.0
2025-06-01T15:00:14.866,14.867,892,HEAD,Head_main,0x09,2,892,0.000,+0.151,+0.041,-1.004,+14.7,-14.8,-5.8,-0.572,-0.048,+0.819,29.0
2025-06-01T15:00:14.883,14.883,893,HEAD,Head_main,0x09,2,893,0.000,+0.144,+0.034,-1.003,+10.0,-16.9,-6.8,-0.570,-0.046,+0.821,29.0
2025-06-01T15:00:14.900,14.900,894,HEAD,Head_main,0x09,2,894,0.000,+0.128,+0.025,-1.001,+9.0,-24.0,-9.6,-0.564,-0.045,+0.825,29.0
2025-06-01T15:00:14.916,14.917,895,HEAD,Head_main,0x09,2,895,0.000,+0.109,+0.025,-0.997,+3.9,-18.8,-7.5,-0.558,-0.045,+0.829,29.0
2025-06-01T15:00:14.933,14.933,896,HEAD,Head_main,0x09,2,896,0.000,+0.099,+0.027,-0.995,+1.0,-19.4,-7.7,-0.555,-0.046,+0.831,29.0
2025-06-01T15:00:14.950,14.950,897,HEAD,Head_main,0x09,2,897,0.000,+0.079,+0.036,-0.990,-0.6,-25.8,-10.1,-0.548,-0.047,+0.835,29.0
2025-06-01T15:00:14.966,14.967,898,HEAD,Head_main,0x09,2,898,0.000,+0.059,+0.046,-0.983,-2.3,-25.0,-9.7,-0.542,-0.049,+0.839,29.0
2025-06-01T15:00:14.983,14.983,899,HEAD,Head_main,0x09,2,899,0.000,+0.041,+0.056,-0.977,-2.3,-17.9,-7.0,-0.536,-0.051,+0.843,29.0
2025-06-01T15:00:15.000,15.000,900,HEAD,Head_main,0x09,2,900,0.000,+0.032,+0.060,-0.973,-2.6,-16.0,-6.4,-0.533,-0.053,+0.844,29.0
2025-06-01T15:00:15.016,15.017,901,HEAD,Head_main,0x09,2,901,0.000,+0.016,+0.063,-0.967,-3.9,-19.1,-8.0,-0.528,-0.055,+0.848,29.0
2025-06-01T15:00:15.033,15.033,902,HEAD,Head_main,0x09,2,902,0.000,+0.004,+0.064,-0.963,-3.2,-12.5,-5.5,-0.523,-0.057,+0.850,29.0
2025-06-01T15:00:15.050,15.050,903,HEAD,Head_main,0x09,2,903,0.000,-0.000,+0.064,-0.961,-3.7,-10.0,-4.9,-0.521,-0.058,+0.851,29.0
2025-06-01T15:00:15.066,15.067,904,HEAD,Head_main,0x09,2,904,0.000,-0.006,+0.063,-0.959,-5.5,-10.9,-6.1,-0.518,-0.060,+0.853,29.0
2025-06-01T15:00:15.083,15.083,905,HEAD,Head_main,0x09,2,905,0.000,-0.008,+0.063,-0.959,-6.5,-7.8,-5.4,-0.516,-0.063,+0.854,29.0
2025-06-01T15:00:15.100,15.100,906,HEAD,Head_main,0x09,2,906,0.000,-0.008,+0.063,-0.959,-5.6,-4.2,-3.6,-0.514,-0.065,+0.855,29.0
2025-06-01T15:00:15.116,15.117,907,HEAD,Head_main,0x09,2,907,0.000,-0.007,+0.063,-0.960,-6.7,-2.2,-3.0,-0.514,-0.066,+0.855,29.0
2025-06-01T15:00:15.133,15.133,908,HEAD,Head_main,0x09,2,908,0.000,-0.003,+0.061,-0.963,-10.1,-1.2,-3.2,-0.513,-0.069,+0.856,29.0
2025-06-01T15:00:15.150,15.150,909,HEAD,Head_main,0x09,2,909,0.000,+0.002,+0.060,-0.966,-11.6,+0.8,-2.1,-0.513,-0.072,+0.855,29.0
2025-06-01T15:00:15.166,15.167,910,HEAD,Head_main,0x09,2,910,0.000,+0.008,+0.060,-0.969,-9.3,+1.7,-1.0,-0.513,-0.076,+0.855,29.0
2025-06-01T15:00:15.183,15.183,911,HEAD,Head_main,0x09,2,911,0.000,+0.012,+0.060,-0.971,-9.7,+3.0,-0.4,-0.514,-0.077,+0.855,29.0
2025-06-01T15:00:15.200,15.200,912,HEAD,Head_main,0x09,2,912,0.000,+0.018,+0.057,-0.973,-12.8,+5.5,-0.1,-0.515,-0.081,+0.854,29.0
2025-06-01T15:00:15.216,15.217,913,HEAD,Head_main,0x09,2,913,0.000,+0.024,+0.049,-0.976,-12.3,+7.8,+0.2,-0.516,-0.084,+0.852,29.0
2025-06-01T15:00:15.233,15.233,914,HEAD,Head_main,0x09,2,914,0.000,+0.030,+0.031,-0.979,-8.8,+7.2,+0.4,-0.519,-0.087,+0.851,29.0
2025-06-01T15:00:15.250,15.250,915,HEAD,Head_main,0x09,2,915,0.000,+0.033,+0.019,-0.981,-8.1,+9.3,+0.7,-0.520,-0.088,+0.850,29.0
2025-06-01T15:00:15.266,15.267,916,HEAD,Head_main,0x09,2,916,0.000,+0.040,-0.015,-0.985,-9.9,+14.4,+1.4,-0.523,-0.090,+0.847,29.0
2025-06-01T15:00:15.283,15.283,917,HEAD,Head_main,0x09,2,917,0.000,+0.049,-0.062,-0.992,-9.2,+17.1,+1.8,-0.527,-0.092,+0.845,29.0
2025-06-01T15:00:15.300,15.300,918,HEAD,Head_main,0x09,2,918,0.000,+0.058,-0.121,-1.001,-6.8,+14.3,+1.5,-0.532,-0.094,+0.842,29.0
2025-06-01T15:00:15.316,15.317,919,HEAD,Head_main,0x09,2,919,0.000,+0.062,-0.153,-1.006,-7.6,+16.1,+1.6,-0.534,-0.095,+0.840,29.0
2025-06-01T15:00:15.333,15.333,920,HEAD,Head_main,0x09,2,920,0.000,+0.072,-0.215,-1.017,-11.5,+23.2,+2.4,-0.540,-0.098,+0.836,29.0
2025-06-01T15:00:15.350,15.350,921,HEAD,Head_main,0x09,2,921,0.000,+0.080,-0.271,-1.028,-9.7,+18.6,+2.0,-0.546,-0.100,+0.832,29.0
2025-06-01T15:00:15.366,15.367,922,HEAD,Head_main,0x09,2,922,0.000,+0.084,-0.295,-1.033,-11.6,+19.9,+2.1,-0.549,-0.102,+0.830,29.0
2025-06-01T15:00:15.383,15.383,923,HEAD,Head_main,0x09,2,923,0.000,+0.091,-0.333,-1.042,-18.7,+27.4,+3.4,-0.555,-0.105,+0.825,29.0
2025-06-01T15:00:15.400,15.400,924,HEAD,Head_main,0x09,2,924,0.000,+0.098,-0.350,-1.049,-24.0,+27.7,+4.9,-0.562,-0.109,+0.820,29.0
2025-06-01T15:00:15.416,15.417,925,HEAD,Head_main,0x09,2,925,0.000,+0.108,-0.332,-1.054,-21.1,+20.4,+5.0,-0.569,-0.115,+0.814,29.0
2025-06-01T15:00:15.433,15.433,926,HEAD,Head_main,0x09,2,926,0.000,+0.113,-0.307,-1.056,-24.3,+18.8,+7.1,-0.572,-0.118,+0.812,29.0
2025-06-01T15:00:15.450,15.450,927,HEAD,Head_main,0x09,2,927,0.000,+0.124,-0.226,-1.058,-35.0,+22.8,+11.8,-0.578,-0.124,+0.806,29.0
2025-06-01T15:00:15.466,15.467,928,HEAD,Head_main,0x09,2,928,0.000,+0.133,-0.106,-1.056,-28.3,+15.1,+10.6,-0.584,-0.130,+0.801,29.0
2025-06-01T15:00:15.483,15.483,929,HEAD,Head_main,0x09,2,929,0.000,+0.137,-0.030,-1.053,-31.2,+12.1,+12.7,-0.586,-0.134,+0.799,29.0
2025-06-01T15:00:15.500,15.500,930,HEAD,Head_main,0x09,2,930,0.000,+0.143,+0.155,-1.040,-44.0,+13.4,+18.7,-0.590,-0.140,+0.795,29.0
2025-06-01T15:00:15.516,15.517,931,HEAD,Head_main,0x09,2,931,0.000,+0.147,+0.384,-1.017,-45.5,+10.4,+20.4,-0.594,-0.148,+0.791,29.0
2025-06-01T15:00:15.533,15.533,932,HEAD,Head_main,0x09,2,932,0.000,+0.150,+0.644,-0.981,-34.1,+6.8,+15.9,-0.597,-0.154,+0.787,29.0
2025-06-01T15:00:15.550,15.550,933,HEAD,Head_main,0x09,2,933,0.000,+0.150,+0.780,-0.958,-33.7,+6.6,+16.1,-0.598,-0.158,+0.786,29.0
2025-06-01T15:00:15.566,15.567,934,HEAD,Head_main,0x09,2,934,0.000,+0.150,+1.056,-0.905,-44.0,+10.2,+21.6,-0.601,-0.164,+0.782,29.0
2025-06-01T15:00:15.583,15.583,935,HEAD,Head_main,0x09,2,935,0.000,+0.151,+1.328,-0.844,-31.6,+9.3,+16.2,-0.605,-0.170,+0.778,29.0
2025-06-01T15:00:15.600,15.600,936,HEAD,Head_main,0x09,2,936,0.000,+0.152,+1.457,-0.814,-26.3,+12.5,+15.8,-0.607,-0.173,+0.776,29.0
2025-06-01T15:00:15.616,15.617,937,HEAD,Head_main,0x09,2,937,0.000,+0.157,+1.682,-0.757,-25.3,+21.0,+20.2,-0.612,-0.176,+0.771,29.0
2025-06-01T15:00:15.633,15.633,938,HEAD,Head_main,0x09,2,938,0.000,+0.165,+1.833,-0.711,-9.9,+19.3,+14.2,-0.619,-0.177,+0.765,29.0
2025-06-01T15:00:15.650,15.650,939,HEAD,Head_main,0x09,2,939,0.000,+0.170,+1.868,-0.695,+4.9,+24.4,+12.4,-0.622,-0.176,+0.763,29.0
2025-06-01T15:00:15.666,15.667,940,HEAD,Head_main,0x09,2,940,0.000,+0.184,+1.848,-0.679,+22.2,+37.0,+15.0,-0.631,-0.170,+0.757,29.0
2025-06-01T15:00:15.683,15.683,941,HEAD,Head_main,0x09,2,941,0.000,+0.204,+1.701,-0.687,+43.1,+41.6,+13.5,-0.640,-0.160,+0.751,29.0
2025-06-01T15:00:15.700,15.700,942,HEAD,Head_main,0x09,2,942,0.000,+0.227,+1.435,-0.716,+43.3,+32.8,+9.5,-0.650,-0.146,+0.746,29.0
2025-06-01T15:00:15.716,15.717,943,HEAD,Head_main,0x09,2,943,0.000,+0.240,+1.263,-0.738,+54.5,+33.4,+9.6,-0.655,-0.138,+0.743,29.0
2025-06-01T15:00:15.733,15.733,944,HEAD,Head_main,0x09,2,944,0.000,+0.262,+0.868,-0.790,+78.6,+43.3,+12.7,-0.665,-0.119,+0.737,29.0
2025-06-01T15:00:15.750,15.750,945,HEAD,Head_main,0x09,2,945,0.000,+0.283,+0.445,-0.849,+61.4,+31.0,+9.4,-0.675,-0.099,+0.731,29.0
2025-06-01T15:00:15.766,15.767,946,HEAD,Head_main,0x09,2,946,0.000,+0.291,+0.236,-0.878,+61.0,+28.1,+9.9,-0.679,-0.089,+0.729,29.0
2025-06-01T15:00:15.783,15.783,947,HEAD,Head_main,0x09,2,947,0.000,+0.306,-0.154,-0.932,+77.7,+33.9,+12.9,-0.687,-0.070,+0.723,29.0
2025-06-01T15:00:15.800,15.800,948,HEAD,Head_main,0x09,2,948,0.000,+0.314,-0.494,-0.976,+69.1,+29.2,+12.4,-0.694,-0.052,+0.718,29.0
2025-06-01T15:00:15.816,15.817,949,HEAD,Head_main,0x09,2,949,0.000,+0.317,-0.765,-1.007,+44.8,+19.2,+8.9,-0.700,-0.036,+0.714,29.0
2025-06-01T15:00:15.833,15.833,950,HEAD,Head_main,0x09,2,950,0.000,+0.318,-0.870,-1.018,+33.2,+15.9,+8.8,-0.702,-0.029,+0.711,29.0
2025-06-01T15:00:15.850,15.850,951,HEAD,Head_main,0x09,2,951,0.000,+0.317,-1.012,-1.032,+33.3,+17.9,+11.3,-0.706,-0.019,+0.708,29.0
2025-06-01T15:00:15.866,15.867,952,HEAD,Head_main,0x09,2,952,0.000,+0.314,-1.066,-1.038,+22.2,+14.4,+10.2,-0.710,-0.011,+0.705,29.0
2025-06-01T15:00:15.883,15.883,953,HEAD,Head_main,0x09,2,953,0.000,+0.307,-1.058,-1.040,+12.7,+9.5,+6.5,-0.712,-0.005,+0.702,29.0
2025-06-01T15:00:15.900,15.900,954,HEAD,Head_main,0x09,2,954,0.000,+0.303,-1.041,-1.040,+10.6,+8.9,+3.8,-0.714,-0.003,+0.701,29.0
2025-06-01T15:00:15.916,15.917,955,HEAD,Head_main,0x09,2,955,0.000,+0.292,-0.999,-1.041,+14.0,+12.4,+1.8,-0.716,+0.001,+0.698,29.0
2025-06-01T15:00:15.933,15.933,956,HEAD,Head_main,0x09,2,956,0.000,+0.283,-0.967,-1.043,+15.6,+13.6,-2.6,-0.719,+0.003,+0.695,29.0
2025-06-01T15:00:15.950,15.950,957,HEAD,Head_main,0x09,2,957,0.000,+0.278,-0.964,-1.046,+13.3,+11.0,-4.3,-0.721,+0.006,+0.692,29.0
2025-06-01T15:00:15.966,15.967,958,HEAD,Head_main,0x09,2,958,0.000,+0.276,-0.978,-1.047,+13.8,+11.8,-6.7,-0.723,+0.007,+0.691,29.0
2025-06-01T15:00:15.983,15.983,959,HEAD,Head_main,0x09,2,959,0.000,+0.275,-1.027,-1.049,+14.2,+15.9,-10.5,-0.726,+0.009,+0.687,29.0
2025-06-01T15:00:16.000,16.000,960,HEAD,Head_main,0x09,2,960,0.000,+0.274,-1.078,-1.048,+5.8,+11.9,-8.6,-0.729,+0.008,+0.684,29.0
2025-06-01T15:00:16.016,16.017,961,HEAD,Head_main,0x09,2,961,0.000,+0.274,-1.093,-1.047,-2.1,+11.9,-8.8,-0.731,+0.007,+0.682,29.0
2025-06-01T15:00:16.033,16.033,962,HEAD,Head_main,0x09,2,962,0.000,+0.271,-1.095,-1.044,-10.7,+16.3,-11.3,-0.734,+0.004,+0.679,29.0
2025-06-01T15:00:16.050,16.050,963,HEAD,Head_main,0x09,2,963,0.000,+0.264,-1.053,-1.040,-24.1,+17.4,-10.4,-0.737,-0.002,+0.675,29.0
2025-06-01T15:00:16.066,16.067,964,HEAD,Head_main,0x09,2,964,0.000,+0.254,-0.943,-1.030,-27.8,+13.9,-7.0,-0.741,-0.010,+0.671,29.0
2025-06-01T15:00:16.083,16.083,965,HEAD,Head_main,0x09,2,965,0.000,+0.249,-0.850,-1.021,-41.6,+15.6,-5.6,-0.743,-0.016,+0.669,29.0
2025-06-01T15:00:16.100,16.100,966,HEAD,Head_main,0x09,2,966,0.000,+0.244,-0.585,-0.995,-64.4,+22.5,-5.1,-0.747,-0.029,+0.664,29.0
2025-06-01T15:00:16.116,16.117,967,HEAD,Head_main,0x09,2,967,0.000,+0.249,-0.232,-0.956,-52.2,+18.1,-1.7,-0.751,-0.043,+0.658,29.0
2025-06-01T15:00:16.133,16.133,968,HEAD,Head_main,0x09,2,968,0.000,+0.254,-0.033,-0.932,-52.3,+19.3,+0.9,-0.754,-0.050,+0.655,29.0
2025-06-01T15:00:16.150,16.150,969,HEAD,Head_main,0x09,2,969,0.000,+0.267,+0.386,-0.878,-66.5,+26.7,+3.8,-0.759,-0.062,+0.648,29.0
2025-06-01T15:00:16.166,16.167,970,HEAD,Head_main,0x09,2,970,0.000,+0.283,+0.806,-0.818,-58.7,+28.1,+6.4,-0.764,-0.073,+0.641,29.0
2025-06-01T15:00:16.183,16.183,971,HEAD,Head_main,0x09,2,971,0.000,+0.305,+1.189,-0.758,-37.6,+21.8,+5.8,-0.770,-0.081,+0.633,29.0
2025-06-01T15:00:16.200,16.200,972,HEAD,Head_main,0x09,2,972,0.000,+0.317,+1.354,-0.730,-25.3,+22.4,+6.1,-0.772,-0.084,+0.629,29.0
2025-06-01T15:00:16.216,16.217,973,HEAD,Head_main,0x09,2,973,0.000,+0.345,+1.605,-0.684,-18.9,+29.9,+7.5,-0.778,-0.088,+0.622,29.0
2025-06-01T15:00:16.233,16.233,974,HEAD,Head_main,0x09,2,974,0.000,+0.372,+1.724,-0.652,+0.4,+29.2,+5.9,-0.784,-0.088,+0.615,29.0
2025-06-01T15:00:16.250,16.250,975,HEAD,Head_main,0x09,2,975,0.000,+0.395,+1.705,-0.638,+9.8,+21.0,+3.3,-0.789,-0.085,+0.609,29.0
2025-06-01T15:00:16.266,16.267,976,HEAD,Head_main,0x09,2,976,0.000,+0.405,+1.647,-0.638,+19.6,+19.2,+2.0,-0.791,-0.083,+0.606,29.0
2025-06-01T15:00:16.283,16.283,977,HEAD,Head_main,0x09,2,977,0.000,+0.418,+1.452,-0.653,+34.1,+23.8,+1.2,-0.796,-0.077,+0.601,29.0
2025-06-01T15:00:16.300,16.300,978,HEAD,Head_main,0x09,2,978,0.000,+0.423,+1.170,-0.685,+30.3,+16.6,-0.4,-0.800,-0.070,+0.596,29.0
2025-06-01T15:00:16.316,16.317,979,HEAD,Head_main,0x09,2,979,0.000,+0.421,+1.005,-0.706,+30.9,+15.3,-2.5,-0.801,-0.067,+0.594,29.0
2025-06-01T15:00:16.333,16.333,980,HEAD,Head_main,0x09,2,980,0.000,+0.410,+0.660,-0.751,+35.2,+19.8,-5.8,-0.805,-0.061,+0.590,29.0
2025-06-01T15:00:16.350,16.350,981,HEAD,Head_main,0x09,2,981,0.000,+0.395,+0.340,-0.794,+24.7,+19.9,-8.5,-0.808,-0.057,+0.586,29.0
2025-06-01T15:00:16.366,16.367,982,HEAD,Head_main,0x09,2,982,0.000,+0.380,+0.073,-0.830,+13.0,+15.4,-7.4,-0.811,-0.056,+0.582,29.0
2025-06-01T15:00:16.383,16.383,983,HEAD,Head_main,0x09,2,983,0.000,+0.374,-0.040,-0.846,+7.1,+16.5,-7.7,-0.813,-0.057,+0.579,29.0
2025-06-01T15:00:16.400,16.400,984,HEAD,Head_main,0x09,2,984,0.000,+0.364,-0.225,-0.870,+2.9,+23.2,-9.9,-0.817,-0.058,+0.574,29.0
2025-06-01T15:00:16.416,16.417,985,HEAD,Head_main,0x09,2,985,0.000,+0.356,-0.348,-0.885,-3.2,+18.4,-6.9,-0.820,-0.060,+0.569,29.0
2025-06-01T15:00:16.433,16.433,986,HEAD,Head_main,0x09,2,986,0.000,+0.354,-0.385,-0.889,-10.1,+20.1,-5.8,-0.822,-0.062,+0.565,29.0
2025-06-01T15:00:16.450,16.450,987,HEAD,Head_main,0x09,2,987,0.000,+0.354,-0.413,-0.894,-18.6,+28.6,-6.3,-0.827,-0.066,+0.559,29.0
2025-06-01T15:00:16.466,16.467,988,HEAD,Head_main,0x09,2,988,0.000,+0.360,-0.387,-0.894,-23.0,+30.9,-3.9,-0.832,-0.071,+0.551,29.0
2025-06-01T15:00:16.483,16.483,989,HEAD,Head_main,0x09,2,989,0.000,+0.373,-0.317,-0.893,-18.2,+24.3,-1.3,-0.837,-0.076,+0.543,29.0
2025-06-01T15:00:16.500,16.500,990,HEAD,Head_main,0x09,2,990,0.000,+0.383,-0.268,-0.892,-16.4,+25.0,+1.6,-0.839,-0.077,+0.538,29.0
2025-06-01T15:00:16.516,16.517,991,HEAD,Head_main,0x09,2,991,0.000,+0.409,-0.158,-0.890,-17.1,+32.7,+6.2,-0.844,-0.080,+0.530,29.0
2025-06-01T15:00:16.533,16.533,992,HEAD,Head_main,0x09,2,992,0.000,+0.442,-0.047,-0.890,-8.6,+23.4,+7.8,-0.850,-0.080,+0.521,29.0
2025-06-01T15:00:16.550,16.550,993,HEAD,Head_main,0x09,2,993,0.000,+0.461,+0.003,-0.891,-1.9,+20.6,+12.0,-0.852,-0.079,+0.518,29.0
2025-06-01T15:00:16.566,16.567,994,HEAD,Head_main,0x09,2,994,0.000,+0.497,+0.087,-0.893,+3.6,+23.8,+19.1,-0.856,-0.074,+0.511,29.0
2025-06-01T15:00:16.583,16.583,995,HEAD,Head_main,0x09,2,995,0.000,+0.529,+0.144,-0.896,+10.2,+18.6,+21.7,-0.860,-0.068,+0.506,29.0
2025-06-01T15:00:16.600,16.600,996,HEAD,Head_main,0x09,2,996,0.000,+0.556,+0.174,-0.899,+10.3,+11.1,+16.9,-0.863,-0.061,+0.502,29.0
2025-06-01T15:00:16.616,16.617,997,HEAD,Head_main,0x09,2,997,0.000,+0.566,+0.180,-0.901,+12.1,+7.8,+16.6,-0.864,-0.057,+0.501,29.0
2025-06-01T15:00:16.633,16.633,998,HEAD,Head_main,0x09,2,998,0.000,+0.580,+0.179,-0.903,+16.7,+7.6,+20.9,-0.865,-0.049,+0.499,29.0
2025-06-01T15:00:16.650,16.650,999,HEAD,Head_main,0x09,2,999,0.000,+0.585,+0.168,-0.906,+17.0,+4.9,+18.4,-0.867,-0.041,+0.497,29.0
2025-06-01T15:00:16.666,16.667,1000,HEAD,Head_main,0x09,2,1000,0.000,+0.583,+0.150,-0.907,+12.8,+2.6,+12.1,-0.867,-0.035,+0.497,29.0
2025-06-01T15:00:16.683,16.683,1001,HEAD,Head_main,0x09,2,1001,0.000,+0.579,+0.139,-0.908,+12.8,+2.1,+9.6,-0.868,-0.031,+0.496,29.0
2025-06-01T15:00:16.700,16.700,1002,HEAD,Head_main,0x09,2,1002,0.000,+0.569,+0.119,-0.908,+17.2,+2.7,+10.7,-0.868,-0.026,+0.496,29.0
2025-06-01T15:00:16.716,16.717,1003,HEAD,Head_main,0x09,2,1003,0.000,+0.555,+0.104,-0.907,+17.9,+3.3,+8.7,-0.868,-0.021,+0.495,29.0
2025-06-01T15:00:16.733,16.733,1004,HEAD,Head_main,0x09,2,1004,0.000,+0.540,+0.098,-0.904,+14.3,+3.0,+5.8,-0.869,-0.016,+0.494,29.0
2025-06-01T15:00:16.750,16.750,1005,HEAD,Head_main,0x09,2,1005,0.000,+0.533,+0.098,-0.902,+16.4,+3.9,+5.5,-0.869,-0.014,+0.494,29.0
2025-06-01T15:00:16.766,16.767,1006,HEAD,Head_main,0x09,2,1006,0.000,+0.522,+0.102,-0.899,+24.7,+6.0,+7.4,-0.870,-0.009,+0.493,29.0
2025-06-01T15:00:16.783,16.783,1007,HEAD,Head_main,0x09,2,1007,0.000,+0.514,+0.103,-0.895,+20.7,+4.9,+5.8,-0.871,-0.003,+0.491,29.0
2025-06-01T15:00:16.800,16.800,1008,HEAD,Head_main,0x09,2,1008,0.000,+0.512,+0.101,-0.894,+23.0,+5.2,+6.2,-0.872,-0.000,+0.490,29.0
2025-06-01T15:00:16.816,16.817,1009,HEAD,Head_main,0x09,2,1009,0.000,+0.510,+0.090,-0.891,+31.6,+6.8,+8.4,-0.873,+0.006,+0.488,29.0
2025-06-01T15:00:16.833,16.833,1010,HEAD,Head_main,0x09,2,1010,0.000,+0.508,+0.073,-0.888,+31.2,+6.5,+8.0,-0.874,+0.013,+0.487,29.0
2025-06-01T15:00:16.850,16.850,1011,HEAD,Head_main,0x09,2,1011,0.000,+0.506,+0.052,-0.885,+22.2,+4.8,+5.5,-0.874,+0.019,+0.485,29.0
2025-06-01T15:00:16.866,16.867,1012,HEAD,Head_main,0x09,2,1012,0.000,+0.505,+0.041,-0.883,+19.2,+5.0,+4.4,-0.875,+0.022,+0.484,29.0
2025-06-01T15:00:16.883,16.883,1013,HEAD,Head_main,0x09,2,1013,0.000,+0.500,+0.020,-0.879,+21.6,+7.4,+4.8,-0.876,+0.027,+0.482,29.0
2025-06-01T15:00:16.900,16.900,1014,HEAD,Head_main,0x09,2,1014,0.000,+0.492,+0.002,-0.874,+15.4,+9.5,+3.5,-0.877,+0.031,+0.480,29.0
2025-06-01T15:00:16.916,16.917,1015,HEAD,Head_main,0x09,2,1015,0.000,+0.483,-0.011,-0.868,+7.8,+8.8,+2.2,-0.878,+0.033,+0.477,29.0
2025-06-01T15:00:16.933,16.933,1016,HEAD,Head_main,0x09,2,1016,0.000,+0.479,-0.015,-0.863,+3.0,+11.7,+2.2,-0.879,+0.034,+0.475,29.0
2025-06-01T15:00:16.950,16.950,1017,HEAD,Head_main,0x09,2,1017,0.000,+0.471,-0.017,-0.853,-0.1,+19.1,+3.5,-0.882,+0.035,+0.471,29.0
2025-06-01T15:00:16.966,16.967,1018,HEAD,Head_main,0x09,2,1018,0.000,+0.467,-0.010,-0.841,-2.7,+17.1,+3.3,-0.884,+0.036,+0.465,29.0
2025-06-01T15:00:16.983,16.983,1019,HEAD,Head_main,0x09,2,1019,0.000,+0.466,-0.004,-0.834,-4.8,+20.9,+4.4,-0.886,+0.036,+0.462,29.0
2025-06-01T15:00:17.000,17.000,1020,HEAD,Head_main,0x09,2,1020,0.000,+0.469,+0.008,-0.820,-7.6,+31.5,+6.8,-0.890,+0.037,+0.455,29.0
2025-06-01T15:00:17.016,17.017,1021,HEAD,Head_main,0x09,2,1021,0.000,+0.478,+0.018,-0.805,-6.3,+26.1,+5.5,-0.894,+0.038,+0.446,29.0
2025-06-01T15:00:17.033,17.033,1022,HEAD,Head_main,0x09,2,1022,0.000,+0.485,+0.020,-0.799,-6.7,+28.7,+5.5,-0.897,+0.038,+0.441,29.0
2025-06-01T15:00:17.050,17.050,1023,HEAD,Head_main,0x09,2,1023,0.000,+0.503,+0.021,-0.786,-9.5,+39.7,+7.0,-0.901,+0.039,+0.431,29.0
2025-06-01T15:00:17.066,17.067,1024,HEAD,Head_main,0x09,2,1024,0.000,+0.525,+0.018,-0.775,-7.6,+30.4,+4.9,-0.906,+0.039,+0.421,29.0
2025-06-01T15:00:17.083,17.083,1025,HEAD,Head_main,0x09,2,1025,0.000,+0.537,+0.015,-0.770,-8.5,+30.2,+4.3,-0.909,+0.039,+0.415,29.0
2025-06-01T15:00:17.100,17.100,1026,HEAD,Head_main,0x09,2,1026,0.000,+0.561,+0.009,-0.762,-12.3,+39.2,+5.0,-0.914,+0.040,+0.405,29.0
2025-06-01T15:00:17.116,17.117,1027,HEAD,Head_main,0x09,2,1027,0.000,+0.581,+0.004,-0.755,-13.6,+37.3,+4.1,-0.918,+0.039,+0.395,29.0
2025-06-01T15:00:17.133,17.133,1028,HEAD,Head_main,0x09,2,1028,0.000,+0.597,+0.000,-0.750,-10.8,+26.9,+2.7,-0.922,+0.039,+0.385,29.0
2025-06-01T15:00:17.150,17.150,1029,HEAD,Head_main,0x09,2,1029,0.000,+0.603,-0.001,-0.748,-11.4,+25.6,+2.2,-0.924,+0.038,+0.381,29.0
2025-06-01T15:00:17.166,17.167,1030,HEAD,Head_main,0x09,2,1030,0.000,+0.614,-0.002,-0.744,-15.5,+33.0,+2.9,-0.928,+0.037,+0.372,29.0
2025-06-01T15:00:17.183,17.183,1031,HEAD,Head_main,0x09,2,1031,0.000,+0.623,-0.001,-0.740,-15.6,+31.5,+3.0,-0.931,+0.036,+0.363,29.0
2025-06-01T15:00:17.200,17.200,1032,HEAD,Head_main,0x09,2,1032,0.000,+0.632,+0.004,-0.737,-11.6,+22.8,+2.5,-0.934,+0.036,+0.355,29.0
2025-06-01T15:00:17.216,17.217,1033,HEAD,Head_main,0x09,2,1033,0.000,+0.638,+0.007,-0.735,-11.0,+21.5,+2.7,-0.936,+0.035,+0.351,29.0
2025-06-01T15:00:17.233,17.233,1034,HEAD,Head_main,0x09,2,1034,0.000,+0.649,+0.016,-0.732,-13.6,+27.0,+3.6,-0.939,+0.035,+0.344,29.0
2025-06-01T15:00:17.250,17.250,1035,HEAD,Head_main,0x09,2,1035,0.000,+0.660,+0.026,-0.729,-9.3,+19.0,+2.5,-0.941,+0.035,+0.337,29.0
2025-06-01T15:00:17.266,17.267,1036,HEAD,Head_main,0x09,2,1036,0.000,+0.666,+0.030,-0.728,-7.9,+16.9,+1.9,-0.942,+0.034,+0.333,29.0
2025-06-01T15:00:17.283,17.283,1037,HEAD,Head_main,0x09,2,1037,0.000,+0.677,+0.038,-0.727,-9.0,+20.3,+1.9,-0.944,+0.034,+0.327,29.0
2025-06-01T15:00:17.300,17.300,1038,HEAD,Head_main,0x09,2,1038,0.000,+0.686,+0.041,-0.727,-7.2,+17.3,+1.0,-0.946,+0.034,+0.322,29.0
2025-06-01T15:00:17.316,17.317,1039,HEAD,Head_main,0x09,2,1039,0.000,+0.692,+0.040,-0.727,-4.6,+11.5,+0.4,-0.947,+0.033,+0.318,29.0
2025-06-01T15:00:17.333,17.333,1040,HEAD,Head_main,0x09,2,1040,0.000,+0.693,+0.037,-0.728,-4.1,+9.9,+0.1,-0.948,+0.033,+0.316,29.0
2025-06-01T15:00:17.350,17.350,1041,HEAD,Head_main,0x09,2,1041,0.000,+0.693,+0.031,-0.729,-5.0,+12.5,+0.1,-0.949,+0.033,+0.313,29.0
2025-06-01T15:00:17.366,17.367,1042,HEAD,Head_main,0x09,2,1042,0.000,+0.690,+0.022,-0.730,-3.9,+12.5,+0.2,-0.950,+0.032,+0.309,29.0
2025-06-01T15:00:17.383,17.383,1043,HEAD,Head_main,0x09,2,1043,0.000,+0.685,+0.007,-0.733,-1.9,+9.9,+0.3,-0.952,+0.032,+0.306,29.0
2025-06-01T15:00:17.400,17.400,1044,HEAD,Head_main,0x09,2,1044,0.000,+0.683,-0.006,-0.734,+0.1,+11.2,+0.5,-0.952,+0.032,+0.304,29.0
2025-06-01T15:00:17.416,17.417,1045,HEAD,Head_main,0x09,2,1045,0.000,+0.682,-0.047,-0.739,+1.6,+16.1,+0.8,-0.954,+0.032,+0.300,29.0
2025-06-01T15:00:17.433,17.433,1046,HEAD,Head_main,0x09,2,1046,0.000,+0.686,-0.110,-0.745,+2.2,+17.2,+0.7,-0.955,+0.033,+0.295,29.0
2025-06-01T15:00:17.450,17.450,1047,HEAD,Head_main,0x09,2,1047,0.000,+0.693,-0.188,-0.751,+1.2,+13.2,+0.4,-0.956,+0.033,+0.290,29.0
2025-06-01T15:00:17.466,17.467,1048,HEAD,Head_main,0x09,2,1048,0.000,+0.696,-0.228,-0.754,-0.5,+13.1,-0.1,-0.957,+0.033,+0.288,29.0
2025-06-01T15:00:17.483,17.483,1049,HEAD,Head_main,0x09,2,1049,0.000,+0.701,-0.306,-0.760,-3.4,+17.3,-1.0,-0.959,+0.033,+0.283,29.0
2025-06-01T15:00:17.500,17.500,1050,HEAD,Head_main,0x09,2,1050,0.000,+0.703,-0.374,-0.766,-4.9,+12.8,-1.4,-0.960,+0.032,+0.278,29.0
2025-06-01T15:00:17.516,17.517,1051,HEAD,Head_main,0x09,2,1051,0.000,+0.702,-0.401,-0.769,-9.4,+12.7,-2.1,-0.961,+0.031,+0.276,29.0
2025-06-01T15:00:17.533,17.533,1052,HEAD,Head_main,0x09,2,1052,0.000,+0.699,-0.435,-0.775,-18.3,+16.9,-2.9,-0.962,+0.029,+0.271,29.0
2025-06-01T15:00:17.550,17.550,1053,HEAD,Head_main,0x09,2,1053,0.000,+0.696,-0.434,-0.778,-18.4,+12.9,-2.0,-0.963,+0.027,+0.267,29.0
2025-06-01T15:00:17.566,17.567,1054,HEAD,Head_main,0x09,2,1054,0.000,+0.694,-0.418,-0.777,-25.0,+13.4,-1.6,-0.964,+0.025,+0.264,29.0
2025-06-01T15:00:17.583,17.583,1055,HEAD,Head_main,0x09,2,1055,0.000,+0.694,-0.348,-0.772,-40.1,+18.7,-1.5,-0.966,+0.022,+0.259,29.0
2025-06-01T15:00:17.600,17.600,1056,HEAD,Head_main,0x09,2,1056,0.000,+0.697,-0.227,-0.758,-48.7,+19.9,-0.6,-0.967,+0.018,+0.254,29.0
2025-06-01T15:00:17.616,17.617,1057,HEAD,Head_main,0x09,2,1057,0.000,+0.704,-0.051,-0.733,-40.8,+15.8,+0.3,-0.968,+0.015,+0.249,29.0
2025-06-01T15:00:17.633,17.633,1058,HEAD,Head_main,0x09,2,1058,0.000,+0.709,+0.056,-0.717,-44.5,+17.2,+1.2,-0.969,+0.013,+0.246,29.0
2025-06-01T15:00:17.650,17.650,1059,HEAD,Head_main,0x09,2,1059,0.000,+0.723,+0.303,-0.675,-60.4,+24.3,+2.6,-0.971,+0.009,+0.239,29.0
2025-06-01T15:00:17.666,17.667,1060,HEAD,Head_main,0x09,2,1060,0.000,+0.742,+0.573,-0.621,-45.3,+19.1,+2.7,-0.973,+0.006,+0.232,29.0
2025-06-01T15:00:17.683,17.683,1061,HEAD,Head_main,0x09,2,1061,0.000,+0.754,+0.710,-0.589,-44.4,+19.6,+2.8,-0.974,+0.004,+0.229,29.0
2025-06-01T15:00:17.700,17.700,1062,HEAD,Head_main,0x09,2,1062,0.000,+0.782,+0.979,-0.518,-57.9,+25.8,+3.7,-0.975,+0.002,+0.221,29.0
2025-06-01T15:00:17.716,17.717,1063,HEAD,Head_main,0x09,2,1063,0.000,+0.812,+1.231,-0.440,-54.1,+24.6,+3.4,-0.977,-0.001,+0.214,29.0
2025-06-01T15:00:17.733,17.733,1064,HEAD,Head_main,0x09,2,1064,0.000,+0.837,+1.453,-0.365,-36.3,+17.6,+2.4,-0.978,-0.003,+0.207,29.0
2025-06-01T15:00:17.750,17.750,1065,HEAD,Head_main,0x09,2,1065,0.000,+0.847,+1.546,-0.331,-25.4,+16.8,+2.3,-0.979,-0.004,+0.204,29.0
2025-06-01T15:00:17.766,17.767,1066,HEAD,Head_main,0x09,2,1066,0.000,+0.859,+1.675,-0.276,-18.4,+22.1,+3.3,-0.980,-0.005,+0.198,29.0
2025-06-01T15:00:17.783,17.783,1067,HEAD,Head_main,0x09,2,1067,0.000,+0.862,+1.701,-0.245,+4.9,+22.1,+3.7,-0.982,-0.004,+0.191,29.0
2025-06-01T15:00:17.800,17.800,1068,HEAD,Head_main,0x09,2,1068,0.000,+0.858,+1.605,-0.241,+17.2,+16.8,+3.1,-0.983,-0.002,+0.185,29.0
2025-06-01T15:00:17.816,17.817,1069,HEAD,Head_main,0x09,2,1069,0.000,+0.855,+1.512,-0.250,+33.5,+17.2,+3.8,-0.983,-0.001,+0.182,29.0
2025-06-01T15:00:17.833,17.833,1070,HEAD,Head_main,0x09,2,1070,0.000,+0.844,+1.243,-0.287,+57.6,+23.3,+5.8,-0.985,+0.003,+0.175,29.0
2025-06-01T15:00:17.850,17.850,1071,HEAD,Head_main,0x09,2,1071,0.000,+0.830,+0.895,-0.344,+69.9,+23.9,+6.8,-0.986,+0.008,+0.168,29.0
2025-06-01T15:00:17.866,17.867,1072,HEAD,Head_main,0x09,2,1072,0.000,+0.813,+0.506,-0.413,+56.5,+18.4,+5.6,-0.987,+0.014,+0.161,29.0
2025-06-01T15:00:17.883,17.883,1073,HEAD,Head_main,0x09,2,1073,0.000,+0.805,+0.308,-0.450,+57.7,+19.4,+6.8,-0.987,+0.017,+0.157,29.0
2025-06-01T15:00:17.900,17.900,1074,HEAD,Head_main,0x09,2,1074,0.000,+0.790,-0.073,-0.524,+74.6,+26.9,+10.0,-0.989,+0.023,+0.149,29.0
2025-06-01T15:00:17.916,17.917,1075,HEAD,Head_main,0x09,2,1075,0.000,+0.778,-0.413,-0.592,+68.1,+28.2,+11.4,-0.990,+0.029,+0.141,29.0
2025-06-01T15:00:17.933,17.933,1076,HEAD,Head_main,0x09,2,1076,0.000,+0.773,-0.693,-0.647,+45.4,+21.8,+9.1,-0.991,+0.035,+0.132,29.0
2025-06-01T15:00:17.950,17.950,1077,HEAD,Head_main,0x09,2,1077,0.000,+0.772,-0.806,-0.668,+35.3,+22.4,+9.9,-0.991,+0.038,+0.127,29.0
2025-06-01T15:00:17.966,17.967,1078,HEAD,Head_main,0x09,2,1078,0.000,+0.776,-0.970,-0.699,+36.3,+30.0,+14.0,-0.992,+0.043,+0.118,29.0
2025-06-01T15:00:17.983,17.983,1079,HEAD,Head_main,0x09,2,1079,0.000,+0.788,-1.053,-0.714,+19.8,+22.5,+11.5,-0.993,+0.049,+0.109,29.0
2025-06-01T15:00:18.000,18.000,1080,HEAD,Head_main,0x09,2,1080,0.000,+0.796,-1.068,-0.718,+13.5,+22.1,+13.5,-0.993,+0.051,+0.105,29.0
2025-06-01T15:00:18.016,18.017,1081,HEAD,Head_main,0x09,2,1081,0.000,+0.813,-1.058,-0.720,+15.9,+28.6,+19.7,-0.994,+0.057,+0.096,29.0
2025-06-01T15:00:18.033,18.033,1082,HEAD,Head_main,0x09,2,1082,0.000,+0.828,-1.021,-0.718,+17.2,+27.4,+20.4,-0.994,+0.064,+0.088,29.0
2025-06-01T15:00:18.050,18.050,1083,HEAD,Head_main,0x09,2,1083,0.000,+0.839,-0.994,-0.717,+15.3,+19.8,+14.8,-0.994,+0.070,+0.079,29.0
2025-06-01T15:00:18.066,18.067,1084,HEAD,Head_main,0x09,2,1084,0.000,+0.844,-0.993,-0.718,+18.9,+18.6,+13.0,-0.994,+0.073,+0.076,29.0
2025-06-01T15:00:18.083,18.083,1085,HEAD,Head_main,0x09,2,1085,0.000,+0.850,-1.023,-0.721,+24.7,+22.8,+14.2,-0.995,+0.078,+0.068,29.0
2025-06-01T15:00:18.100,18.100,1086,HEAD,Head_main,0x09,2,1086,0.000,+0.850,-1.076,-0.724,+18.0,+19.9,+9.1,-0.995,+0.082,+0.061,29.0
2025-06-01T15:00:18.116,18.117,1087,HEAD,Head_main,0x09,2,1087,0.000,+0.839,-1.112,-0.724,+7.1,+13.5,+3.5,-0.995,+0.084,+0.056,29.0
2025-06-01T15:00:18.133,18.133,1088,HEAD,Head_main,0x09,2,1088,0.000,+0.828,-1.114,-0.724,+0.1,+8.6,+0.2,-0.995,+0.084,+0.053,29.0
2025-06-01T15:00:18.150,18.150,1089,HEAD,Head_main,0x09,2,1089,0.000,+0.816,-1.100,-0.723,-5.5,+13.2,-1.8,-0.995,+0.084,+0.051,29.0
2025-06-01T15:00:18.166,18.167,1090,HEAD,Head_main,0x09,2,1090,0.000,+0.794,-1.027,-0.718,-9.0,+13.5,-2.7,-0.995,+0.083,+0.046,29.0
2025-06-01T15:00:18.183,18.183,1091,HEAD,Head_main,0x09,2,1091,0.000,+0.787,-0.967,-0.713,-16.2,+13.7,-2.8,-0.996,+0.083,+0.043,29.0
2025-06-01T15:00:18.200,18.200,1092,HEAD,Head_main,0x09,2,1092,0.000,+0.785,-0.795,-0.692,-29.9,+17.1,-1.7,-0.996,+0.081,+0.038,29.0
2025-06-01T15:00:18.216,18.217,1093,HEAD,Head_main,0x09,2,1093,0.000,+0.801,-0.547,-0.655,-39.6,+14.3,+3.0,-0.996,+0.081,+0.035,29.0
2025-06-01T15:00:18.233,18.233,1094,HEAD,Head_main,0x09,2,1094,0.000,+0.826,-0.223,-0.601,-33.4,+9.1,+5.8,-0.996,+0.082,+0.032,29.0
2025-06-01T15:00:18.250,18.250,1095,HEAD,Head_main,0x09,2,1095,0.000,+0.839,-0.038,-0.568,-33.4,+8.5,+10.9,-0.996,+0.084,+0.031,29.0
2025-06-01T15:00:18.266,18.267,1096,HEAD,Head_main,0x09,2,1096,0.000,+0.863,+0.361,-0.496,-40.0,+13.7,+18.9,-0.996,+0.088,+0.029,29.0
2025-06-01T15:00:18.283,18.283,1097,HEAD,Head_main,0x09,2,1097,0.000,+0.885,+0.764,-0.418,-30.0,+19.8,+23.0,-0.995,+0.094,+0.025,29.0
2025-06-01T15:00:18.300,18.300,1098,HEAD,Head_main,0x09,2,1098,0.000,+0.905,+1.132,-0.343,-14.9,+19.7,+18.4,-0.995,+0.101,+0.019,29.0
2025-06-01T15:00:18.316,18.317,1099,HEAD,Head_main,0x09,2,1099,0.000,+0.913,+1.289,-0.309,-1.5,+27.8,+17.8,-0.994,+0.104,+0.015,29.0
2025-06-01T15:00:18.333,18.333,1100,HEAD,Head_main,0x09,2,1100,0.000,+0.924,+1.521,-0.253,+12.6,+46.0,+21.4,-0.994,+0.111,+0.003,29.0
2025-06-01T15:00:18.350,18.350,1101,HEAD,Head_main,0x09,2,1101,0.000,+0.930,+1.617,-0.214,+29.2,+56.9,+16.7,-0.993,+0.117,-0.013,29.0
2025-06-01T15:00:18.366,18.367,1102,HEAD,Head_main,0x09,2,1102,0.000,+0.932,+1.567,-0.197,+28.2,+47.9,+8.9,-0.992,+0.120,-0.032,29.0
2025-06-01T15:00:18.383,18.383,1103,HEAD,Head_main,0x09,2,1103,0.000,+0.931,+1.496,-0.197,+31.9,+53.0,+3.9,-0.992,+0.121,-0.042,29.0
2025-06-01T15:00:18.400,18.400,1104,HEAD,Head_main,0x09,2,1104,0.000,+0.922,+1.283,-0.212,+44.3,+74.0,+0.3,-0.990,+0.122,-0.065,29.0
2025-06-01T15:00:18.416,18.417,1105,HEAD,Head_main,0x09,2,1105,0.000,+0.908,+1.001,-0.245,+34.5,+57.2,-2.9,-0.989,+0.120,-0.088,29.0
2025-06-01T15:00:18.433,18.433,1106,HEAD,Head_main,0x09,2,1106,0.000,+0.902,+0.841,-0.266,+34.2,+57.1,-4.7,-0.988,+0.118,-0.100,29.0
2025-06-01T15:00:18.450,18.450,1107,HEAD,Head_main,0x09,2,1107,0.000,+0.897,+0.500,-0.308,+41.0,+72.6,-7.2,-0.986,+0.115,-0.123,29.0
2025-06-01T15:00:18.466,18.467,1108,HEAD,Head_main,0x09,2,1108,0.000,+0.903,+0.162,-0.345,+30.7,+64.1,-7.2,-0.983,+0.111,-0.145,29.0
2025-06-01T15:00:18.483,18.483,1109,HEAD,Head_main,0x09,2,1109,0.000,+0.915,-0.135,-0.374,+16.3,+41.8,-5.2,-0.981,+0.108,-0.162,29.0
2025-06-01T15:00:18.500,18.500,1110,HEAD,Head_main,0x09,2,1110,0.000,+0.920,-0.260,-0.385,+8.6,+32.8,-5.1,-0.980,+0.107,-0.169,29.0
2025-06-01T15:00:18.516,18.517,1111,HEAD,Head_main,0x09,2,1111,0.000,+0.924,-0.462,-0.400,+5.9,+36.1,-7.8,-0.978,+0.105,-0.181,29.0
2025-06-01T15:00:18.533,18.533,1112,HEAD,Head_main,0x09,2,1112,0.000,+0.922,-0.605,-0.406,+0.5,+22.2,-7.0,-0.976,+0.102,-0.190,29.0
2025-06-01T15:00:18.550,18.550,1113,HEAD,Head_main,0x09,2,1113,0.000,+0.919,-0.656,-0.406,-5.6,+17.5,-9.4,-0.976,+0.101,-0.194,29.0
2025-06-01T15:00:18.566,18.567,1114,HEAD,Head_main,0x09,2,1114,0.000,+0.910,-0.710,-0.400,-14.5,+20.0,-15.4,-0.975,+0.097,-0.200,29.0
2025-06-01T15:00:18.583,18.583,1115,HEAD,Head_main,0x09,2,1115,0.000,+0.899,-0.689,-0.384,-22.7,+16.6,-18.7,-0.974,+0.094,-0.204,29.0
2025-06-01T15:00:18.600,18.600,1116,HEAD,Head_main,0x09,2,1116,0.000,+0.890,-0.595,-0.362,-20.0,+10.8,-15.0,-0.974,+0.089,-0.208,29.0
2025-06-01T15:00:18.616,18.617,1117,HEAD,Head_main,0x09,2,1117,0.000,+0.889,-0.526,-0.351,-19.6,+8.5,-13.9,-0.974,+0.087,-0.210,29.0
2025-06-01T15:00:18.633,18.633,1118,HEAD,Head_main,0x09,2,1118,0.000,+0.893,-0.366,-0.332,-21.7,+8.2,-15.0,-0.974,+0.084,-0.212,29.0
2025-06-01T15:00:18.650,18.650,1119,HEAD,Head_main,0x09,2,1119,0.000,+0.903,-0.197,-0.319,-12.7,+4.0,-9.2,-0.974,+0.082,-0.213,29.0
2025-06-01T15:00:18.666,18.667,1120,HEAD,Head_main,0x09,2,1120,0.000,+0.914,-0.043,-0.313,-3.3,+1.1,-3.5,-0.974,+0.080,-0.214,29.0
2025-06-01T15:00:18.683,18.683,1121,HEAD,Head_main,0x09,2,1121,0.000,+0.918,+0.023,-0.312,+5.4,-0.2,+0.3,-0.974,+0.080,-0.214,29.0
2025-06-01T15:00:18.700,18.700,1122,HEAD,Head_main,0x09,2,1122,0.000,+0.927,+0.125,-0.312,+14.7,-0.7,+3.4,-0.974,+0.080,-0.214,29.0
2025-06-01T15:00:18.716,18.717,1123,HEAD,Head_main,0x09,2,1123,0.000,+0.937,+0.183,-0.316,+15.9,-0.6,+4.7,-0.974,+0.080,-0.214,29.0
2025-06-01T15:00:18.733,18.733,1124,HEAD,Head_main,0x09,2,1124,0.000,+0.941,+0.197,-0.320,+20.8,-0.7,+7.1,-0.973,+0.080,-0.214,29.0
2025-06-01T15:00:18.750,18.750,1125,HEAD,Head_main,0x09,2,1125,0.000,+0.950,+0.200,-0.330,+31.5,-1.1,+11.5,-0.973,+0.082,-0.214,29.0
2025-06-01T15:00:18.766,18.767,1126,HEAD,Head_main,0x09,2,1126,0.000,+0.959,+0.171,-0.341,+35.4,-1.7,+14.1,-0.973,+0.083,-0.215,29.0
2025-06-01T15:00:18.783,18.783,1127,HEAD,Head_main,0x09,2,1127,0.000,+0.968,+0.113,-0.354,+28.1,-1.9,+12.0,-0.973,+0.085,-0.215,29.0
2025-06-01T15:00:18.800,18.800,1128,HEAD,Head_main,0x09,2,1128,0.000,+0.972,+0.074,-0.360,+27.6,-2.9,+13.8,-0.973,+0.086,-0.215,29.0
2025-06-01T15:00:18.816,18.817,1129,HEAD,Head_main,0x09,2,1129,0.000,+0.980,-0.011,-0.371,+33.1,-5.0,+19.5,-0.973,+0.089,-0.215,29.0
2025-06-01T15:00:18.833,18.833,1130,HEAD,Head_main,0x09,2,1130,0.000,+0.985,-0.082,-0.377,+20.1,-4.1,+14.1,-0.972,+0.093,-0.214,29.0
2025-06-01T15:00:18.850,18.850,1131,HEAD,Head_main,0x09,2,1131,0.000,+0.987,-0.101,-0.377,+6.9,-1.8,+5.8,-0.972,+0.095,-0.214,29.0
2025-06-01T15:00:18.866,18.867,1132,HEAD,Head_main,0x09,2,1132,0.000,+0.988,-0.107,-0.377,+10.4,-3.6,+10.6,-0.972,+0.096,-0.214,29.0
2025-06-01T15:00:18.883,18.883,1133,HEAD,Head_main,0x09,2,1133,0.000,+0.996,-0.115,-0.375,+17.0,-7.0,+19.2,-0.972,+0.100,-0.212,29.0
2025-06-01T15:00:18.900,18.900,1134,HEAD,Head_main,0x09,2,1134,0.000,+1.009,-0.092,-0.371,+12.9,-6.1,+15.6,-0.972,+0.104,-0.211,29.0
2025-06-01T15:00:18.916,18.917,1135,HEAD,Head_main,0x09,2,1135,0.000,+1.015,-0.076,-0.369,+14.9,-6.7,+16.2,-0.972,+0.107,-0.210,29.0
2025-06-01T15:00:18.933,18.933,1136,HEAD,Head_main,0x09,2,1136,0.000,+1.024,-0.045,-0.365,+22.4,-8.6,+20.5,-0.972,+0.112,-0.208,29.0
2025-06-01T15:00:18.950,18.950,1137,HEAD,Head_main,0x09,2,1137,0.000,+1.024,-0.027,-0.361,+24.4,-6.8,+16.5,-0.972,+0.116,-0.206,29.0
2025-06-01T15:00:18.966,18.967,1138,HEAD,Head_main,0x09,2,1138,0.000,+1.020,-0.027,-0.356,+18.2,-3.6,+8.8,-0.971,+0.118,-0.205,29.0
2025-06-01T15:00:18.983,18.983,1139,HEAD,Head_main,0x09,2,1139,0.000,+1.016,-0.032,-0.353,+15.9,-1.2,+2.9,-0.971,+0.119,-0.205,29.0
2025-06-01T15:00:19.000,19.000,1140,HEAD,Head_main,0x09,2,1140,0.000,+1.005,-0.050,-0.346,+17.7,+0.5,-2.2,-0.971,+0.118,-0.206,29.0
2025-06-01T15:00:19.016,19.017,1141,HEAD,Head_main,0x09,2,1141,0.000,+0.988,-0.069,-0.337,+10.5,+1.8,-5.8,-0.972,+0.115,-0.207,29.0
2025-06-01T15:00:19.033,19.033,1142,HEAD,Head_main,0x09,2,1142,0.000,+0.978,-0.077,-0.331,+6.8,+3.5,-10.1,-0.972,+0.113,-0.208,29.0
2025-06-01T15:00:19.050,19.050,1143,HEAD,Head_main,0x09,2,1143,0.000,+0.956,-0.089,-0.319,+5.8,+5.9,-16.1,-0.972,+0.109,-0.209,29.0
2025-06-01T15:00:19.066,19.067,1144,HEAD,Head_main,0x09,2,1144,0.000,+0.935,-0.098,-0.305,+1.9,+6.9,-17.9,-0.972,+0.104,-0.211,29.0
2025-06-01T15:00:19.083,19.083,1145,HEAD,Head_main,0x09,2,1145,0.000,+0.919,-0.102,-0.292,-0.4,+5.4,-13.6,-0.972,+0.098,-0.213,29.0
2025-06-01T15:00:19.100,19.100,1146,HEAD,Head_main,0x09,2,1146,0.000,+0.912,-0.102,-0.285,-2.1,+5.2,-12.7,-0.972,+0.096,-0.214,29.0
2025-06-01T15:00:19.116,19.117,1147,HEAD,Head_main,0x09,2,1147,0.000,+0.902,-0.097,-0.275,-3.7,+6.4,-15.3,-0.972,+0.091,-0.216,29.0
2025-06-01T15:00:19.133,19.133,1148,HEAD,Head_main,0x09,2,1148,0.000,+0.897,-0.088,-0.267,-4.1,+5.4,-12.7,-0.972,+0.088,-0.218,29.0
2025-06-01T15:00:19.150,19.150,1149,HEAD,Head_main,0x09,2,1149,0.000,+0.897,-0.078,-0.262,-2.8,+3.4,-7.9,-0.972,+0.085,-0.219,29.0
2025-06-01T15:00:19.166,19.167,1150,HEAD,Head_main,0x09,2,1150,0.000,+0.898,-0.073,-0.261,-2.1,+2.5,-5.6,-0.972,+0.084,-0.220,29.0
2025-06-01T15:00:19.183,19.183,1151,HEAD,Head_main,0x09,2,1151,0.000,+0.901,-0.064,-0.260,-1.9,+2.6,-5.6,-0.972,+0.082,-0.220,29.0
2025-06-01T15:00:19.200,19.200,1152,HEAD,Head_main,0x09,2,1152,0.000,+0.907,-0.057,-0.261,-1.0,+2.0,-3.5,-0.972,+0.081,-0.221,29.0
2025-06-01T15:00:19.216,19.217,1153,HEAD,Head_main,0x09,2,1153,0.000,+0.913,-0.052,-0.264,-0.3,+1.3,-1.8,-0.972,+0.080,-0.221,29.0
2025-06-01T15:00:19.233,19.233,1154,HEAD,Head_main,0x09,2,1154,0.000,+0.916,-0.050,-0.265,+0.3,+1.3,-1.4,-0.972,+0.080,-0.222,29.0
2025-06-01T15:00:19.250,19.250,1155,HEAD,Head_main,0x09,2,1155,0.000,+0.921,-0.045,-0.269,+0.9,+1.8,-2.1,-0.972,+0.079,-0.222,29.0
2025-06-01T15:00:19.266,19.267,1156,HEAD,Head_main,0x09,2,1156,0.000,+0.926,-0.041,-0.272,+1.1,+1.5,-1.9,-0.972,+0.078,-0.223,29.0
2025-06-01T15:00:19.283,19.283,1157,HEAD,Head_main,0x09,2,1157,0.000,+0.928,-0.039,-0.274,+1.6,+1.7,-2.6,-0.972,+0.078,-0.223,29.0
2025-06-01T15:00:19.300,19.300,1158,HEAD,Head_main,0x09,2,1158,0.000,+0.934,-0.038,-0.277,+2.3,+2.2,-4.3,-0.972,+0.077,-0.224,29.0
2025-06-01T15:00:19.316,19.317,1159,HEAD,Head_main,0x09,2,1159,0.000,+0.940,-0.040,-0.280,+1.7,+1.4,-3.8,-0.972,+0.075,-0.224,29.0
2025-06-01T15:00:19.333,19.333,1160,HEAD,Head_main,0x09,2,1160,0.000,+0.943,-0.042,-0.280,+1.1,+0.7,-4.7,-0.972,+0.074,-0.225,29.0
2025-06-01T15:00:19.350,19.350,1161,HEAD,Head_main,0x09,2,1161,0.000,+0.949,-0.044,-0.281,+0.7,-0.2,-7.2,-0.972,+0.072,-0.225,29.0
2025-06-01T15:00:19.366,19.367,1162,HEAD,Head_main,0x09,2,1162,0.000,+0.953,-0.044,-0.282,-0.2,-1.7,-8.3,-0.972,+0.070,-0.225,29.0
2025-06-01T15:00:19.383,19.383,1163,HEAD,Head_main,0x09,2,1163,0.000,+0.956,-0.041,-0.282,-0.7,-2.2,-6.7,-0.972,+0.068,-0.224,29.0
2025-06-01T15:00:19.400,19.400,1164,HEAD,Head_main,0x09,2,1164,0.000,+0.957,-0.039,-0.282,-1.2,-3.3,-7.1,-0.972,+0.067,-0.223,29.0
2025-06-01T15:00:19.416,19.417,1165,HEAD,Head_main,0x09,2,1165,0.000,+0.957,-0.035,-0.282,-2.0,-5.2,-9.6,-0.973,+0.064,-0.222,29.0
2025-06-01T15:00:19.433,19.433,1166,HEAD,Head_main,0x09,2,1166,0.000,+0.956,-0.031,-0.283,-1.8,-4.3,-7.2,-0.974,+0.061,-0.220,29.0
2025-06-01T15:00:19.450,19.450,1167,HEAD,Head_main,0x09,2,1167,0.000,+0.954,-0.029,-0.284,-2.1,-4.4,-7.0,-0.974,+0.060,-0.219,29.0
2025-06-01T15:00:19.466,19.467,1168,HEAD,Head_main,0x09,2,1168,0.000,+0.951,-0.026,-0.285,-3.1,-5.5,-9.0,-0.974,+0.058,-0.218,29.0
2025-06-01T15:00:19.483,19.483,1169,HEAD,Head_main,0x09,2,1169,0.000,+0.948,-0.022,-0.286,-2.5,-3.7,-6.5,-0.975,+0.055,-0.216,29.0
2025-06-01T15:00:19.500,19.500,1170,HEAD,Head_main,0x09,2,1170,0.000,+0.947,-0.021,-0.286,-2.6,-2.7,-6.2,-0.975,+0.054,-0.216,29.0
2025-06-01T15:00:19.516,19.517,1171,HEAD,Head_main,0x09,2,1171,0.000,+0.944,-0.018,-0.287,-3.7,-2.5,-8.3,-0.975,+0.052,-0.215,29.0
2025-06-01T15:00:19.533,19.533,1172,HEAD,Head_main,0x09,2,1172,0.000,+0.943,-0.016,-0.288,-4.0,-0.8,-8.5,-0.976,+0.050,-0.214,29.0
2025-06-01T15:00:19.550,19.550,1173,HEAD,Head_main,0x09,2,1173,0.000,+0.943,-0.016,-0.288,-3.3,+0.3,-6.5,-0.976,+0.048,-0.214,29.0
2025-06-01T15:00:19.566,19.567,1174,HEAD,Head_main,0x09,2,1174,0.000,+0.944,-0.015,-0.288,-3.6,+1.4,-6.5,-0.976,+0.047,-0.214,29.0
2025-06-01T15:00:19.583,19.583,1175,HEAD,Head_main,0x09,2,1175,0.000,+0.947,-0.014,-0.289,-4.8,+3.0,-8.3,-0.976,+0.045,-0.215,29.0
2025-06-01T15:00:19.600,19.600,1176,HEAD,Head_main,0x09,2,1176,0.000,+0.950,-0.009,-0.289,-4.3,+4.3,-7.5,-0.976,+0.043,-0.216,29.0
2025-06-01T15:00:19.616,19.617,1177,HEAD,Head_main,0x09,2,1177,0.000,+0.953,-0.002,-0.288,-2.5,+4.1,-4.9,-0.975,+0.041,-0.217,29.0
2025-06-01T15:00:19.633,19.633,1178,HEAD,Head_main,0x09,2,1178,0.000,+0.955,+0.002,-0.288,-0.8,+5.3,-3.8,-0.975,+0.040,-0.218,29.0
2025-06-01T15:00:19.650,19.650,1179,HEAD,Head_main,0x09,2,1179,0.000,+0.959,+0.010,-0.288,+1.3,+8.4,-3.6,-0.975,+0.039,-0.220,29.0
2025-06-01T15:00:19.666,19.667,1180,HEAD,Head_main,0x09,2,1180,0.000,+0.965,+0.016,-0.288,+2.9,+7.3,-1.5,-0.974,+0.038,-0.223,29.0
2025-06-01T15:00:19.683,19.683,1181,HEAD,Head_main,0x09,2,1181,0.000,+0.968,+0.017,-0.288,+5.6,+9.0,+0.0,-0.974,+0.038,-0.224,29.0
2025-06-01T15:00:19.700,19.700,1182,HEAD,Head_main,0x09,2,1182,0.000,+0.976,+0.019,-0.288,+10.2,+13.9,+1.3,-0.973,+0.037,-0.228,29.0
2025-06-01T15:00:19.716,19.717,1183,HEAD,Head_main,0x09,2,1183,0.000,+0.984,+0.018,-0.287,+13.7,+16.7,+2.6,-0.972,+0.037,-0.232,29.0
2025-06-01T15:00:19.733,19.733,1184,HEAD,Head_main,0x09,2,1184,0.000,+0.993,+0.016,-0.285,+12.1,+14.2,+2.3,-0.971,+0.037,-0.238,29.0
2025-06-01T15:00:19.750,19.750,1185,HEAD,Head_main,0x09,2,1185,0.000,+0.997,+0.015,-0.284,+14.1,+16.6,+2.2,-0.970,+0.037,-0.241,29.0
2025-06-01T15:00:19.766,19.767,1186,HEAD,Head_main,0x09,2,1186,0.000,+1.006,+0.011,-0.280,+20.3,+24.6,+2.1,-0.968,+0.036,-0.247,29.0
2025-06-01T15:00:19.783,19.783,1187,HEAD,Head_main,0x09,2,1187,0.000,+1.013,+0.005,-0.275,+21.4,+27.8,+0.5,-0.966,+0.035,-0.255,29.0
2025-06-01T15:00:19.800,19.800,1188,HEAD,Head_main,0x09,2,1188,0.000,+1.021,-0.001,-0.269,+16.3,+22.6,-0.7,-0.964,+0.033,-0.263,29.0
2025-06-01T15:00:19.816,19.817,1189,HEAD,Head_main,0x09,2,1189,0.000,+1.024,-0.005,-0.265,+15.9,+24.7,-2.1,-0.963,+0.032,-0.268,29.0
2025-06-01T15:00:19.833,19.833,1190,HEAD,Head_main,0x09,2,1190,0.000,+1.031,-0.010,-0.258,+20.4,+34.7,-4.2,-0.960,+0.030,-0.277,29.0
2025-06-01T15:00:19.850,19.850,1191,HEAD,Head_main,0x09,2,1191,0.000,+1.038,-0.013,-0.249,+19.2,+36.7,-6.0,-0.957,+0.026,-0.288,29.0
2025-06-01T15:00:19.866,19.867,1192,HEAD,Head_main,0x09,2,1192,0.000,+1.043,-0.014,-0.239,+13.6,+28.6,-5.5,-0.954,+0.023,-0.298,29.0
2025-06-01T15:00:19.883,19.883,1193,HEAD,Head_main,0x09,2,1193,0.000,+1.045,-0.014,-0.234,+12.4,+29.7,-6.7,-0.953,+0.021,-0.304,29.0
2025-06-01T15:00:19.900,19.900,1194,HEAD,Head_main,0x09,2,1194,0.000,+1.050,-0.013,-0.222,+15.5,+40.7,-10.3,-0.949,+0.017,-0.315,29.0
2025-06-01T15:00:19.916,19.917,1195,HEAD,Head_main,0x09,2,1195,0.000,+1.054,-0.010,-0.208,+10.9,+31.3,-8.6,-0.945,+0.013,-0.326,29.0
2025-06-01T15:00:19.933,19.933,1196,HEAD,Head_main,0x09,2,1196,0.000,+1.056,-0.009,-0.201,+9.9,+32.2,-9.6,-0.943,+0.010,-0.332,29.0
2025-06-01T15:00:19.950,19.950,1197,HEAD,Head_main,0x09,2,1197,0.000,+1.060,-0.006,-0.185,+12.3,+44.0,-13.9,-0.939,+0.005,-0.344,29.0
2025-06-01T15:00:19.966,19.967,1198,HEAD,Head_main,0x09,2,1198,0.000,+1.063,-0.003,-0.169,+11.2,+45.3,-15.3,-0.934,+0.000,-0.356,29.0
2025-06-01T15:00:19.983,19.983,1199,HEAD,Head_main,0x09,2,1199,0.000,+1.064,-0.002,-0.151,+10.6,+46.1,-16.1,-0.930,-0.005,-0.369,29.0
