timestamp_iso,t_s,round,node,label,present_mask_hex,version,node_seq,distance_m,ax_g,ay_g,az_g,gx_dps,gy_dps,gz_dps,hx_g,hy_g,hz_g,imu_temp_c
2025-06-01T15:00:00.000,0.000,0,WA,Chest,0x55,2,0,1.024,-0.895,-0.168,+0.414,+5.5,+40.0,+9.9,+0.996,+0.011,+0.089,29.0
2025-06-01T15:00:00.016,0.017,1,WA,Chest,0x55,2,1,1.024,-0.903,-0.166,+0.407,+5.3,+39.5,+9.9,+0.995,+0.009,+0.101,29.0
2025-06-01T15:00:00.033,0.033,2,WA,Chest,0x55,2,2,1.024,-0.910,-0.165,+0.400,+4.8,+38.5,+10.2,+0.994,+0.006,+0.112,29.0
2025-06-01T15:00:00.050,0.050,3,WA,Chest,0x55,2,3,1.024,-0.917,-0.165,+0.393,+3.1,+28.4,+7.9,+0.992,+0.003,+0.123,29.0
2025-06-01T15:00:00.066,0.067,4,WA,Chest,0x55,2,4,1.024,-0.920,-0.166,+0.390,+2.3,+27.7,+8.2,+0.992,+0.002,+0.129,29.0
2025-06-01T15:00:00.083,0.083,5,WA,Chest,0x55,2,5,1.024,-0.927,-0.167,+0.384,+2.2,+36.2,+11.4,+0.990,-0.001,+0.139,29.0
2025-06-01T15:00:00.100,0.100,6,WA,Chest,0x55,2,6,1.024,-0.934,-0.169,+0.379,+0.9,+35.3,+12.2,+0.989,-0.005,+0.149,29.0
2025-06-01T15:00:00.116,0.117,7,WA,Chest,0x55,2,7,1.024,-0.941,-0.170,+0.374,+0.0,+26.1,+9.7,+0.987,-0.008,+0.159,29.0
2025-06-01T15:00:00.133,0.133,8,WA,Chest,0x55,2,8,1.024,-0.944,-0.170,+0.372,-0.6,+25.6,+10.6,+0.986,-0.010,+0.164,29.0
2025-06-01T15:00:00.150,0.150,9,WA,Chest,0x55,2,9,1.024,-0.952,-0.170,+0.368,-1.4,+34.0,+15.1,+0.985,-0.015,+0.174,29.0
2025-06-01T15:00:00.166,0.167,10,WA,Chest,0x55,2,10,1.024,-0.961,-0.169,+0.364,-1.3,+25.5,+12.1,+0.983,-0.019,+0.184,29.0
2025-06-01T15:00:00.183,0.183,11,WA,Chest,0x55,2,11,1.024,-0.965,-0.168,+0.362,-1.3,+25.9,+13.0,+0.982,-0.022,+0.189,29.0
2025-06-01T15:00:00.200,0.200,12,WA,Chest,0x55,2,12,1.024,-0.974,-0.164,+0.360,-1.5,+35.3,+18.0,+0.980,-0.027,+0.199,29.0
2025-06-01T15:00:00.216,0.217,13,WA,Chest,0x55,2,13,1.024,-0.982,-0.158,+0.358,-1.0,+36.6,+18.5,+0.977,-0.032,+0.209,29.0
2025-06-01T15:00:00.233,0.233,14,WA,Chest,0x55,2,14,1.024,-0.989,-0.151,+0.357,-0.4,+28.4,+14.1,+0.975,-0.037,+0.219,29.0
2025-06-01T15:00:00.250,0.250,15,WA,Chest,0x55,2,15,1.024,-0.992,-0.147,+0.357,+0.3,+30.1,+14.2,+0.974,-0.040,+0.225,29.0
2025-06-01T15:00:00.266,0.267,16,WA,Chest,0x55,2,16,1.024,-1.002,-0.142,+0.358,+1.2,+42.3,+19.4,+0.971,-0.045,+0.236,29.0
2025-06-01T15:00:00.283,0.283,17,WA,Chest,0x55,2,17,1.024,-1.016,-0.140,+0.358,+1.5,+33.6,+14.9,+0.967,-0.051,+0.249,29.0
2025-06-01T15:00:00.300,0.300,18,WA,Chest,0x55,2,18,1.024,-1.024,-0.138,+0.356,+2.7,+36.5,+15.0,+0.965,-0.054,+0.255,29.0
2025-06-01T15:00:00.316,0.317,19,WA,Chest,0x55,2,19,1.024,-1.039,-0.127,+0.350,+4.8,+51.3,+18.7,+0.961,-0.059,+0.269,29.0
2025-06-01T15:00:00.333,0.333,20,WA,Chest,0x55,2,20,1.024,-1.042,-0.101,+0.338,+6.6,+53.5,+14.9,+0.957,-0.063,+0.284,29.0
2025-06-01T15:00:00.350,0.350,21,WA,Chest,0x55,2,21,1.024,-1.028,-0.062,+0.321,+6.0,+40.4,+7.8,+0.952,-0.066,+0.299,29.0
2025-06-01T15:00:00.366,0.367,22,WA,Chest,0x55,2,22,1.024,-1.016,-0.040,+0.310,+7.3,+38.9,+2.6,+0.949,-0.067,+0.307,29.0
2025-06-01T15:00:00.383,0.383,23,WA,Chest,0x55,2,23,1.024,-0.992,-0.000,+0.282,+10.5,+48.8,-1.7,+0.945,-0.066,+0.321,29.0
2025-06-01T15:00:00.400,0.400,24,WA,Chest,0x55,2,24,1.024,-0.974,+0.029,+0.247,+8.4,+33.9,-4.8,+0.940,-0.064,+0.334,29.0
2025-06-01T15:00:00.416,0.417,25,WA,Chest,0x55,2,25,1.024,-0.968,+0.039,+0.229,+8.6,+29.9,-7.9,+0.938,-0.062,+0.340,29.0
2025-06-01T15:00:00.433,0.433,26,WA,Chest,0x55,2,26,1.024,-0.965,+0.051,+0.194,+11.6,+36.1,-12.2,+0.935,-0.058,+0.351,29.0
2025-06-01T15:00:00.450,0.450,27,WA,Chest,0x55,2,27,1.024,-0.972,+0.051,+0.162,+8.6,+24.4,-9.6,+0.931,-0.053,+0.360,29.0
2025-06-01T15:00:00.466,0.467,28,WA,Chest,0x55,2,28,1.024,-0.977,+0.047,+0.147,+8.4,+21.2,-8.7,+0.930,-0.051,+0.364,29.0
2025-06-01T15:00:00.483,0.483,29,WA,Chest,0x55,2,29,1.024,-0.990,+0.030,+0.122,+10.9,+25.6,-9.5,+0.927,-0.046,+0.372,29.0
2025-06-01T15:00:00.500,0.500,30,WA,Chest,0x55,2,30,1.024,-1.001,+0.005,+0.102,+10.1,+22.4,-5.6,+0.925,-0.043,+0.378,29.0
2025-06-01T15:00:00.516,0.517,31,WA,Chest,0x55,2,31,1.024,-1.008,-0.023,+0.089,+6.9,+15.2,-1.3,+0.922,-0.041,+0.384,29.0
2025-06-01T15:00:00.533,0.533,32,WA,Chest,0x55,2,32,1.024,-1.011,-0.038,+0.086,+5.5,+13.7,+3.8,+0.921,-0.041,+0.387,29.0
2025-06-01T15:00:00.550,0.550,33,WA,Chest,0x55,2,33,1.024,-1.017,-0.067,+0.081,+5.7,+17.4,+10.6,+0.919,-0.042,+0.392,29.0
2025-06-01T15:00:00.566,0.567,34,WA,Chest,0x55,2,34,1.024,-1.020,-0.088,+0.076,+3.8,+16.9,+17.2,+0.917,-0.045,+0.396,29.0
2025-06-01T15:00:00.583,0.583,35,WA,Chest,0x55,2,35,1.024,-1.014,-0.095,+0.067,+1.9,+12.6,+15.7,+0.915,-0.050,+0.401,29.0
2025-06-01T15:00:00.600,0.600,36,WA,Chest,0x55,2,36,1.025,-1.005,-0.092,+0.060,+0.9,+12.3,+17.3,+0.914,-0.053,+0.403,29.0
2025-06-01T15:00:00.616,0.617,37,WA,Chest,0x55,2,37,1.025,-0.976,-0.078,+0.040,+0.1,+15.7,+22.8,+0.911,-0.059,+0.407,29.0
2025-06-01T15:00:00.633,0.633,38,WA,Chest,0x55,2,38,1.025,-0.940,-0.062,+0.013,-1.8,+14.6,+21.3,+0.909,-0.065,+0.411,29.0
2025-06-01T15:00:00.650,0.650,39,WA,Chest,0x55,2,39,1.025,-0.911,-0.055,-0.020,-2.7,+10.3,+14.8,+0.907,-0.071,+0.415,29.0
2025-06-01T15:00:00.666,0.667,40,WA,Chest,0x55,2,40,1.025,-0.901,-0.054,-0.037,-5.1,+9.9,+13.1,+0.906,-0.074,+0.417,29.0
2025-06-01T15:00:00.683,0.683,41,WA,Chest,0x55,2,41,1.025,-0.892,-0.054,-0.068,-9.0,+13.2,+16.1,+0.904,-0.079,+0.420,29.0
2025-06-01T15:00:00.700,0.700,42,WA,Chest,0x55,2,42,1.026,-0.895,-0.057,-0.091,-11.3,+13.5,+14.9,+0.902,-0.084,+0.423,29.0
2025-06-01T15:00:00.716,0.717,43,WA,Chest,0x55,2,43,1.026,-0.906,-0.059,-0.104,-9.2,+10.4,+10.7,+0.900,-0.090,+0.426,29.0
2025-06-01T15:00:00.733,0.733,44,WA,Chest,0x55,2,44,1.026,-0.913,-0.060,-0.107,-8.9,+10.5,+10.5,+0.899,-0.092,+0.428,29.0
2025-06-01T15:00:00.750,0.750,45,WA,Chest,0x55,2,45,1.027,-0.927,-0.057,-0.107,-10.7,+13.6,+13.9,+0.897,-0.097,+0.431,29.0
2025-06-01T15:00:00.766,0.767,46,WA,Chest,0x55,2,46,1.027,-0.938,-0.048,-0.098,-7.0,+9.7,+10.4,+0.895,-0.102,+0.435,29.0
2025-06-01T15:00:00.783,0.783,47,WA,Chest,0x55,2,47,1.027,-0.943,-0.041,-0.091,-5.2,+8.4,+10.5,+0.894,-0.105,+0.436,29.0
2025-06-01T15:00:00.800,0.800,48,WA,Chest,0x55,2,48,1.028,-0.951,-0.022,-0.072,-5.2,+9.7,+14.2,+0.892,-0.109,+0.439,29.0
2025-06-01T15:00:00.816,0.817,49,WA,Chest,0x55,2,49,1.028,-0.960,-0.001,-0.050,-2.3,+7.6,+14.9,+0.890,-0.113,+0.441,29.0
2025-06-01T15:00:00.833,0.833,50,WA,Chest,0x55,2,50,1.028,-0.970,+0.019,-0.029,+0.1,+4.6,+11.8,+0.889,-0.117,+0.442,29.0
2025-06-01T15:00:00.850,0.850,51,WA,Chest,0x55,2,51,1.028,-0.975,+0.027,-0.020,+2.9,+3.3,+12.7,+0.888,-0.119,+0.443,29.0
2025-06-01T15:00:00.866,0.867,52,WA,Chest,0x55,2,52,1.028,-0.984,+0.040,-0.007,+6.2,+3.6,+17.9,+0.887,-0.123,+0.444,29.0
2025-06-01T15:00:00.883,0.883,53,WA,Chest,0x55,2,53,1.028,-0.989,+0.047,-0.002,+6.1,+2.3,+13.9,+0.886,-0.127,+0.445,29.0
2025-06-01T15:00:00.900,0.900,54,WA,Chest,0x55,2,54,1.030,-0.990,+0.048,-0.001,+6.8,+1.9,+14.2,+0.886,-0.129,+0.446,29.0
2025-06-01T15:00:00.916,0.917,55,WA,Chest,0x55,2,55,1.030,-0.988,+0.047,-0.001,+8.6,+1.9,+18.7,+0.885,-0.133,+0.447,29.0
2025-06-01T15:00:00.933,0.933,56,WA,Chest,0x55,2,56,1.030,-0.982,+0.041,-0.002,+7.0,+0.7,+18.0,+0.884,-0.136,+0.448,29.0
2025-06-01T15:00:00.950,0.950,57,WA,Chest,0x55,2,57,1.032,-0.975,+0.034,-0.001,+4.1,-0.5,+12.9,+0.883,-0.140,+0.448,29.0
2025-06-01T15:00:00.966,0.967,58,WA,Chest,0x55,2,58,1.032,-0.970,+0.031,-0.000,+2.4,-2.4,+11.9,+0.883,-0.142,+0.448,29.0
2025-06-01T15:00:00.983,0.983,59,WA,Chest,0x55,2,59,1.032,-0.962,+0.024,+0.005,+2.0,-5.5,+14.9,+0.883,-0.145,+0.447,29.0
2025-06-01T15:00:01.000,1.000,60,WA,Chest,0x55,2,60,1.033,-0.955,+0.020,+0.015,+0.8,-6.0,+10.4,+0.883,-0.149,+0.445,29.0
2025-06-01T15:00:01.016,1.017,61,WA,Chest,0x55,2,61,1.033,-0.952,+0.019,+0.021,+0.1,-8.5,+9.2,+0.883,-0.151,+0.444,29.0
2025-06-01T15:00:01.033,1.033,62,WA,Chest,0x55,2,62,1.033,-0.948,+0.018,+0.034,-0.3,-13.7,+10.6,+0.884,-0.154,+0.441,29.0
2025-06-01T15:00:01.050,1.050,63,WA,Chest,0x55,2,63,1.034,-0.946,+0.018,+0.049,-0.8,-16.6,+8.0,+0.886,-0.156,+0.437,29.0
2025-06-01T15:00:01.066,1.067,64,WA,Chest,0x55,2,64,1.034,-0.945,+0.020,+0.066,-0.7,-13.9,+4.3,+0.888,-0.158,+0.432,29.0
2025-06-01T15:00:01.083,1.083,65,WA,Chest,0x55,2,65,1.034,-0.945,+0.020,+0.074,-0.7,-15.6,+2.0,+0.889,-0.159,+0.429,29.0
2025-06-01T15:00:01.100,1.100,66,WA,Chest,0x55,2,66,1.037,-0.946,+0.020,+0.088,-1.0,-21.9,+0.5,+0.892,-0.159,+0.424,29.0
2025-06-01T15:00:01.116,1.117,67,WA,Chest,0x55,2,67,1.037,-0.948,+0.018,+0.100,-1.4,-22.7,-2.1,+0.894,-0.159,+0.418,29.0
2025-06-01T15:00:01.133,1.133,68,WA,Chest,0x55,2,68,1.037,-0.949,+0.015,+0.108,-1.5,-17.0,-2.9,+0.897,-0.158,+0.412,29.0
2025-06-01T15:00:01.150,1.150,69,WA,Chest,0x55,2,69,1.038,-0.950,+0.012,+0.112,-2.4,-16.4,-4.2,+0.899,-0.158,+0.409,29.0
2025-06-01T15:00:01.166,1.167,70,WA,Chest,0x55,2,70,1.038,-0.951,+0.007,+0.117,-4.6,-20.8,-6.6,+0.902,-0.157,+0.403,29.0
2025-06-01T15:00:01.183,1.183,71,WA,Chest,0x55,2,71,1.038,-0.950,+0.002,+0.121,-6.9,-19.0,-7.7,+0.904,-0.156,+0.398,29.0
2025-06-01T15:00:01.200,1.200,72,WA,Chest,0x55,2,72,1.041,-0.947,-0.002,+0.125,-6.6,-13.3,-6.2,+0.907,-0.154,+0.393,29.0
2025-06-01T15:00:01.216,1.217,73,WA,Chest,0x55,2,73,1.041,-0.945,-0.004,+0.129,-8.4,-12.0,-6.7,+0.908,-0.154,+0.390,29.0
2025-06-01T15:00:01.233,1.233,74,WA,Chest,0x55,2,74,1.041,-0.941,-0.005,+0.137,-12.2,-14.9,-9.4,+0.910,-0.153,+0.385,29.0
2025-06-01T15:00:01.250,1.250,75,WA,Chest,0x55,2,75,1.041,-0.938,-0.005,+0.147,-9.6,-10.4,-7.4,+0.912,-0.152,+0.381,29.0
2025-06-01T15:00:01.266,1.267,76,WA,Chest,0x55,2,76,1.041,-0.937,-0.005,+0.153,-9.4,-9.8,-7.8,+0.913,-0.151,+0.379,29.0
2025-06-01T15:00:01.283,1.283,77,WA,Chest,0x55,2,77,1.041,-0.934,-0.005,+0.166,-12.0,-13.0,-11.0,+0.915,-0.149,+0.375,29.0
2025-06-01T15:00:01.300,1.300,78,WA,Chest,0x55,2,78,1.042,-0.929,-0.007,+0.183,-10.8,-13.8,-12.0,+0.917,-0.148,+0.371,29.0
2025-06-01T15:00:01.316,1.317,79,WA,Chest,0x55,2,79,1.042,-0.922,-0.013,+0.206,-7.2,-11.3,-9.8,+0.919,-0.145,+0.367,29.0
2025-06-01T15:00:01.333,1.333,80,WA,Chest,0x55,2,80,1.042,-0.918,-0.017,+0.218,-5.3,-13.4,-11.4,+0.920,-0.144,+0.365,29.0
2025-06-01T15:00:01.350,1.350,81,WA,Chest,0x55,2,81,1.044,-0.907,-0.029,+0.241,-4.7,-20.6,-17.2,+0.923,-0.140,+0.359,29.0
2025-06-01T15:00:01.366,1.367,82,WA,Chest,0x55,2,82,1.044,-0.900,-0.038,+0.261,-1.8,-17.7,-14.2,+0.926,-0.136,+0.353,29.0
2025-06-01T15:00:01.383,1.383,83,WA,Chest,0x55,2,83,1.044,-0.901,-0.040,+0.269,+0.5,-20.2,-14.5,+0.927,-0.133,+0.350,29.0
2025-06-01T15:00:01.400,1.400,84,WA,Chest,0x55,2,84,1.046,-0.914,-0.031,+0.284,+2.4,-28.0,-17.7,+0.931,-0.128,+0.342,29.0
2025-06-01T15:00:01.416,1.417,85,WA,Chest,0x55,2,85,1.046,-0.941,-0.004,+0.297,+4.4,-26.9,-14.1,+0.934,-0.123,+0.335,29.0
2025-06-01T15:00:01.433,1.433,86,WA,Chest,0x55,2,86,1.046,-0.972,+0.032,+0.306,+3.9,-18.2,-8.0,+0.937,-0.119,+0.328,29.0
2025-06-01T15:00:01.450,1.450,87,WA,Chest,0x55,2,87,1.047,-0.986,+0.051,+0.307,+4.0,-13.9,-4.8,+0.938,-0.118,+0.325,29.0
2025-06-01T15:00:01.466,1.467,88,WA,Chest,0x55,2,88,1.047,-1.004,+0.084,+0.301,+5.0,-13.2,-3.9,+0.940,-0.116,+0.321,29.0
2025-06-01T15:00:01.483,1.483,89,WA,Chest,0x55,2,89,1.047,-1.011,+0.109,+0.286,+4.6,-5.3,-1.6,+0.941,-0.115,+0.318,29.0
2025-06-01T15:00:01.500,1.500,90,WA,Chest,0x55,2,90,1.048,-1.011,+0.122,+0.259,+3.3,+0.8,-0.4,+0.941,-0.114,+0.318,29.0
2025-06-01T15:00:01.516,1.517,91,WA,Chest,0x55,2,91,1.048,-1.010,+0.124,+0.241,+2.8,+7.8,-0.1,+0.941,-0.114,+0.319,29.0
2025-06-01T15:00:01.533,1.533,92,WA,Chest,0x55,2,92,1.048,-1.008,+0.116,+0.197,+2.8,+17.5,-0.4,+0.940,-0.114,+0.322,29.0
2025-06-01T15:00:01.550,1.550,93,WA,Chest,0x55,2,93,1.049,-1.006,+0.094,+0.148,+1.2,+18.3,-0.6,+0.938,-0.113,+0.328,29.0
2025-06-01T15:00:01.566,1.567,94,WA,Chest,0x55,2,94,1.049,-1.004,+0.079,+0.123,-0.2,+24.1,-1.3,+0.936,-0.113,+0.332,29.0
2025-06-01T15:00:01.583,1.583,95,WA,Chest,0x55,2,95,1.049,-0.997,+0.040,+0.073,-1.2,+36.0,-2.4,+0.933,-0.113,+0.342,29.0
2025-06-01T15:00:01.600,1.600,96,WA,Chest,0x55,2,96,1.051,-0.983,-0.006,+0.025,-1.6,+38.4,-3.0,+0.929,-0.112,+0.352,29.0
2025-06-01T15:00:01.616,1.617,97,WA,Chest,0x55,2,97,1.051,-0.968,-0.051,-0.019,-1.0,+28.6,-2.2,+0.925,-0.111,+0.362,29.0
2025-06-01T15:00:01.633,1.633,98,WA,Chest,0x55,2,98,1.051,-0.962,-0.070,-0.040,-0.7,+26.2,-0.8,+0.923,-0.111,+0.367,29.0
2025-06-01T15:00:01.650,1.650,99,WA,Chest,0x55,2,99,1.051,-0.963,-0.094,-0.071,-1.0,+32.0,+1.8,+0.920,-0.111,+0.376,29.0
2025-06-01T15:00:01.666,1.667,100,WA,Chest,0x55,2,100,1.051,-0.980,-0.094,-0.087,-1.4,+28.9,+6.6,+0.916,-0.112,+0.384,29.0
2025-06-01T15:00:01.683,1.683,101,WA,Chest,0x55,2,101,1.051,-1.007,-0.072,-0.087,-1.4,+20.9,+7.5,+0.913,-0.115,+0.392,29.0
2025-06-01T15:00:01.700,1.700,102,WA,Chest,0x55,2,102,1.052,-1.021,-0.057,-0.084,-1.6,+21.3,+9.9,+0.911,-0.117,+0.395,29.0
2025-06-01T15:00:01.716,1.717,103,WA,Chest,0x55,2,103,1.052,-1.045,-0.025,-0.074,-2.3,+30.0,+14.0,+0.907,-0.120,+0.403,29.0
2025-06-01T15:00:01.733,1.733,104,WA,Chest,0x55,2,104,1.052,-1.062,+0.003,-0.064,-1.8,+24.3,+10.5,+0.903,-0.124,+0.411,29.0
2025-06-01T15:00:01.750,1.750,105,WA,Chest,0x55,2,105,1.052,-1.069,+0.015,-0.060,-1.9,+28.2,+9.4,+0.901,-0.126,+0.415,29.0
2025-06-01T15:00:01.766,1.767,106,WA,Chest,0x55,2,106,1.052,-1.084,+0.034,-0.056,-2.8,+43.2,+10.9,+0.896,-0.130,+0.426,29.0
2025-06-01T15:00:01.783,1.783,107,WA,Chest,0x55,2,107,1.052,-1.099,+0.047,-0.057,-2.4,+37.3,+6.8,+0.889,-0.133,+0.438,29.0
2025-06-01T15:00:01.800,1.800,108,WA,Chest,0x55,2,108,1.052,-1.106,+0.052,-0.059,-2.7,+44.8,+5.0,+0.886,-0.134,+0.445,29.0
2025-06-01T15:00:01.816,1.817,109,WA,Chest,0x55,2,109,1.052,-1.117,+0.059,-0.065,-3.6,+67.2,+5.2,+0.877,-0.136,+0.460,29.0
2025-06-01T15:00:01.833,1.833,110,WA,Chest,0x55,2,110,1.052,-1.117,+0.062,-0.074,-3.4,+76.0,+4.0,+0.867,-0.138,+0.479,29.0
2025-06-01T15:00:01.850,1.850,111,WA,Chest,0x55,2,111,1.052,-1.105,+0.059,-0.085,-2.3,+61.0,+2.8,+0.856,-0.139,+0.499,29.0
2025-06-01T15:00:01.866,1.867,112,WA,Chest,0x55,2,112,1.052,-1.095,+0.055,-0.092,-1.8,+64.4,+3.3,+0.849,-0.140,+0.509,29.0
2025-06-01T15:00:01.883,1.883,113,WA,Chest,0x55,2,113,1.052,-1.069,+0.045,-0.107,-1.9,+87.1,+5.4,+0.836,-0.141,+0.530,29.0
2025-06-01T15:00:01.900,1.900,114,WA,Chest,0x55,2,114,1.052,-1.040,+0.035,-0.122,-1.2,+65.6,+5.0,+0.822,-0.143,+0.551,29.0
2025-06-01T15:00:01.916,1.917,115,WA,Chest,0x55,2,115,1.052,-1.026,+0.031,-0.129,-0.8,+64.5,+6.1,+0.815,-0.144,+0.561,29.0
2025-06-01T15:00:01.933,1.933,116,WA,Chest,0x55,2,116,1.052,-1.000,+0.025,-0.139,-0.8,+84.1,+9.1,+0.800,-0.146,+0.582,29.0
2025-06-01T15:00:01.950,1.950,117,WA,Chest,0x55,2,117,1.052,-0.977,+0.023,-0.148,-0.3,+61.4,+7.3,+0.786,-0.148,+0.601,29.0
2025-06-01T15:00:01.966,1.967,118,WA,Chest,0x55,2,118,1.052,-0.966,+0.023,-0.151,+0.7,+58.7,+7.4,+0.778,-0.150,+0.610,29.0
2025-06-01T15:00:01.983,1.983,119,WA,Chest,0x55,2,119,1.052,-0.948,+0.025,-0.160,+2.3,+75.0,+9.6,+0.764,-0.151,+0.627,29.0
2025-06-01T15:00:02.000,2.000,120,WA,Chest,0x55,2,120,1.051,-0.933,+0.027,-0.171,+4.5,+70.4,+9.0,+0.750,-0.153,+0.643,29.0
2025-06-01T15:00:02.016,2.017,121,WA,Chest,0x55,2,121,1.051,-0.923,+0.027,-0.185,+4.6,+50.2,+6.4,+0.737,-0.154,+0.658,29.0
2025-06-01T15:00:02.033,2.033,122,WA,Chest,0x55,2,122,1.051,-0.920,+0.027,-0.193,+6.5,+46.7,+6.2,+0.731,-0.154,+0.665,29.0
2025-06-01T15:00:02.050,2.050,123,WA,Chest,0x55,2,123,1.051,-0.918,+0.025,-0.210,+10.4,+58.9,+8.3,+0.718,-0.154,+0.679,29.0
2025-06-01T15:00:02.066,2.067,124,WA,Chest,0x55,2,124,1.051,-0.916,+0.024,-0.225,+13.0,+54.2,+8.5,+0.707,-0.153,+0.691,29.0
2025-06-01T15:00:02.083,2.083,125,WA,Chest,0x55,2,125,1.051,-0.914,+0.024,-0.236,+11.0,+38.0,+6.5,+0.696,-0.152,+0.702,29.0
2025-06-01T15:00:02.100,2.100,126,WA,Chest,0x55,2,126,1.050,-0.913,+0.023,-0.242,+12.4,+34.6,+6.9,+0.691,-0.151,+0.707,29.0
2025-06-01T15:00:02.116,2.117,127,WA,Chest,0x55,2,127,1.050,-0.914,+0.018,-0.251,+17.1,+43.3,+9.7,+0.681,-0.150,+0.717,29.0
2025-06-01T15:00:02.133,2.133,128,WA,Chest,0x55,2,128,1.050,-0.920,+0.010,-0.260,+12.9,+30.8,+7.8,+0.672,-0.148,+0.726,29.0
2025-06-01T15:00:02.150,2.150,129,WA,Chest,0x55,2,129,1.049,-0.925,+0.006,-0.265,+12.3,+29.8,+8.9,+0.667,-0.147,+0.730,29.0
2025-06-01T15:00:02.166,2.167,130,WA,Chest,0x55,2,130,1.049,-0.939,-0.002,-0.272,+15.3,+40.2,+13.0,+0.658,-0.146,+0.738,29.0
2025-06-01T15:00:02.183,2.183,131,WA,Chest,0x55,2,131,1.049,-0.953,-0.009,-0.276,+13.6,+42.4,+14.9,+0.649,-0.146,+0.747,29.0
2025-06-01T15:00:02.200,2.200,132,WA,Chest,0x55,2,132,1.048,-0.966,-0.012,-0.278,+9.1,+33.9,+12.2,+0.639,-0.146,+0.756,29.0
2025-06-01T15:00:02.216,2.217,133,WA,Chest,0x55,2,133,1.048,-0.971,-0.012,-0.277,+7.6,+38.3,+13.6,+0.633,-0.146,+0.760,29.0
2025-06-01T15:00:02.233,2.233,134,WA,Chest,0x55,2,134,1.048,-0.976,-0.011,-0.275,+8.1,+56.6,+19.3,+0.620,-0.148,+0.770,29.0
2025-06-01T15:00:02.250,2.250,135,WA,Chest,0x55,2,135,1.047,-0.975,-0.009,-0.269,+5.4,+65.3,+21.1,+0.606,-0.150,+0.781,29.0
2025-06-01T15:00:02.266,2.267,136,WA,Chest,0x55,2,136,1.047,-0.974,-0.012,-0.263,+2.7,+54.5,+17.0,+0.589,-0.153,+0.794,29.0
2025-06-01T15:00:02.283,2.283,137,WA,Chest,0x55,2,137,1.047,-0.973,-0.014,-0.262,+2.0,+62.4,+18.6,+0.579,-0.154,+0.800,29.0
2025-06-01T15:00:02.300,2.300,138,WA,Chest,0x55,2,138,1.045,-0.969,-0.013,-0.263,+2.3,+90.7,+25.3,+0.558,-0.158,+0.815,29.0
2025-06-01T15:00:02.316,2.317,139,WA,Chest,0x55,2,139,1.045,-0.948,+0.002,-0.272,+1.7,+73.1,+18.5,+0.534,-0.161,+0.830,29.0
2025-06-01T15:00:02.333,2.333,140,WA,Chest,0x55,2,140,1.045,-0.929,+0.017,-0.280,+2.6,+77.4,+15.6,+0.521,-0.163,+0.838,29.0
2025-06-01T15:00:02.350,2.350,141,WA,Chest,0x55,2,141,1.044,-0.872,+0.060,-0.305,+4.3,+104.6,+16.1,+0.495,-0.165,+0.853,29.0
2025-06-01T15:00:02.366,2.367,142,WA,Chest,0x55,2,142,1.044,-0.802,+0.110,-0.343,+5.6,+103.6,+9.2,+0.468,-0.165,+0.868,29.0
2025-06-01T15:00:02.383,2.383,143,WA,Chest,0x55,2,143,1.044,-0.733,+0.159,-0.394,+4.7,+75.8,+3.0,+0.441,-0.164,+0.882,29.0
2025-06-01T15:00:02.400,2.400,144,WA,Chest,0x55,2,144,1.043,-0.703,+0.181,-0.424,+4.8,+72.1,-1.1,+0.429,-0.164,+0.889,29.0
2025-06-01T15:00:02.416,2.417,145,WA,Chest,0x55,2,145,1.043,-0.659,+0.215,-0.485,+5.9,+92.4,-4.0,+0.404,-0.162,+0.900,29.0
2025-06-01T15:00:02.433,2.433,146,WA,Chest,0x55,2,146,1.043,-0.639,+0.234,-0.546,+3.9,+66.8,-4.1,+0.381,-0.160,+0.911,29.0
2025-06-01T15:00:02.450,2.450,147,WA,Chest,0x55,2,147,1.041,-0.638,+0.237,-0.575,+2.8,+64.8,-3.3,+0.369,-0.159,+0.916,29.0
2025-06-01T15:00:02.466,2.467,148,WA,Chest,0x55,2,148,1.041,-0.646,+0.235,-0.628,+2.2,+86.2,-1.6,+0.346,-0.157,+0.925,29.0
2025-06-01T15:00:02.483,2.483,149,WA,Chest,0x55,2,149,1.041,-0.659,+0.222,-0.676,+0.0,+65.3,+1.6,+0.323,-0.157,+0.933,29.0
2025-06-01T15:00:02.500,2.500,150,WA,Chest,0x55,2,150,1.039,-0.665,+0.212,-0.698,-3.1,+68.1,+6.6,+0.311,-0.158,+0.937,29.0
2025-06-01T15:00:02.516,2.517,151,WA,Chest,0x55,2,151,1.039,-0.676,+0.183,-0.740,-7.7,+95.1,+14.7,+0.285,-0.160,+0.945,29.0
2025-06-01T15:00:02.533,2.533,152,WA,Chest,0x55,2,152,1.039,-0.686,+0.141,-0.780,-12.0,+102.1,+22.9,+0.257,-0.164,+0.952,29.0
2025-06-01T15:00:02.550,2.550,153,WA,Chest,0x55,2,153,1.038,-0.693,+0.095,-0.819,-11.0,+80.9,+21.8,+0.226,-0.170,+0.959,29.0
2025-06-01T15:00:02.566,2.567,154,WA,Chest,0x55,2,154,1.038,-0.692,+0.074,-0.838,-11.9,+85.9,+26.2,+0.210,-0.173,+0.962,29.0
2025-06-01T15:00:02.583,2.583,155,WA,Chest,0x55,2,155,1.038,-0.670,+0.048,-0.873,-16.7,+117.5,+37.1,+0.175,-0.180,+0.968,29.0
2025-06-01T15:00:02.600,2.600,156,WA,Chest,0x55,2,156,1.036,-0.620,+0.044,-0.903,-17.1,+118.4,+37.6,+0.140,-0.187,+0.972,29.0
2025-06-01T15:00:02.616,2.617,157,WA,Chest,0x55,2,157,1.036,-0.551,+0.061,-0.930,-13.2,+87.6,+27.7,+0.104,-0.193,+0.976,29.0
2025-06-01T15:00:02.633,2.633,158,WA,Chest,0x55,2,158,1.036,-0.515,+0.074,-0.942,-12.5,+83.5,+26.0,+0.087,-0.196,+0.977,29.0
2025-06-01T15:00:02.650,2.650,159,WA,Chest,0x55,2,159,1.034,-0.448,+0.106,-0.963,-16.2,+105.9,+33.7,+0.054,-0.201,+0.978,29.0
2025-06-01T15:00:02.666,2.667,160,WA,Chest,0x55,2,160,1.034,-0.396,+0.139,-0.978,-11.3,+75.2,+24.8,+0.023,-0.206,+0.978,29.0
2025-06-01T15:00:02.683,2.683,161,WA,Chest,0x55,2,161,1.034,-0.379,+0.154,-0.982,-8.8,+69.7,+24.6,+0.008,-0.208,+0.978,29.0
2025-06-01T15:00:02.700,2.700,162,WA,Chest,0x55,2,162,1.034,-0.359,+0.179,-0.986,-9.2,+88.4,+33.9,-0.020,-0.211,+0.977,29.0
2025-06-01T15:00:02.716,2.717,163,WA,Chest,0x55,2,163,1.034,-0.353,+0.196,-0.984,-5.5,+83.6,+35.8,-0.046,-0.213,+0.976,29.0
2025-06-01T15:00:02.733,2.733,164,WA,Chest,0x55,2,164,1.034,-0.348,+0.208,-0.979,-2.4,+60.7,+28.3,-0.072,-0.213,+0.974,29.0
2025-06-01T15:00:02.750,2.750,165,WA,Chest,0x55,2,165,1.032,-0.344,+0.214,-0.976,+0.1,+58.9,+29.9,-0.084,-0.213,+0.973,29.0
2025-06-01T15:00:02.766,2.767,166,WA,Chest,0x55,2,166,1.032,-0.329,+0.224,-0.973,+1.9,+77.4,+40.9,-0.109,-0.212,+0.971,29.0
2025-06-01T15:00:02.783,2.783,167,WA,Chest,0x55,2,167,1.032,-0.311,+0.230,-0.974,+4.3,+76.2,+41.3,-0.133,-0.209,+0.969,29.0
2025-06-01T15:00:02.800,2.800,168,WA,Chest,0x55,2,168,1.031,-0.292,+0.228,-0.978,+4.3,+56.7,+30.8,-0.157,-0.206,+0.966,29.0
2025-06-01T15:00:02.816,2.817,169,WA,Chest,0x55,2,169,1.031,-0.283,+0.225,-0.981,+6.0,+56.3,+30.3,-0.169,-0.204,+0.964,29.0
2025-06-01T15:00:02.833,2.833,170,WA,Chest,0x55,2,170,1.031,-0.263,+0.216,-0.986,+8.9,+74.3,+39.4,-0.192,-0.200,+0.961,29.0
2025-06-01T15:00:02.850,2.850,171,WA,Chest,0x55,2,171,1.030,-0.240,+0.208,-0.988,+7.0,+54.9,+28.6,-0.215,-0.195,+0.957,29.0
2025-06-01T15:00:02.866,2.867,172,WA,Chest,0x55,2,172,1.030,-0.227,+0.205,-0.988,+7.1,+52.8,+27.1,-0.226,-0.192,+0.955,29.0
2025-06-01T15:00:02.883,2.883,173,WA,Chest,0x55,2,173,1.030,-0.198,+0.203,-0.986,+8.3,+66.9,+34.2,-0.247,-0.187,+0.951,29.0
2025-06-01T15:00:02.900,2.900,174,WA,Chest,0x55,2,174,1.029,-0.169,+0.202,-0.980,+6.9,+60.7,+31.5,-0.267,-0.183,+0.946,29.0
2025-06-01T15:00:02.916,2.917,175,WA,Chest,0x55,2,175,1.029,-0.140,+0.202,-0.970,+4.4,+41.2,+22.1,-0.284,-0.179,+0.942,29.0
2025-06-01T15:00:02.933,2.933,176,WA,Chest,0x55,2,176,1.029,-0.126,+0.201,-0.965,+4.0,+34.4,+19.9,-0.291,-0.177,+0.940,29.0
2025-06-01T15:00:02.950,2.950,177,WA,Chest,0x55,2,177,1.029,-0.103,+0.196,-0.954,+4.8,+38.7,+24.2,-0.305,-0.173,+0.937,29.0
2025-06-01T15:00:02.966,2.967,178,WA,Chest,0x55,2,178,1.029,-0.086,+0.189,-0.942,+3.2,+23.5,+16.4,-0.315,-0.170,+0.934,29.0
2025-06-01T15:00:02.983,2.983,179,WA,Chest,0x55,2,179,1.029,-0.079,+0.184,-0.937,+2.8,+16.6,+14.1,-0.319,-0.168,+0.933,29.0
2025-06-01T15:00:03.000,3.000,180,WA,Chest,0x55,2,180,1.028,-0.069,+0.175,-0.927,+3.5,+15.8,+16.4,-0.325,-0.166,+0.931,29.0
2025-06-01T15:00:03.016,3.017,181,WA,Chest,0x55,2,181,1.028,-0.062,+0.168,-0.918,+4.0,+8.5,+13.3,-0.329,-0.163,+0.930,29.0
2025-06-01T15:00:03.033,3.033,182,WA,Chest,0x55,2,182,1.028,-0.060,+0.162,-0.910,+3.7,+3.1,+8.1,-0.331,-0.161,+0.930,29.0
2025-06-01T15:00:03.050,3.050,183,WA,Chest,0x55,2,183,1.028,-0.060,+0.160,-0.906,+4.8,+0.1,+5.8,-0.332,-0.160,+0.930,29.0
2025-06-01T15:00:03.066,3.067,184,WA,Chest,0x55,2,184,1.028,-0.066,+0.154,-0.901,+7.5,-1.2,+5.6,-0.332,-0.157,+0.930,29.0
2025-06-01T15:00:03.083,3.083,185,WA,Chest,0x55,2,185,1.028,-0.074,+0.147,-0.897,+6.3,-1.2,+2.8,-0.332,-0.155,+0.931,29.0
2025-06-01T15:00:03.100,3.100,186,WA,Chest,0x55,2,186,1.027,-0.078,+0.143,-0.895,+6.9,-0.4,+1.1,-0.331,-0.153,+0.931,29.0
2025-06-01T15:00:03.116,3.117,187,WA,Chest,0x55,2,187,1.027,-0.085,+0.134,-0.892,+9.5,+1.0,-0.3,-0.331,-0.151,+0.931,29.0
2025-06-01T15:00:03.133,3.133,188,WA,Chest,0x55,2,188,1.027,-0.087,+0.124,-0.888,+7.2,+2.1,-1.5,-0.332,-0.148,+0.932,29.0
2025-06-01T15:00:03.150,3.150,189,WA,Chest,0x55,2,189,1.027,-0.086,+0.119,-0.886,+6.5,+3.7,-3.3,-0.332,-0.147,+0.932,29.0
2025-06-01T15:00:03.166,3.167,190,WA,Chest,0x55,2,190,1.027,-0.078,+0.108,-0.880,+7.3,+5.9,-6.1,-0.334,-0.145,+0.931,29.0
2025-06-01T15:00:03.183,3.183,191,WA,Chest,0x55,2,191,1.027,-0.064,+0.094,-0.868,+4.9,+6.3,-8.7,-0.335,-0.144,+0.931,29.0
2025-06-01T15:00:03.200,3.200,192,WA,Chest,0x55,2,192,1.026,-0.045,+0.074,-0.854,+2.1,+4.4,-8.5,-0.336,-0.144,+0.931,29.0
2025-06-01T15:00:03.216,3.217,193,WA,Chest,0x55,2,193,1.026,-0.034,+0.062,-0.847,-0.4,+3.2,-11.6,-0.337,-0.145,+0.930,29.0
2025-06-01T15:00:03.233,3.233,194,WA,Chest,0x55,2,194,1.026,-0.014,+0.039,-0.838,-3.8,+2.0,-17.9,-0.337,-0.147,+0.930,29.0
2025-06-01T15:00:03.250,3.250,195,WA,Chest,0x55,2,195,1.026,-0.006,+0.029,-0.834,-5.7,-0.5,-14.3,-0.336,-0.150,+0.930,29.0
2025-06-01T15:00:03.266,3.267,196,WA,Chest,0x55,2,196,1.026,-0.008,+0.033,-0.833,-9.9,-3.3,-12.8,-0.336,-0.153,+0.930,29.0
2025-06-01T15:00:03.283,3.283,197,WA,Chest,0x55,2,197,1.026,-0.026,+0.064,-0.834,-16.8,-6.2,-13.3,-0.333,-0.158,+0.929,29.0
2025-06-01T15:00:03.300,3.300,198,WA,Chest,0x55,2,198,1.026,-0.059,+0.123,-0.839,-20.0,-6.5,-7.4,-0.331,-0.164,+0.929,29.0
2025-06-01T15:00:03.316,3.317,199,WA,Chest,0x55,2,199,1.026,-0.098,+0.198,-0.851,-15.7,-3.6,-2.3,-0.329,-0.171,+0.929,29.0
2025-06-01T15:00:03.333,3.333,200,WA,Chest,0x55,2,200,1.026,-0.117,+0.239,-0.861,-14.9,+0.2,+1.2,-0.329,-0.173,+0.928,29.0
2025-06-01T15:00:03.350,3.350,201,WA,Chest,0x55,2,201,1.026,-0.149,+0.319,-0.888,-17.7,+5.5,+4.0,-0.329,-0.178,+0.927,29.0
2025-06-01T15:00:03.366,3.367,202,WA,Chest,0x55,2,202,1.026,-0.169,+0.387,-0.923,-13.5,+13.4,+5.6,-0.332,-0.182,+0.925,29.0
2025-06-01T15:00:03.383,3.383,203,WA,Chest,0x55,2,203,1.026,-0.178,+0.437,-0.964,-7.3,+14.8,+4.2,-0.337,-0.185,+0.923,29.0
2025-06-01T15:00:03.400,3.400,204,WA,Chest,0x55,2,204,1.026,-0.178,+0.453,-0.986,-3.0,+21.3,+2.4,-0.341,-0.185,+0.922,29.0
2025-06-01T15:00:03.416,3.417,205,WA,Chest,0x55,2,205,1.026,-0.174,+0.465,-1.032,+0.3,+34.6,+0.4,-0.349,-0.186,+0.919,29.0
2025-06-01T15:00:03.433,3.433,206,WA,Chest,0x55,2,206,1.026,-0.166,+0.453,-1.076,+3.6,+30.2,-2.3,-0.359,-0.185,+0.915,29.0
2025-06-01T15:00:03.450,3.450,207,WA,Chest,0x55,2,207,1.026,-0.161,+0.436,-1.095,+7.7,+34.6,-6.6,-0.365,-0.184,+0.913,29.0
2025-06-01T15:00:03.466,3.467,208,WA,Chest,0x55,2,208,1.026,-0.148,+0.382,-1.129,+13.7,+48.3,-13.6,-0.377,-0.182,+0.908,29.0
2025-06-01T15:00:03.483,3.483,209,WA,Chest,0x55,2,209,1.026,-0.131,+0.308,-1.158,+16.4,+48.2,-19.5,-0.389,-0.180,+0.904,29.0
2025-06-01T15:00:03.500,3.500,210,WA,Chest,0x55,2,210,1.026,-0.115,+0.229,-1.181,+12.5,+34.3,-17.1,-0.400,-0.178,+0.899,29.0
2025-06-01T15:00:03.516,3.517,211,WA,Chest,0x55,2,211,1.026,-0.112,+0.194,-1.189,+10.1,+29.4,-17.4,-0.405,-0.177,+0.897,29.0
2025-06-01T15:00:03.533,3.533,212,WA,Chest,0x55,2,212,1.026,-0.119,+0.143,-1.195,+9.5,+33.9,-20.9,-0.414,-0.177,+0.893,29.0
2025-06-01T15:00:03.550,3.550,213,WA,Chest,0x55,2,213,1.026,-0.142,+0.122,-1.189,+3.9,+21.9,-13.1,-0.421,-0.178,+0.890,29.0
2025-06-01T15:00:03.566,3.567,214,WA,Chest,0x55,2,214,1.026,-0.158,+0.121,-1.183,-0.3,+19.1,-9.4,-0.424,-0.178,+0.888,29.0
2025-06-01T15:00:03.583,3.583,215,WA,Chest,0x55,2,215,1.026,-0.188,+0.135,-1.167,-3.9,+24.9,-9.7,-0.429,-0.180,+0.885,29.0
2025-06-01T15:00:03.600,3.600,216,WA,Chest,0x55,2,216,1.026,-0.207,+0.161,-1.148,-7.7,+25.8,-7.1,-0.435,-0.183,+0.882,29.0
2025-06-01T15:00:03.616,3.617,217,WA,Chest,0x55,2,217,1.026,-0.211,+0.191,-1.128,-7.4,+20.5,-4.4,-0.442,-0.186,+0.878,29.0
2025-06-01T15:00:03.633,3.633,218,WA,Chest,0x55,2,218,1.026,-0.207,+0.206,-1.118,-8.3,+22.5,-4.3,-0.445,-0.187,+0.875,29.0
2025-06-01T15:00:03.650,3.650,219,WA,Chest,0x55,2,219,1.026,-0.188,+0.231,-1.099,-10.9,+32.0,-6.7,-0.453,-0.191,+0.871,29.0
2025-06-01T15:00:03.666,3.667,220,WA,Chest,0x55,2,220,1.026,-0.160,+0.248,-1.082,-9.7,+34.1,-9.1,-0.461,-0.195,+0.866,29.0
2025-06-01T15:00:03.683,3.683,221,WA,Chest,0x55,2,221,1.026,-0.128,+0.257,-1.069,-6.1,+26.3,-8.6,-0.469,-0.198,+0.861,29.0
2025-06-01T15:00:03.700,3.700,222,WA,Chest,0x55,2,222,1.026,-0.113,+0.259,-1.064,-4.4,+26.0,-10.9,-0.473,-0.200,+0.858,29.0
2025-06-01T15:00:03.716,3.717,223,WA,Chest,0x55,2,223,1.026,-0.082,+0.256,-1.053,-4.0,+32.7,-16.2,-0.481,-0.204,+0.853,29.0
2025-06-01T15:00:03.733,3.733,224,WA,Chest,0x55,2,224,1.026,-0.051,+0.247,-1.042,-1.6,+28.2,-17.9,-0.487,-0.207,+0.848,29.0
2025-06-01T15:00:03.750,3.750,225,WA,Chest,0x55,2,225,1.026,-0.021,+0.234,-1.030,+0.1,+17.7,-14.0,-0.492,-0.209,+0.845,29.0
2025-06-01T15:00:03.766,3.767,226,WA,Chest,0x55,2,226,1.026,-0.007,+0.226,-1.024,+1.6,+11.7,-14.2,-0.494,-0.211,+0.843,29.0
2025-06-01T15:00:03.783,3.783,227,WA,Chest,0x55,2,227,1.026,+0.016,+0.212,-1.014,+3.0,+9.4,-18.6,-0.496,-0.213,+0.842,29.0
2025-06-01T15:00:03.800,3.800,228,WA,Chest,0x55,2,228,1.026,+0.025,+0.198,-1.005,+3.1,+2.0,-17.6,-0.497,-0.215,+0.841,29.0
2025-06-01T15:00:03.816,3.817,229,WA,Chest,0x55,2,229,1.026,+0.021,+0.187,-0.999,+1.7,-1.9,-12.3,-0.495,-0.216,+0.841,29.0
2025-06-01T15:00:03.833,3.833,230,WA,Chest,0x55,2,230,1.026,+0.015,+0.183,-0.997,+0.2,-4.8,-10.9,-0.494,-0.217,+0.842,29.0
2025-06-01T15:00:03.850,3.850,231,WA,Chest,0x55,2,231,1.026,-0.000,+0.176,-0.993,-1.6,-7.8,-13.0,-0.491,-0.219,+0.843,29.0
2025-06-01T15:00:03.866,3.867,232,WA,Chest,0x55,2,232,1.026,-0.017,+0.173,-0.990,-2.6,-6.4,-8.7,-0.489,-0.222,+0.844,29.0
2025-06-01T15:00:03.883,3.883,233,WA,Chest,0x55,2,233,1.026,-0.025,+0.172,-0.988,-4.0,-6.1,-7.4,-0.487,-0.223,+0.844,29.0
2025-06-01T15:00:03.900,3.900,234,WA,Chest,0x55,2,234,1.026,-0.040,+0.173,-0.984,-6.1,-7.3,-8.5,-0.485,-0.226,+0.845,29.0
2025-06-01T15:00:03.916,3.917,235,WA,Chest,0x55,2,235,1.026,-0.055,+0.173,-0.980,-4.9,-4.6,-5.2,-0.483,-0.228,+0.846,29.0
2025-06-01T15:00:03.933,3.933,236,WA,Chest,0x55,2,236,1.026,-0.063,+0.173,-0.978,-5.2,-3.1,-3.3,-0.482,-0.230,+0.846,29.0
2025-06-01T15:00:03.950,3.950,237,WA,Chest,0x55,2,237,1.026,-0.077,+0.170,-0.974,-7.4,-2.3,-2.1,-0.481,-0.232,+0.846,29.0
2025-06-01T15:00:03.966,3.967,238,WA,Chest,0x55,2,238,1.026,-0.088,+0.167,-0.967,-8.8,+0.4,+1.2,-0.480,-0.234,+0.845,29.0
2025-06-01T15:00:03.983,3.983,239,WA,Chest,0x55,2,239,1.026,-0.095,+0.168,-0.956,-7.5,+2.1,+2.8,-0.481,-0.236,+0.844,29.0
2025-06-01T15:00:04.000,4.000,240,WA,Chest,0x55,2,240,1.025,-0.096,+0.169,-0.949,-8.6,+4.6,+5.5,-0.482,-0.237,+0.844,29.0
2025-06-01T15:00:04.016,4.017,241,WA,Chest,0x55,2,241,1.025,-0.097,+0.175,-0.932,-11.9,+9.0,+10.1,-0.484,-0.239,+0.842,29.0
2025-06-01T15:00:04.033,4.033,242,WA,Chest,0x55,2,242,1.025,-0.095,+0.179,-0.914,-9.0,+9.0,+9.7,-0.488,-0.240,+0.840,29.0
2025-06-01T15:00:04.050,4.050,243,WA,Chest,0x55,2,243,1.025,-0.094,+0.181,-0.906,-8.7,+12.4,+12.5,-0.490,-0.240,+0.838,29.0
2025-06-01T15:00:04.066,4.067,244,WA,Chest,0x55,2,244,1.025,-0.091,+0.185,-0.893,-10.8,+19.9,+19.1,-0.495,-0.240,+0.835,29.0
2025-06-01T15:00:04.083,4.083,245,WA,Chest,0x55,2,245,1.025,-0.084,+0.189,-0.886,-9.4,+24.1,+21.7,-0.502,-0.240,+0.831,29.0
2025-06-01T15:00:04.100,4.100,246,WA,Chest,0x55,2,246,1.025,-0.070,+0.195,-0.884,-6.1,+20.0,+17.3,-0.510,-0.239,+0.826,29.0
2025-06-01T15:00:04.116,4.117,247,WA,Chest,0x55,2,247,1.025,-0.060,+0.198,-0.886,-4.5,+21.5,+18.0,-0.514,-0.238,+0.824,29.0
2025-06-01T15:00:04.133,4.133,248,WA,Chest,0x55,2,248,1.025,-0.036,+0.204,-0.897,-4.2,+29.1,+24.0,-0.523,-0.235,+0.819,29.0
2025-06-01T15:00:04.150,4.150,249,WA,Chest,0x55,2,249,1.025,-0.008,+0.213,-0.913,-1.7,+21.7,+17.8,-0.531,-0.233,+0.815,29.0
2025-06-01T15:00:04.166,4.167,250,WA,Chest,0x55,2,250,1.025,+0.007,+0.219,-0.923,+0.6,+20.9,+16.7,-0.535,-0.231,+0.812,29.0
2025-06-01T15:00:04.183,4.183,251,WA,Chest,0x55,2,251,1.025,+0.038,+0.238,-0.943,+2.9,+26.8,+20.4,-0.543,-0.227,+0.808,29.0
2025-06-01T15:00:04.200,4.200,252,WA,Chest,0x55,2,252,1.024,+0.067,+0.260,-0.962,+5.6,+25.2,+17.4,-0.551,-0.223,+0.804,29.0
2025-06-01T15:00:04.216,4.217,253,WA,Chest,0x55,2,253,1.024,+0.091,+0.281,-0.981,+5.5,+17.9,+11.2,-0.557,-0.219,+0.801,29.0
2025-06-01T15:00:04.233,4.233,254,WA,Chest,0x55,2,254,1.024,+0.099,+0.289,-0.990,+7.4,+16.6,+8.8,-0.561,-0.217,+0.799,29.0
2025-06-01T15:00:04.250,4.250,255,WA,Chest,0x55,2,255,1.024,+0.108,+0.300,-1.011,+12.1,+20.4,+9.7,-0.566,-0.213,+0.796,29.0
2025-06-01T15:00:04.266,4.267,256,WA,Chest,0x55,2,256,1.024,+0.110,+0.303,-1.034,+10.9,+13.8,+5.8,-0.571,-0.208,+0.794,29.0
2025-06-01T15:00:04.283,4.283,257,WA,Chest,0x55,2,257,1.024,+0.109,+0.303,-1.046,+13.5,+11.6,+4.0,-0.573,-0.206,+0.793,29.0
2025-06-01T15:00:04.300,4.300,258,WA,Chest,0x55,2,258,1.024,+0.102,+0.297,-1.068,+20.2,+13.2,+3.8,-0.577,-0.200,+0.792,29.0
2025-06-01T15:00:04.316,4.317,259,WA,Chest,0x55,2,259,1.024,+0.091,+0.287,-1.085,+23.0,+10.4,+2.1,-0.580,-0.195,+0.791,29.0
2025-06-01T15:00:04.333,4.333,260,WA,Chest,0x55,2,260,1.024,+0.078,+0.275,-1.095,+18.6,+6.4,+0.9,-0.582,-0.189,+0.791,29.0
2025-06-01T15:00:04.350,4.350,261,WA,Chest,0x55,2,261,1.023,+0.071,+0.267,-1.098,+20.1,+4.9,+0.4,-0.583,-0.186,+0.791,29.0
2025-06-01T15:00:04.366,4.367,262,WA,Chest,0x55,2,262,1.023,+0.059,+0.250,-1.100,+27.8,+5.4,+0.7,-0.584,-0.180,+0.791,29.0
2025-06-01T15:00:04.383,4.383,263,WA,Chest,0x55,2,263,1.023,+0.049,+0.227,-1.099,+28.2,+4.6,+1.7,-0.585,-0.173,+0.792,29.0
2025-06-01T15:00:04.400,4.400,264,WA,Chest,0x55,2,264,1.023,+0.044,+0.202,-1.094,+20.7,+3.6,+2.2,-0.587,-0.166,+0.793,29.0
2025-06-01T15:00:04.416,4.417,265,WA,Chest,0x55,2,265,1.023,+0.044,+0.190,-1.089,+19.0,+4.6,+3.6,-0.587,-0.163,+0.793,29.0
2025-06-01T15:00:04.433,4.433,266,WA,Chest,0x55,2,266,1.023,+0.053,+0.171,-1.076,+22.4,+7.8,+5.8,-0.589,-0.156,+0.793,29.0
2025-06-01T15:00:04.450,4.450,267,WA,Chest,0x55,2,267,1.022,+0.071,+0.158,-1.058,+14.3,+7.3,+4.9,-0.591,-0.151,+0.792,29.0
2025-06-01T15:00:04.466,4.467,268,WA,Chest,0x55,2,268,1.022,+0.083,+0.155,-1.049,+10.6,+9.0,+5.1,-0.593,-0.148,+0.792,29.0
2025-06-01T15:00:04.483,4.483,269,WA,Chest,0x55,2,269,1.022,+0.105,+0.149,-1.031,+10.9,+13.2,+6.8,-0.596,-0.144,+0.790,29.0
2025-06-01T15:00:04.500,4.500,270,WA,Chest,0x55,2,270,1.022,+0.125,+0.144,-1.018,+7.9,+14.0,+6.9,-0.599,-0.141,+0.788,29.0
2025-06-01T15:00:04.516,4.517,271,WA,Chest,0x55,2,271,1.022,+0.140,+0.139,-1.014,+4.9,+10.3,+5.1,-0.603,-0.138,+0.786,29.0
2025-06-01T15:00:04.533,4.533,272,WA,Chest,0x55,2,272,1.022,+0.147,+0.137,-1.014,+4.2,+9.2,+4.8,-0.605,-0.137,+0.785,29.0
2025-06-01T15:00:04.550,4.550,273,WA,Chest,0x55,2,273,1.022,+0.161,+0.137,-1.017,+5.0,+10.5,+5.5,-0.608,-0.134,+0.783,29.0
2025-06-01T15:00:04.566,4.567,274,WA,Chest,0x55,2,274,1.022,+0.172,+0.138,-1.020,+4.3,+7.9,+4.2,-0.610,-0.132,+0.781,29.0
2025-06-01T15:00:04.583,4.583,275,WA,Chest,0x55,2,275,1.022,+0.178,+0.141,-1.021,+2.9,+4.5,+2.5,-0.611,-0.131,+0.780,29.0
2025-06-01T15:00:04.600,4.600,276,WA,Chest,0x55,2,276,1.022,+0.179,+0.143,-1.021,+2.5,+3.1,+1.9,-0.612,-0.130,+0.780,29.0
2025-06-01T15:00:04.616,4.617,277,WA,Chest,0x55,2,277,1.022,+0.174,+0.147,-1.020,+3.0,+3.5,+2.3,-0.613,-0.129,+0.779,29.0
2025-06-01T15:00:04.633,4.633,278,WA,Chest,0x55,2,278,1.022,+0.165,+0.150,-1.017,+2.7,+3.9,+2.4,-0.614,-0.128,+0.779,29.0
2025-06-01T15:00:04.650,4.650,279,WA,Chest,0x55,2,279,1.021,+0.152,+0.150,-1.014,+1.8,+3.8,+2.0,-0.615,-0.127,+0.778,29.0
2025-06-01T15:00:04.666,4.667,280,WA,Chest,0x55,2,280,1.021,+0.146,+0.149,-1.012,+1.2,+5.8,+2.6,-0.616,-0.126,+0.778,29.0
2025-06-01T15:00:04.683,4.683,281,WA,Chest,0x55,2,281,1.021,+0.136,+0.146,-1.007,+0.8,+10.2,+4.0,-0.618,-0.125,+0.776,29.0
2025-06-01T15:00:04.700,4.700,282,WA,Chest,0x55,2,282,1.021,+0.132,+0.142,-1.001,-0.3,+13.2,+4.7,-0.621,-0.125,+0.774,29.0
2025-06-01T15:00:04.716,4.717,283,WA,Chest,0x55,2,283,1.021,+0.134,+0.139,-0.995,-0.8,+11.3,+3.8,-0.624,-0.124,+0.771,29.0
2025-06-01T15:00:04.733,4.733,284,WA,Chest,0x55,2,284,1.021,+0.137,+0.138,-0.992,-1.1,+12.4,+3.8,-0.626,-0.124,+0.770,29.0
2025-06-01T15:00:04.750,4.750,285,WA,Chest,0x55,2,285,1.021,+0.147,+0.139,-0.987,-1.4,+16.7,+4.8,-0.630,-0.123,+0.767,29.0
2025-06-01T15:00:04.766,4.767,286,WA,Chest,0x55,2,286,1.021,+0.159,+0.142,-0.983,-0.9,+12.3,+3.4,-0.634,-0.122,+0.764,29.0
2025-06-01T15:00:04.783,4.783,287,WA,Chest,0x55,2,287,1.021,+0.166,+0.144,-0.982,-0.4,+11.2,+2.9,-0.636,-0.122,+0.762,29.0
2025-06-01T15:00:04.800,4.800,288,WA,Chest,0x55,2,288,1.021,+0.179,+0.147,-0.981,-0.1,+13.4,+3.4,-0.639,-0.122,+0.760,29.0
2025-06-01T15:00:04.816,4.817,289,WA,Chest,0x55,2,289,1.021,+0.189,+0.148,-0.981,+0.3,+8.7,+2.2,-0.642,-0.121,+0.757,29.0
2025-06-01T15:00:04.833,4.833,290,WA,Chest,0x55,2,290,1.021,+0.193,+0.147,-0.982,+0.7,+6.7,+1.9,-0.643,-0.121,+0.756,29.0
2025-06-01T15:00:04.850,4.850,291,WA,Chest,0x55,2,291,1.021,+0.198,+0.147,-0.983,+1.3,+7.0,+2.2,-0.645,-0.120,+0.755,29.0
2025-06-01T15:00:04.866,4.867,292,WA,Chest,0x55,2,292,1.021,+0.201,+0.146,-0.985,+1.5,+4.4,+1.9,-0.646,-0.119,+0.754,29.0
2025-06-01T15:00:04.883,4.883,293,WA,Chest,0x55,2,293,1.021,+0.201,+0.144,-0.986,+1.1,+1.9,+1.3,-0.647,-0.119,+0.753,29.0
2025-06-01T15:00:04.900,4.900,294,WA,Chest,0x55,2,294,1.021,+0.200,+0.144,-0.987,+1.0,+0.2,+1.0,-0.647,-0.118,+0.753,29.0
2025-06-01T15:00:04.916,4.917,295,WA,Chest,0x55,2,295,1.021,+0.197,+0.143,-0.989,+1.2,-1.1,+0.9,-0.647,-0.118,+0.753,29.0
2025-06-01T15:00:04.933,4.933,296,WA,Chest,0x55,2,296,1.021,+0.193,+0.141,-0.990,+0.8,-1.9,+0.4,-0.647,-0.117,+0.754,29.0
2025-06-01T15:00:04.950,4.950,297,WA,Chest,0x55,2,297,1.020,+0.191,+0.141,-0.990,+0.8,-3.1,-0.0,-0.646,-0.117,+0.754,29.0
2025-06-01T15:00:04.966,4.967,298,WA,Chest,0x55,2,298,1.020,+0.186,+0.141,-0.989,+1.3,-5.1,-0.4,-0.645,-0.117,+0.755,29.0
2025-06-01T15:00:04.983,4.983,299,WA,Chest,0x55,2,299,1.020,+0.182,+0.141,-0.988,+1.7,-6.3,-0.9,-0.644,-0.117,+0.756,29.0
2025-06-01T15:00:05.000,5.000,300,WA,Chest,0x55,2,300,1.020,+0.178,+0.141,-0.986,+1.6,-5.2,-0.9,-0.642,-0.117,+0.757,29.0
2025-06-01T15:00:05.016,5.017,301,WA,Chest,0x55,2,301,1.020,+0.176,+0.141,-0.985,+2.2,-5.8,-1.2,-0.642,-0.117,+0.758,29.0
2025-06-01T15:00:05.033,5.033,302,WA,Chest,0x55,2,302,1.020,+0.173,+0.140,-0.983,+3.3,-8.1,-1.8,-0.640,-0.116,+0.760,29.0
2025-06-01T15:00:05.050,5.050,303,WA,Chest,0x55,2,303,1.020,+0.170,+0.139,-0.982,+2.8,-6.3,-1.6,-0.638,-0.116,+0.761,29.0
2025-06-01T15:00:05.066,5.067,304,WA,Chest,0x55,2,304,1.020,+0.168,+0.138,-0.981,+3.0,-6.5,-1.8,-0.637,-0.116,+0.762,29.0
2025-06-01T15:00:05.083,5.083,305,WA,Chest,0x55,2,305,1.020,+0.165,+0.137,-0.980,+4.2,-8.8,-2.5,-0.635,-0.115,+0.764,29.0
2025-06-01T15:00:05.100,5.100,306,WA,Chest,0x55,2,306,1.020,+0.161,+0.134,-0.979,+4.2,-8.7,-2.6,-0.633,-0.115,+0.766,29.0
2025-06-01T15:00:05.116,5.117,307,WA,Chest,0x55,2,307,1.020,+0.157,+0.132,-0.978,+3.1,-6.4,-1.9,-0.631,-0.114,+0.767,29.0
2025-06-01T15:00:05.133,5.133,308,WA,Chest,0x55,2,308,1.020,+0.155,+0.131,-0.977,+3.0,-6.1,-1.8,-0.630,-0.114,+0.768,29.0
2025-06-01T15:00:05.150,5.150,309,WA,Chest,0x55,2,309,1.020,+0.152,+0.129,-0.976,+3.7,-7.7,-2.3,-0.628,-0.113,+0.770,29.0
2025-06-01T15:00:05.166,5.167,310,WA,Chest,0x55,2,310,1.020,+0.149,+0.127,-0.975,+3.4,-7.2,-2.0,-0.626,-0.113,+0.771,29.0
2025-06-01T15:00:05.183,5.183,311,WA,Chest,0x55,2,311,1.020,+0.146,+0.126,-0.974,+2.5,-5.0,-1.4,-0.625,-0.113,+0.773,29.0
2025-06-01T15:00:05.200,5.200,312,WA,Chest,0x55,2,312,1.020,+0.145,+0.126,-0.974,+2.4,-4.5,-1.2,-0.624,-0.112,+0.773,29.0
2025-06-01T15:00:05.216,5.217,313,WA,Chest,0x55,2,313,1.020,+0.143,+0.125,-0.974,+3.1,-5.4,-1.4,-0.623,-0.112,+0.775,29.0
2025-06-01T15:00:05.233,5.233,314,WA,Chest,0x55,2,314,1.020,+0.142,+0.124,-0.974,+2.9,-4.4,-1.1,-0.621,-0.112,+0.776,29.0
2025-06-01T15:00:05.250,5.250,315,WA,Chest,0x55,2,315,1.020,+0.140,+0.123,-0.975,+2.0,-2.7,-0.7,-0.621,-0.111,+0.776,29.0
2025-06-01T15:00:05.266,5.267,316,WA,Chest,0x55,2,316,1.020,+0.140,+0.122,-0.976,+1.7,-1.9,-0.6,-0.620,-0.111,+0.777,29.0
2025-06-01T15:00:05.283,5.283,317,WA,Chest,0x55,2,317,1.020,+0.139,+0.121,-0.978,+1.9,-1.7,-0.7,-0.620,-0.111,+0.777,29.0
2025-06-01T15:00:05.300,5.300,318,WA,Chest,0x55,2,318,1.020,+0.139,+0.120,-0.980,+1.3,-0.8,-0.6,-0.619,-0.110,+0.777,29.0
2025-06-01T15:00:05.316,5.317,319,WA,Chest,0x55,2,319,1.020,+0.139,+0.120,-0.981,+0.7,-0.1,-0.4,-0.619,-0.110,+0.777,29.0
2025-06-01T15:00:05.333,5.333,320,WA,Chest,0x55,2,320,1.020,+0.139,+0.120,-0.981,+0.2,+0.6,-0.3,-0.619,-0.110,+0.777,29.0
2025-06-01T15:00:05.350,5.350,321,WA,Chest,0x55,2,321,1.020,+0.139,+0.120,-0.981,-0.1,+1.4,-0.4,-0.619,-0.110,+0.777,29.0
2025-06-01T15:00:05.366,5.367,322,WA,Chest,0x55,2,322,1.020,+0.139,+0.120,-0.981,-0.3,+1.5,-0.2,-0.620,-0.110,+0.777,29.0
2025-06-01T15:00:05.383,5.383,323,WA,Chest,0x55,2,323,1.020,+0.138,+0.120,-0.980,-0.6,+2.1,-0.2,-0.620,-0.110,+0.777,29.0
2025-06-01T15:00:05.400,5.400,324,WA,Chest,0x55,2,324,1.020,+0.138,+0.121,-0.979,-1.0,+3.4,-0.1,-0.621,-0.111,+0.776,29.0
2025-06-01T15:00:05.416,5.417,325,WA,Chest,0x55,2,325,1.020,+0.139,+0.122,-0.978,-1.2,+4.1,+0.0,-0.622,-0.111,+0.775,29.0
2025-06-01T15:00:05.433,5.433,326,WA,Chest,0x55,2,326,1.020,+0.139,+0.122,-0.977,-0.9,+3.5,+0.1,-0.623,-0.111,+0.775,29.0
2025-06-01T15:00:05.450,5.450,327,WA,Chest,0x55,2,327,1.020,+0.140,+0.123,-0.977,-0.9,+3.9,+0.2,-0.623,-0.111,+0.774,29.0
2025-06-01T15:00:05.466,5.467,328,WA,Chest,0x55,2,328,1.020,+0.140,+0.123,-0.976,-1.3,+5.7,+0.3,-0.625,-0.112,+0.773,29.0
2025-06-01T15:00:05.483,5.483,329,WA,Chest,0x55,2,329,1.020,+0.141,+0.124,-0.976,-1.1,+4.6,+0.3,-0.626,-0.112,+0.772,29.0
2025-06-01T15:00:05.500,5.500,330,WA,Chest,0x55,2,330,1.020,+0.142,+0.124,-0.977,-1.3,+5.0,+0.4,-0.627,-0.112,+0.771,29.0
2025-06-01T15:00:05.516,5.517,331,WA,Chest,0x55,2,331,1.020,+0.143,+0.124,-0.977,-2.0,+6.9,+0.5,-0.628,-0.112,+0.770,29.0
2025-06-01T15:00:05.533,5.533,332,WA,Chest,0x55,2,332,1.020,+0.146,+0.125,-0.978,-2.2,+7.2,+0.6,-0.630,-0.113,+0.769,29.0
2025-06-01T15:00:05.550,5.550,333,WA,Chest,0x55,2,333,1.020,+0.148,+0.126,-0.979,-1.8,+5.4,+0.5,-0.631,-0.113,+0.767,29.0
2025-06-01T15:00:05.566,5.567,334,WA,Chest,0x55,2,334,1.020,+0.149,+0.127,-0.979,-1.7,+5.4,+0.6,-0.632,-0.113,+0.766,29.0
2025-06-01T15:00:05.583,5.583,335,WA,Chest,0x55,2,335,1.020,+0.152,+0.128,-0.979,-2.2,+7.1,+0.8,-0.634,-0.114,+0.765,29.0
2025-06-01T15:00:05.600,5.600,336,WA,Chest,0x55,2,336,1.020,+0.155,+0.130,-0.978,-1.5,+5.2,+0.6,-0.635,-0.114,+0.764,29.0
2025-06-01T15:00:05.616,5.617,337,WA,Chest,0x55,2,337,1.020,+0.157,+0.131,-0.978,-1.2,+4.9,+0.6,-0.636,-0.114,+0.763,29.0
2025-06-01T15:00:05.633,5.633,338,WA,Chest,0x55,2,338,1.020,+0.160,+0.132,-0.977,-1.2,+6.1,+0.9,-0.638,-0.114,+0.762,29.0
2025-06-01T15:00:05.650,5.650,339,WA,Chest,0x55,2,339,1.020,+0.164,+0.133,-0.976,-0.7,+5.4,+0.9,-0.639,-0.114,+0.761,29.0
2025-06-01T15:00:05.666,5.667,340,WA,Chest,0x55,2,340,1.020,+0.167,+0.134,-0.976,-0.2,+3.6,+0.6,-0.640,-0.114,+0.760,29.0
2025-06-01T15:00:05.683,5.683,341,WA,Chest,0x55,2,341,1.020,+0.168,+0.134,-0.975,+0.3,+3.0,+0.6,-0.641,-0.114,+0.759,29.0
2025-06-01T15:00:05.700,5.700,342,WA,Chest,0x55,2,342,1.021,+0.170,+0.134,-0.975,+0.7,+3.3,+0.7,-0.641,-0.114,+0.759,29.0
2025-06-01T15:00:05.716,5.717,343,WA,Chest,0x55,2,343,1.021,+0.171,+0.134,-0.975,+1.2,+2.6,+0.6,-0.642,-0.114,+0.758,29.0
2025-06-01T15:00:05.733,5.733,344,WA,Chest,0x55,2,344,1.021,+0.172,+0.132,-0.975,+1.0,+1.6,+0.4,-0.643,-0.113,+0.758,29.0
2025-06-01T15:00:05.750,5.750,345,WA,Chest,0x55,2,345,1.021,+0.172,+0.132,-0.975,+1.1,+1.1,+0.3,-0.643,-0.113,+0.758,29.0
2025-06-01T15:00:05.766,5.767,346,WA,Chest,0x55,2,346,1.021,+0.172,+0.130,-0.976,+1.4,+0.9,+0.2,-0.643,-0.113,+0.758,29.0
2025-06-01T15:00:05.783,5.783,347,WA,Chest,0x55,2,347,1.021,+0.172,+0.128,-0.976,+0.9,+0.3,+0.1,-0.643,-0.112,+0.757,29.0
2025-06-01T15:00:05.800,5.800,348,WA,Chest,0x55,2,348,1.021,+0.171,+0.128,-0.976,+0.7,-0.1,-0.1,-0.643,-0.112,+0.757,29.0
2025-06-01T15:00:05.816,5.817,349,WA,Chest,0x55,2,349,1.021,+0.170,+0.126,-0.976,+0.8,-0.4,-0.2,-0.643,-0.112,+0.758,29.0
2025-06-01T15:00:05.833,5.833,350,WA,Chest,0x55,2,350,1.021,+0.168,+0.126,-0.976,+0.6,-0.8,-0.3,-0.643,-0.112,+0.758,29.0
2025-06-01T15:00:05.850,5.850,351,WA,Chest,0x55,2,351,1.022,+0.166,+0.125,-0.975,+0.3,-0.8,-0.2,-0.643,-0.112,+0.758,29.0
2025-06-01T15:00:05.866,5.867,352,WA,Chest,0x55,2,352,1.022,+0.166,+0.125,-0.975,+0.2,-0.9,-0.3,-0.643,-0.112,+0.758,29.0
2025-06-01T15:00:05.883,5.883,353,WA,Chest,0x55,2,353,1.022,+0.164,+0.126,-0.974,+0.2,-1.3,-0.3,-0.642,-0.112,+0.758,29.0
2025-06-01T15:00:05.900,5.900,354,WA,Chest,0x55,2,354,1.022,+0.162,+0.126,-0.974,+0.2,-1.1,-0.2,-0.642,-0.112,+0.758,29.0
2025-06-01T15:00:05.916,5.917,355,WA,Chest,0x55,2,355,1.022,+0.161,+0.126,-0.973,+0.2,-1.1,-0.2,-0.642,-0.112,+0.759,29.0
2025-06-01T15:00:05.933,5.933,356,WA,Chest,0x55,2,356,1.022,+0.160,+0.127,-0.973,+0.4,-1.5,-0.2,-0.642,-0.112,+0.759,29.0
2025-06-01T15:00:05.950,5.950,357,WA,Chest,0x55,2,357,1.022,+0.160,+0.127,-0.973,+0.6,-1.6,-0.2,-0.641,-0.112,+0.759,29.0
2025-06-01T15:00:05.966,5.967,358,WA,Chest,0x55,2,358,1.022,+0.160,+0.127,-0.973,+0.6,-1.3,-0.1,-0.641,-0.112,+0.760,29.0
2025-06-01T15:00:05.983,5.983,359,WA,Chest,0x55,2,359,1.022,+0.160,+0.127,-0.972,+0.8,-1.4,-0.2,-0.641,-0.111,+0.760,29.0
2025-06-01T15:00:06.000,6.000,360,WA,Chest,0x55,2,360,1.023,+0.160,+0.127,-0.972,+1.3,-2.1,-0.3,-0.640,-0.111,+0.760,29.0
2025-06-01T15:00:06.016,6.017,361,WA,Chest,0x55,2,361,1.023,+0.160,+0.127,-0.972,+1.1,-1.7,-0.2,-0.640,-0.111,+0.761,29.0
2025-06-01T15:00:06.033,6.033,362,WA,Chest,0x55,2,362,1.023,+0.160,+0.126,-0.972,+1.2,-1.8,-0.3,-0.639,-0.111,+0.761,29.0
2025-06-01T15:00:06.050,6.050,363,WA,Chest,0x55,2,363,1.023,+0.159,+0.126,-0.972,+1.6,-2.4,-0.5,-0.639,-0.111,+0.761,29.0
2025-06-01T15:00:06.066,6.067,364,WA,Chest,0x55,2,364,1.023,+0.158,+0.125,-0.973,+1.6,-2.5,-0.5,-0.638,-0.110,+0.762,29.0
2025-06-01T15:00:06.083,6.083,365,WA,Chest,0x55,2,365,1.023,+0.156,+0.124,-0.973,+1.6,-2.5,-0.6,-0.638,-0.110,+0.762,29.0
2025-06-01T15:00:06.100,6.100,366,WA,Chest,0x55,2,366,1.024,+0.154,+0.123,-0.975,+1.1,-1.8,-0.5,-0.637,-0.110,+0.763,29.0
2025-06-01T15:00:06.116,6.117,367,WA,Chest,0x55,2,367,1.024,+0.153,+0.123,-0.975,+0.9,-1.7,-0.5,-0.637,-0.110,+0.763,29.0
2025-06-01T15:00:06.133,6.133,368,WA,Chest,0x55,2,368,1.024,+0.150,+0.122,-0.977,+0.9,-2.0,-0.7,-0.636,-0.110,+0.764,29.0
2025-06-01T15:00:06.150,6.150,369,WA,Chest,0x55,2,369,1.025,+0.147,+0.121,-0.978,+0.5,-1.4,-0.5,-0.636,-0.110,+0.764,29.0
2025-06-01T15:00:06.166,6.167,370,WA,Chest,0x55,2,370,1.025,+0.146,+0.121,-0.979,+0.2,-1.1,-0.5,-0.636,-0.110,+0.764,29.0
2025-06-01T15:00:06.183,6.183,371,WA,Chest,0x55,2,371,1.025,+0.143,+0.121,-0.980,+0.0,-1.1,-0.7,-0.635,-0.110,+0.764,29.0
2025-06-01T15:00:06.200,6.200,372,WA,Chest,0x55,2,372,1.026,+0.141,+0.122,-0.980,-0.2,-0.7,-0.8,-0.635,-0.110,+0.765,29.0
2025-06-01T15:00:06.216,6.217,373,WA,Chest,0x55,2,373,1.026,+0.139,+0.123,-0.980,-0.3,-0.3,-0.7,-0.635,-0.110,+0.765,29.0
2025-06-01T15:00:06.233,6.233,374,WA,Chest,0x55,2,374,1.026,+0.138,+0.124,-0.979,-0.4,+0.1,-0.7,-0.635,-0.110,+0.765,29.0
2025-06-01T15:00:06.250,6.250,375,WA,Chest,0x55,2,375,1.026,+0.136,+0.125,-0.979,-0.5,+0.5,-1.0,-0.635,-0.110,+0.765,29.0
2025-06-01T15:00:06.266,6.267,376,WA,Chest,0x55,2,376,1.026,+0.135,+0.126,-0.978,-0.5,+1.1,-0.9,-0.635,-0.111,+0.764,29.0
2025-06-01T15:00:06.283,6.283,377,WA,Chest,0x55,2,377,1.026,+0.134,+0.127,-0.978,-0.4,+1.2,-0.6,-0.635,-0.111,+0.764,29.0
2025-06-01T15:00:06.300,6.300,378,WA,Chest,0x55,2,378,1.028,+0.133,+0.127,-0.978,-0.3,+1.6,-0.5,-0.636,-0.111,+0.764,29.0
2025-06-01T15:00:06.316,6.317,379,WA,Chest,0x55,2,379,1.028,+0.133,+0.128,-0.978,-0.4,+2.7,-0.5,-0.636,-0.111,+0.763,29.0
2025-06-01T15:00:06.333,6.333,380,WA,Chest,0x55,2,380,1.028,+0.133,+0.127,-0.978,-0.4,+2.4,-0.2,-0.637,-0.112,+0.763,29.0
2025-06-01T15:00:06.350,6.350,381,WA,Chest,0x55,2,381,1.028,+0.133,+0.127,-0.978,-0.5,+3.1,+0.2,-0.637,-0.112,+0.763,29.0
2025-06-01T15:00:06.366,6.367,382,WA,Chest,0x55,2,382,1.028,+0.132,+0.126,-0.978,-0.9,+4.9,+0.7,-0.638,-0.112,+0.762,29.0
2025-06-01T15:00:06.383,6.383,383,WA,Chest,0x55,2,383,1.028,+0.132,+0.125,-0.978,-0.9,+4.4,+1.0,-0.639,-0.112,+0.761,29.0
2025-06-01T15:00:06.400,6.400,384,WA,Chest,0x55,2,384,1.029,+0.131,+0.125,-0.978,-1.1,+5.4,+1.6,-0.640,-0.112,+0.760,29.0
2025-06-01T15:00:06.416,6.417,385,WA,Chest,0x55,2,385,1.029,+0.131,+0.124,-0.978,-1.9,+8.4,+2.8,-0.642,-0.112,+0.759,29.0
2025-06-01T15:00:06.433,6.433,386,WA,Chest,0x55,2,386,1.029,+0.132,+0.122,-0.978,-2.4,+10.1,+3.6,-0.644,-0.112,+0.757,29.0
2025-06-01T15:00:06.450,6.450,387,WA,Chest,0x55,2,387,1.030,+0.133,+0.121,-0.978,-2.3,+8.6,+3.1,-0.647,-0.111,+0.755,29.0
2025-06-01T15:00:06.466,6.467,388,WA,Chest,0x55,2,388,1.030,+0.134,+0.121,-0.977,-3.0,+10.0,+3.6,-0.648,-0.111,+0.753,29.0
2025-06-01T15:00:06.483,6.483,389,WA,Chest,0x55,2,389,1.030,+0.137,+0.120,-0.977,-4.9,+14.9,+5.4,-0.651,-0.111,+0.751,29.0
2025-06-01T15:00:06.500,6.500,390,WA,Chest,0x55,2,390,1.031,+0.141,+0.120,-0.976,-4.4,+12.5,+4.6,-0.655,-0.111,+0.747,29.0
2025-06-01T15:00:06.516,6.517,391,WA,Chest,0x55,2,391,1.031,+0.144,+0.120,-0.977,-5.6,+14.3,+5.3,-0.657,-0.112,+0.746,29.0
2025-06-01T15:00:06.533,6.533,392,WA,Chest,0x55,2,392,1.031,+0.150,+0.121,-0.978,-8.7,+20.8,+7.7,-0.661,-0.112,+0.742,29.0
2025-06-01T15:00:06.550,6.550,393,WA,Chest,0x55,2,393,1.031,+0.158,+0.124,-0.981,-10.4,+23.0,+8.3,-0.666,-0.112,+0.737,29.0
2025-06-01T15:00:06.566,6.567,394,WA,Chest,0x55,2,394,1.031,+0.166,+0.128,-0.983,-8.8,+18.4,+6.6,-0.672,-0.113,+0.732,29.0
2025-06-01T15:00:06.583,6.583,395,WA,Chest,0x55,2,395,1.031,+0.171,+0.131,-0.984,-10.1,+20.0,+7.0,-0.675,-0.114,+0.729,29.0
2025-06-01T15:00:06.600,6.600,396,WA,Chest,0x55,2,396,1.032,+0.180,+0.136,-0.984,-14.7,+28.3,+9.9,-0.681,-0.115,+0.723,29.0
2025-06-01T15:00:06.616,6.617,397,WA,Chest,0x55,2,397,1.032,+0.190,+0.141,-0.983,-16.1,+30.6,+10.7,-0.687,-0.116,+0.717,29.0
2025-06-01T15:00:06.633,6.633,398,WA,Chest,0x55,2,398,1.032,+0.201,+0.147,-0.980,-12.8,+24.2,+8.6,-0.694,-0.117,+0.710,29.0
2025-06-01T15:00:06.650,6.650,399,WA,Chest,0x55,2,399,1.033,+0.207,+0.150,-0.978,-13.1,+26.0,+9.3,-0.698,-0.118,+0.706,29.0
2025-06-01T15:00:06.666,6.667,400,WA,Chest,0x55,2,400,1.033,+0.220,+0.157,-0.974,-17.2,+36.4,+13.1,-0.706,-0.119,+0.699,29.0
2025-06-01T15:00:06.683,6.683,401,WA,Chest,0x55,2,401,1.033,+0.234,+0.163,-0.967,-16.0,+38.6,+14.0,-0.714,-0.119,+0.690,29.0
2025-06-01T15:00:06.700,6.700,402,WA,Chest,0x55,2,402,1.033,+0.249,+0.170,-0.957,-11.0,+30.0,+11.1,-0.722,-0.119,+0.682,29.0
2025-06-01T15:00:06.716,6.717,403,WA,Chest,0x55,2,403,1.033,+0.257,+0.174,-0.951,-8.8,+31.1,+11.7,-0.726,-0.119,+0.677,29.0
2025-06-01T15:00:06.733,6.733,404,WA,Chest,0x55,2,404,1.033,+0.274,+0.179,-0.938,-9.3,+42.2,+16.3,-0.735,-0.118,+0.668,29.0
2025-06-01T15:00:06.750,6.750,405,WA,Chest,0x55,2,405,1.033,+0.293,+0.183,-0.924,-5.9,+42.8,+17.0,-0.744,-0.116,+0.658,29.0
2025-06-01T15:00:06.766,6.767,406,WA,Chest,0x55,2,406,1.033,+0.312,+0.183,-0.912,-2.5,+32.2,+12.9,-0.753,-0.113,+0.649,29.0
2025-06-01T15:00:06.783,6.783,407,WA,Chest,0x55,2,407,1.033,+0.323,+0.182,-0.907,+0.1,+31.9,+12.5,-0.757,-0.111,+0.644,29.0
2025-06-01T15:00:06.800,6.800,408,WA,Chest,0x55,2,408,1.033,+0.345,+0.178,-0.899,+2.2,+41.5,+15.7,-0.765,-0.107,+0.635,29.0
2025-06-01T15:00:06.816,6.817,409,WA,Chest,0x55,2,409,1.033,+0.367,+0.171,-0.894,+3.1,+30.1,+10.9,-0.773,-0.103,+0.626,29.0
2025-06-01T15:00:06.833,6.833,410,WA,Chest,0x55,2,410,1.033,+0.377,+0.168,-0.892,+4.6,+28.1,+9.6,-0.777,-0.101,+0.621,29.0
2025-06-01T15:00:06.850,6.850,411,WA,Chest,0x55,2,411,1.033,+0.396,+0.161,-0.890,+6.9,+35.1,+11.7,-0.784,-0.097,+0.613,29.0
2025-06-01T15:00:06.866,6.867,412,WA,Chest,0x55,2,412,1.033,+0.412,+0.153,-0.888,+5.6,+24.4,+7.9,-0.790,-0.093,+0.606,29.0
2025-06-01T15:00:06.883,6.883,413,WA,Chest,0x55,2,413,1.033,+0.419,+0.149,-0.888,+5.4,+21.5,+6.9,-0.793,-0.091,+0.602,29.0
2025-06-01T15:00:06.900,6.900,414,WA,Chest,0x55,2,414,1.033,+0.432,+0.141,-0.888,+6.5,+25.7,+8.3,-0.798,-0.088,+0.596,29.0
2025-06-01T15:00:06.916,6.917,415,WA,Chest,0x55,2,415,1.033,+0.443,+0.133,-0.888,+4.2,+17.1,+5.7,-0.802,-0.085,+0.591,29.0
2025-06-01T15:00:06.933,6.933,416,WA,Chest,0x55,2,416,1.033,+0.447,+0.130,-0.888,+3.3,+14.5,+5.1,-0.804,-0.084,+0.588,29.0
2025-06-01T15:00:06.950,6.950,417,WA,Chest,0x55,2,417,1.033,+0.453,+0.126,-0.888,+3.7,+17.0,+6.4,-0.808,-0.082,+0.584,29.0
2025-06-01T15:00:06.966,6.967,418,WA,Chest,0x55,2,418,1.033,+0.457,+0.124,-0.885,+2.9,+14.3,+6.1,-0.810,-0.080,+0.581,29.0
2025-06-01T15:00:06.983,6.983,419,WA,Chest,0x55,2,419,1.033,+0.458,+0.124,-0.882,+1.8,+9.5,+4.5,-0.813,-0.078,+0.578,29.0
2025-06-01T15:00:07.000,7.000,420,WA,Chest,0x55,2,420,1.033,+0.458,+0.124,-0.881,+1.6,+8.2,+4.5,-0.814,-0.077,+0.576,29.0
2025-06-01T15:00:07.016,7.017,421,WA,Chest,0x55,2,421,1.033,+0.457,+0.125,-0.877,+2.0,+10.0,+5.8,-0.816,-0.075,+0.574,29.0
2025-06-01T15:00:07.033,7.033,422,WA,Chest,0x55,2,422,1.033,+0.457,+0.125,-0.876,+1.5,+7.0,+4.1,-0.817,-0.074,+0.571,29.0
2025-06-01T15:00:07.050,7.050,423,WA,Chest,0x55,2,423,1.033,+0.458,+0.124,-0.875,+1.4,+6.5,+3.4,-0.818,-0.073,+0.570,29.0
2025-06-01T15:00:07.066,7.067,424,WA,Chest,0x55,2,424,1.033,+0.459,+0.122,-0.876,+1.6,+8.3,+3.8,-0.820,-0.072,+0.568,29.0
2025-06-01T15:00:07.083,7.083,425,WA,Chest,0x55,2,425,1.033,+0.461,+0.122,-0.878,+1.4,+7.6,+2.8,-0.821,-0.071,+0.567,29.0
2025-06-01T15:00:07.100,7.100,426,WA,Chest,0x55,2,426,1.033,+0.462,+0.122,-0.880,+0.9,+5.1,+1.7,-0.822,-0.070,+0.565,29.0
2025-06-01T15:00:07.116,7.117,427,WA,Chest,0x55,2,427,1.033,+0.462,+0.124,-0.881,+0.8,+4.3,+1.4,-0.823,-0.069,+0.564,29.0
2025-06-01T15:00:07.133,7.133,428,WA,Chest,0x55,2,428,1.033,+0.461,+0.127,-0.883,+0.8,+4.8,+1.6,-0.824,-0.069,+0.563,29.0
2025-06-01T15:00:07.150,7.150,429,WA,Chest,0x55,2,429,1.033,+0.459,+0.129,-0.884,+0.4,+3.0,+1.1,-0.824,-0.068,+0.562,29.0
2025-06-01T15:00:07.166,7.167,430,WA,Chest,0x55,2,430,1.033,+0.458,+0.130,-0.885,+0.2,+2.2,+1.0,-0.825,-0.068,+0.561,29.0
2025-06-01T15:00:07.183,7.183,431,WA,Chest,0x55,2,431,1.033,+0.455,+0.131,-0.885,+0.2,+2.4,+1.3,-0.825,-0.068,+0.561,29.0
2025-06-01T15:00:07.200,7.200,432,WA,Chest,0x55,2,432,1.033,+0.451,+0.132,-0.885,+0.1,+1.9,+1.2,-0.826,-0.068,+0.560,29.0
2025-06-01T15:00:07.216,7.217,433,WA,Chest,0x55,2,433,1.033,+0.447,+0.132,-0.886,+0.1,+1.3,+0.9,-0.826,-0.067,+0.560,29.0
2025-06-01T15:00:07.233,7.233,434,WA,Chest,0x55,2,434,1.033,+0.446,+0.132,-0.886,+0.2,+1.2,+0.8,-0.826,-0.067,+0.560,29.0
2025-06-01T15:00:07.250,7.250,435,WA,Chest,0x55,2,435,1.033,+0.443,+0.131,-0.887,+0.3,+1.6,+0.8,-0.826,-0.067,+0.559,29.0
2025-06-01T15:00:07.266,7.267,436,WA,Chest,0x55,2,436,1.033,+0.442,+0.130,-0.889,+0.5,+1.7,+0.5,-0.827,-0.067,+0.559,29.0
2025-06-01T15:00:07.283,7.283,437,WA,Chest,0x55,2,437,1.033,+0.442,+0.129,-0.891,+0.5,+1.4,+0.2,-0.827,-0.066,+0.559,29.0
2025-06-01T15:00:07.300,7.300,438,WA,Chest,0x55,2,438,1.033,+0.443,+0.128,-0.893,+0.5,+1.4,-0.2,-0.827,-0.066,+0.558,29.0
2025-06-01T15:00:07.316,7.317,439,WA,Chest,0x55,2,439,1.033,+0.445,+0.128,-0.894,+0.7,+1.9,-0.6,-0.827,-0.066,+0.558,29.0
2025-06-01T15:00:07.333,7.333,440,WA,Chest,0x55,2,440,1.033,+0.446,+0.128,-0.896,+0.5,+1.7,-1.0,-0.828,-0.066,+0.557,29.0
2025-06-01T15:00:07.350,7.350,441,WA,Chest,0x55,2,441,1.034,+0.448,+0.129,-0.896,+0.3,+1.0,-0.9,-0.828,-0.067,+0.557,29.0
2025-06-01T15:00:07.366,7.367,442,WA,Chest,0x55,2,442,1.034,+0.449,+0.130,-0.896,+0.2,+0.6,-1.1,-0.828,-0.067,+0.557,29.0
2025-06-01T15:00:07.383,7.383,443,WA,Chest,0x55,2,443,1.034,+0.449,+0.132,-0.896,+0.3,+0.2,-1.6,-0.828,-0.067,+0.557,29.0
2025-06-01T15:00:07.400,7.400,444,WA,Chest,0x55,2,444,1.034,+0.449,+0.133,-0.895,+0.2,-0.3,-1.4,-0.828,-0.067,+0.557,29.0
2025-06-01T15:00:07.416,7.417,445,WA,Chest,0x55,2,445,1.034,+0.449,+0.134,-0.895,+0.2,-0.8,-1.6,-0.828,-0.068,+0.557,29.0
2025-06-01T15:00:07.433,7.433,446,WA,Chest,0x55,2,446,1.034,+0.448,+0.135,-0.894,+0.3,-1.6,-2.4,-0.828,-0.068,+0.557,29.0
2025-06-01T15:00:07.450,7.450,447,WA,Chest,0x55,2,447,1.034,+0.445,+0.135,-0.892,+0.5,-2.3,-2.7,-0.827,-0.069,+0.558,29.0
2025-06-01T15:00:07.466,7.467,448,WA,Chest,0x55,2,448,1.034,+0.442,+0.136,-0.890,+0.6,-2.0,-2.2,-0.827,-0.069,+0.558,29.0
2025-06-01T15:00:07.483,7.483,449,WA,Chest,0x55,2,449,1.034,+0.440,+0.136,-0.889,+1.0,-2.2,-2.3,-0.826,-0.070,+0.559,29.0
2025-06-01T15:00:07.500,7.500,450,WA,Chest,0x55,2,450,1.035,+0.436,+0.137,-0.887,+1.8,-3.1,-3.1,-0.826,-0.070,+0.559,29.0
2025-06-01T15:00:07.516,7.517,451,WA,Chest,0x55,2,451,1.035,+0.432,+0.137,-0.887,+2.5,-3.1,-3.2,-0.825,-0.071,+0.560,29.0
2025-06-01T15:00:07.533,7.533,452,WA,Chest,0x55,2,452,1.035,+0.428,+0.137,-0.888,+2.2,-2.2,-2.4,-0.825,-0.071,+0.561,29.0
2025-06-01T15:00:07.550,7.550,453,WA,Chest,0x55,2,453,1.035,+0.427,+0.136,-0.889,+2.6,-2.1,-2.3,-0.824,-0.071,+0.561,29.0
2025-06-01T15:00:07.566,7.567,454,WA,Chest,0x55,2,454,1.035,+0.424,+0.134,-0.890,+3.7,-2.6,-3.0,-0.824,-0.071,+0.562,29.0
2025-06-01T15:00:07.583,7.583,455,WA,Chest,0x55,2,455,1.035,+0.423,+0.132,-0.892,+2.9,-1.8,-2.1,-0.824,-0.071,+0.563,29.0
2025-06-01T15:00:07.600,7.600,456,WA,Chest,0x55,2,456,1.036,+0.422,+0.132,-0.892,+3.0,-1.7,-2.0,-0.823,-0.071,+0.563,29.0
2025-06-01T15:00:07.616,7.617,457,WA,Chest,0x55,2,457,1.036,+0.422,+0.130,-0.893,+4.1,-2.2,-2.4,-0.823,-0.071,+0.564,29.0
2025-06-01T15:00:07.633,7.633,458,WA,Chest,0x55,2,458,1.036,+0.422,+0.129,-0.894,+4.1,-2.4,-2.3,-0.822,-0.071,+0.564,29.0
2025-06-01T15:00:07.650,7.650,459,WA,Chest,0x55,2,459,1.037,+0.423,+0.127,-0.895,+3.0,-2.1,-1.6,-0.822,-0.071,+0.565,29.0
2025-06-01T15:00:07.666,7.667,460,WA,Chest,0x55,2,460,1.037,+0.423,+0.126,-0.895,+2.8,-2.7,-1.6,-0.822,-0.071,+0.565,29.0
2025-06-01T15:00:07.683,7.683,461,WA,Chest,0x55,2,461,1.037,+0.425,+0.124,-0.897,+3.5,-4.5,-2.3,-0.821,-0.071,+0.566,29.0
2025-06-01T15:00:07.700,7.700,462,WA,Chest,0x55,2,462,1.038,+0.426,+0.122,-0.897,+3.4,-5.8,-2.4,-0.820,-0.071,+0.568,29.0
2025-06-01T15:00:07.716,7.717,463,WA,Chest,0x55,2,463,1.038,+0.426,+0.121,-0.898,+2.5,-5.1,-2.0,-0.819,-0.071,+0.569,29.0
2025-06-01T15:00:07.733,7.733,464,WA,Chest,0x55,2,464,1.038,+0.425,+0.121,-0.898,+2.6,-5.9,-2.1,-0.818,-0.071,+0.570,29.0
2025-06-01T15:00:07.750,7.750,465,WA,Chest,0x55,2,465,1.039,+0.422,+0.121,-0.898,+3.6,-8.5,-3.0,-0.817,-0.071,+0.572,29.0
2025-06-01T15:00:07.766,7.767,466,WA,Chest,0x55,2,466,1.039,+0.418,+0.121,-0.898,+3.9,-9.1,-3.2,-0.815,-0.071,+0.574,29.0
2025-06-01T15:00:07.783,7.783,467,WA,Chest,0x55,2,467,1.039,+0.413,+0.121,-0.899,+3.1,-7.0,-2.5,-0.814,-0.071,+0.577,29.0
2025-06-01T15:00:07.800,7.800,468,WA,Chest,0x55,2,468,1.040,+0.410,+0.120,-0.900,+3.2,-7.1,-2.6,-0.813,-0.071,+0.578,29.0
2025-06-01T15:00:07.816,7.817,469,WA,Chest,0x55,2,469,1.040,+0.404,+0.120,-0.901,+4.4,-9.5,-3.6,-0.811,-0.071,+0.580,29.0
2025-06-01T15:00:07.833,7.833,470,WA,Chest,0x55,2,470,1.040,+0.399,+0.120,-0.902,+3.4,-7.0,-2.8,-0.810,-0.071,+0.583,29.0
2025-06-01T15:00:07.850,7.850,471,WA,Chest,0x55,2,471,1.041,+0.397,+0.119,-0.903,+3.3,-6.7,-2.8,-0.809,-0.071,+0.584,29.0
2025-06-01T15:00:07.866,7.867,472,WA,Chest,0x55,2,472,1.041,+0.392,+0.118,-0.904,+4.2,-8.4,-3.7,-0.807,-0.072,+0.586,29.0
2025-06-01T15:00:07.883,7.883,473,WA,Chest,0x55,2,473,1.041,+0.388,+0.118,-0.905,+3.0,-5.9,-2.7,-0.806,-0.072,+0.588,29.0
2025-06-01T15:00:07.900,7.900,474,WA,Chest,0x55,2,474,1.042,+0.386,+0.117,-0.906,+2.7,-5.2,-2.6,-0.805,-0.072,+0.589,29.0
2025-06-01T15:00:07.916,7.917,475,WA,Chest,0x55,2,475,1.042,+0.384,+0.117,-0.907,+3.2,-6.2,-3.3,-0.804,-0.072,+0.590,29.0
2025-06-01T15:00:07.933,7.933,476,WA,Chest,0x55,2,476,1.042,+0.382,+0.116,-0.909,+2.8,-5.4,-3.1,-0.803,-0.072,+0.592,29.0
2025-06-01T15:00:07.950,7.950,477,WA,Chest,0x55,2,477,1.043,+0.382,+0.116,-0.910,+1.9,-3.6,-2.2,-0.802,-0.072,+0.593,29.0
2025-06-01T15:00:07.966,7.967,478,WA,Chest,0x55,2,478,1.043,+0.382,+0.115,-0.911,+1.6,-3.1,-2.0,-0.801,-0.073,+0.594,29.0
2025-06-01T15:00:07.983,7.983,479,WA,Chest,0x55,2,479,1.043,+0.383,+0.115,-0.912,+1.8,-3.7,-2.4,-0.801,-0.073,+0.595,29.0
2025-06-01T15:00:08.000,8.000,480,WA,Chest,0x55,2,480,1.044,+0.384,+0.114,-0.913,+1.0,-2.5,-1.7,-0.800,-0.073,+0.595,29.0
2025-06-01T15:00:08.016,8.017,481,WA,Chest,0x55,2,481,1.044,+0.384,+0.114,-0.914,+0.7,-2.3,-1.5,-0.800,-0.073,+0.596,29.0
2025-06-01T15:00:08.033,8.033,482,WA,Chest,0x55,2,482,1.044,+0.385,+0.114,-0.914,+0.8,-2.9,-1.9,-0.799,-0.074,+0.596,29.0
2025-06-01T15:00:08.050,8.050,483,WA,Chest,0x55,2,483,1.044,+0.385,+0.116,-0.914,+0.7,-2.9,-1.7,-0.799,-0.074,+0.597,29.0
2025-06-01T15:00:08.066,8.067,484,WA,Chest,0x55,2,484,1.044,+0.385,+0.117,-0.914,+0.5,-2.2,-1.2,-0.798,-0.074,+0.598,29.0
2025-06-01T15:00:08.083,8.083,485,WA,Chest,0x55,2,485,1.044,+0.385,+0.118,-0.913,+0.6,-2.4,-1.2,-0.798,-0.074,+0.598,29.0
2025-06-01T15:00:08.100,8.100,486,WA,Chest,0x55,2,486,1.045,+0.384,+0.120,-0.913,+0.9,-3.5,-1.6,-0.797,-0.075,+0.599,29.0
2025-06-01T15:00:08.116,8.117,487,WA,Chest,0x55,2,487,1.045,+0.382,+0.120,-0.913,+1.0,-3.7,-1.5,-0.797,-0.075,+0.600,29.0
2025-06-01T15:00:08.133,8.133,488,WA,Chest,0x55,2,488,1.045,+0.380,+0.120,-0.913,+0.8,-2.8,-1.0,-0.796,-0.075,+0.601,29.0
2025-06-01T15:00:08.150,8.150,489,WA,Chest,0x55,2,489,1.045,+0.379,+0.120,-0.914,+0.9,-2.8,-1.0,-0.796,-0.075,+0.601,29.0
2025-06-01T15:00:08.166,8.167,490,WA,Chest,0x55,2,490,1.045,+0.376,+0.120,-0.915,+1.3,-3.4,-1.3,-0.795,-0.075,+0.602,29.0
2025-06-01T15:00:08.183,8.183,491,WA,Chest,0x55,2,491,1.045,+0.373,+0.119,-0.916,+1.1,-2.4,-0.9,-0.794,-0.075,+0.603,29.0
2025-06-01T15:00:08.200,8.200,492,WA,Chest,0x55,2,492,1.045,+0.372,+0.119,-0.916,+1.1,-2.0,-0.9,-0.794,-0.075,+0.603,29.0
2025-06-01T15:00:08.216,8.217,493,WA,Chest,0x55,2,493,1.045,+0.370,+0.118,-0.917,+1.5,-2.2,-1.0,-0.794,-0.075,+0.604,29.0
2025-06-01T15:00:08.233,8.233,494,WA,Chest,0x55,2,494,1.045,+0.369,+0.116,-0.917,+1.3,-1.5,-0.9,-0.793,-0.075,+0.604,29.0
2025-06-01T15:00:08.250,8.250,495,WA,Chest,0x55,2,495,1.045,+0.368,+0.114,-0.918,+0.9,-0.8,-0.5,-0.793,-0.075,+0.605,29.0
2025-06-01T15:00:08.266,8.267,496,WA,Chest,0x55,2,496,1.045,+0.368,+0.113,-0.919,+0.6,-0.3,-0.4,-0.793,-0.075,+0.605,29.0
2025-06-01T15:00:08.283,8.283,497,WA,Chest,0x55,2,497,1.045,+0.369,+0.111,-0.922,+0.3,-0.0,-0.4,-0.793,-0.075,+0.605,29.0
2025-06-01T15:00:08.300,8.300,498,WA,Chest,0x55,2,498,1.045,+0.370,+0.110,-0.924,-0.5,+0.4,-0.3,-0.793,-0.075,+0.605,29.0
2025-06-01T15:00:08.316,8.317,499,WA,Chest,0x55,2,499,1.045,+0.370,+0.109,-0.926,-0.9,+0.5,-0.1,-0.793,-0.075,+0.605,29.0
2025-06-01T15:00:08.333,8.333,500,WA,Chest,0x55,2,500,1.045,+0.371,+0.109,-0.926,-1.9,+0.8,-0.0,-0.793,-0.075,+0.604,29.0
2025-06-01T15:00:08.350,8.350,501,WA,Chest,0x55,2,501,1.045,+0.370,+0.109,-0.925,-3.7,+1.4,+0.2,-0.793,-0.076,+0.604,29.0
2025-06-01T15:00:08.366,8.367,502,WA,Chest,0x55,2,502,1.045,+0.368,+0.109,-0.924,-5.3,+2.1,+0.6,-0.794,-0.077,+0.604,29.0
2025-06-01T15:00:08.383,8.383,503,WA,Chest,0x55,2,503,1.045,+0.366,+0.110,-0.922,-4.9,+2.2,+0.7,-0.794,-0.077,+0.603,29.0
2025-06-01T15:00:08.400,8.400,504,WA,Chest,0x55,2,504,1.043,+0.365,+0.110,-0.921,-5.9,+3.1,+1.0,-0.794,-0.078,+0.602,29.0
2025-06-01T15:00:08.416,8.417,505,WA,Chest,0x55,2,505,1.043,+0.363,+0.113,-0.917,-8.6,+5.1,+1.5,-0.795,-0.079,+0.601,29.0
2025-06-01T15:00:08.433,8.433,506,WA,Chest,0x55,2,506,1.043,+0.363,+0.117,-0.912,-6.8,+4.5,+1.1,-0.796,-0.080,+0.600,29.0
2025-06-01T15:00:08.450,8.450,507,WA,Chest,0x55,2,507,1.042,+0.364,+0.120,-0.909,-6.9,+5.4,+1.0,-0.797,-0.081,+0.599,29.0
2025-06-01T15:00:08.466,8.467,508,WA,Chest,0x55,2,508,1.042,+0.367,+0.126,-0.903,-8.9,+7.7,+1.2,-0.798,-0.082,+0.597,29.0
2025-06-01T15:00:08.483,8.483,509,WA,Chest,0x55,2,509,1.042,+0.372,+0.131,-0.897,-8.1,+8.1,+0.9,-0.800,-0.083,+0.595,29.0
2025-06-01T15:00:08.500,8.500,510,WA,Chest,0x55,2,510,1.041,+0.379,+0.134,-0.893,-5.5,+6.0,+0.5,-0.801,-0.085,+0.593,29.0
2025-06-01T15:00:08.516,8.517,511,WA,Chest,0x55,2,511,1.041,+0.383,+0.136,-0.892,-4.5,+5.6,+0.2,-0.802,-0.085,+0.592,29.0
2025-06-01T15:00:08.533,8.533,512,WA,Chest,0x55,2,512,1.041,+0.392,+0.138,-0.891,-4.9,+6.4,-0.0,-0.803,-0.086,+0.590,29.0
2025-06-01T15:00:08.550,8.550,513,WA,Chest,0x55,2,513,1.040,+0.401,+0.139,-0.893,-3.6,+4.6,-0.5,-0.804,-0.087,+0.588,29.0
2025-06-01T15:00:08.566,8.567,514,WA,Chest,0x55,2,514,1.040,+0.409,+0.141,-0.895,-2.0,+2.2,-0.6,-0.804,-0.088,+0.588,29.0
2025-06-01T15:00:08.583,8.583,515,WA,Chest,0x55,2,515,1.040,+0.412,+0.141,-0.897,-1.1,+0.2,-0.9,-0.805,-0.088,+0.587,29.0
2025-06-01T15:00:08.600,8.600,516,WA,Chest,0x55,2,516,1.038,+0.417,+0.142,-0.900,-0.9,-1.9,-1.3,-0.804,-0.088,+0.587,29.0
2025-06-01T15:00:08.616,8.617,517,WA,Chest,0x55,2,517,1.038,+0.419,+0.140,-0.905,-0.5,-4.7,-1.3,-0.804,-0.089,+0.588,29.0
2025-06-01T15:00:08.633,8.633,518,WA,Chest,0x55,2,518,1.038,+0.419,+0.138,-0.912,-0.4,-5.0,-1.0,-0.803,-0.089,+0.590,29.0
2025-06-01T15:00:08.650,8.650,519,WA,Chest,0x55,2,519,1.034,+0.418,+0.138,-0.915,-0.5,-6.7,-1.1,-0.802,-0.089,+0.590,29.0
2025-06-01T15:00:08.666,8.667,520,WA,Chest,0x55,2,520,1.034,+0.414,+0.137,-0.921,-0.9,-10.5,-1.8,-0.800,-0.090,+0.593,29.0
2025-06-01T15:00:08.683,8.683,521,WA,Chest,0x55,2,521,1.034,+0.410,+0.138,-0.925,-1.2,-12.4,-2.3,-0.798,-0.090,+0.595,29.0
2025-06-01T15:00:08.700,8.700,522,WA,Chest,0x55,2,522,1.032,+0.403,+0.139,-0.927,-1.0,-10.2,-2.1,-0.796,-0.091,+0.598,29.0
2025-06-01T15:00:08.716,8.717,523,WA,Chest,0x55,2,523,1.032,+0.399,+0.140,-0.927,-1.2,-11.3,-2.5,-0.795,-0.092,+0.600,29.0
2025-06-01T15:00:08.733,8.733,524,WA,Chest,0x55,2,524,1.032,+0.391,+0.142,-0.927,-1.8,-15.9,-3.8,-0.792,-0.093,+0.603,29.0
2025-06-01T15:00:08.750,8.750,525,WA,Chest,0x55,2,525,1.030,+0.383,+0.143,-0.926,-1.4,-12.5,-3.1,-0.789,-0.094,+0.607,29.0
2025-06-01T15:00:08.766,8.767,526,WA,Chest,0x55,2,526,1.030,+0.378,+0.144,-0.926,-1.5,-13.1,-3.5,-0.787,-0.095,+0.609,29.0
2025-06-01T15:00:08.783,8.783,527,WA,Chest,0x55,2,527,1.030,+0.370,+0.146,-0.924,-2.0,-18.0,-5.0,-0.784,-0.096,+0.613,29.0
2025-06-01T15:00:08.800,8.800,528,WA,Chest,0x55,2,528,1.028,+0.362,+0.148,-0.922,-1.4,-13.9,-4.0,-0.781,-0.098,+0.617,29.0
2025-06-01T15:00:08.816,8.817,529,WA,Chest,0x55,2,529,1.028,+0.359,+0.149,-0.922,-1.1,-14.4,-4.2,-0.779,-0.099,+0.619,29.0
2025-06-01T15:00:08.833,8.833,530,WA,Chest,0x55,2,530,1.028,+0.352,+0.150,-0.922,-1.1,-19.7,-5.9,-0.775,-0.100,+0.624,29.0
2025-06-01T15:00:08.850,8.850,531,WA,Chest,0x55,2,531,1.023,+0.346,+0.150,-0.923,-0.6,-20.4,-6.1,-0.771,-0.102,+0.628,29.0
2025-06-01T15:00:08.866,8.867,532,WA,Chest,0x55,2,532,1.023,+0.340,+0.150,-0.926,-0.3,-15.7,-4.7,-0.767,-0.103,+0.633,29.0
2025-06-01T15:00:08.883,8.883,533,WA,Chest,0x55,2,533,1.023,+0.337,+0.149,-0.928,-0.1,-16.1,-4.7,-0.765,-0.104,+0.635,29.0
2025-06-01T15:00:08.900,8.900,534,WA,Chest,0x55,2,534,1.021,+0.331,+0.149,-0.932,-0.2,-21.7,-6.3,-0.761,-0.105,+0.640,29.0
2025-06-01T15:00:08.916,8.917,535,WA,Chest,0x55,2,535,1.021,+0.324,+0.149,-0.936,-0.1,-16.4,-4.8,-0.757,-0.107,+0.645,29.0
2025-06-01T15:00:08.933,8.933,536,WA,Chest,0x55,2,536,1.021,+0.321,+0.150,-0.938,-0.1,-16.3,-4.7,-0.755,-0.107,+0.647,29.0
2025-06-01T15:00:08.950,8.950,537,WA,Chest,0x55,2,537,1.018,+0.313,+0.151,-0.943,-0.3,-21.5,-6.2,-0.750,-0.109,+0.652,29.0
2025-06-01T15:00:08.966,8.967,538,WA,Chest,0x55,2,538,1.018,+0.305,+0.152,-0.946,-0.4,-20.7,-5.9,-0.746,-0.110,+0.657,29.0
2025-06-01T15:00:08.983,8.983,539,WA,Chest,0x55,2,539,1.018,+0.297,+0.153,-0.950,-0.3,-15.0,-4.2,-0.742,-0.111,+0.661,29.0
2025-06-01T15:00:09.000,9.000,540,WA,Chest,0x55,2,540,1.016,+0.293,+0.154,-0.952,-0.1,-14.2,-4.0,-0.740,-0.112,+0.663,29.0
2025-06-01T15:00:09.016,9.017,541,WA,Chest,0x55,2,541,1.016,+0.286,+0.156,-0.956,-0.2,-18.3,-5.3,-0.736,-0.113,+0.667,29.0
2025-06-01T15:00:09.033,9.033,542,WA,Chest,0x55,2,542,1.016,+0.281,+0.158,-0.960,-0.5,-17.7,-5.1,-0.733,-0.114,+0.671,29.0
2025-06-01T15:00:09.050,9.050,543,WA,Chest,0x55,2,543,1.014,+0.277,+0.158,-0.964,-0.9,-13.2,-3.7,-0.729,-0.116,+0.675,29.0
2025-06-01T15:00:09.066,9.067,544,WA,Chest,0x55,2,544,1.014,+0.275,+0.158,-0.966,-2.3,-13.2,-3.3,-0.727,-0.116,+0.676,29.0
2025-06-01T15:00:09.083,9.083,545,WA,Chest,0x55,2,545,1.014,+0.272,+0.156,-0.972,-5.3,-17.8,-3.8,-0.724,-0.118,+0.680,29.0
2025-06-01T15:00:09.100,9.100,546,WA,Chest,0x55,2,546,1.011,+0.269,+0.154,-0.980,-5.7,-13.4,-2.4,-0.720,-0.120,+0.684,29.0
2025-06-01T15:00:09.116,9.117,547,WA,Chest,0x55,2,547,1.011,+0.268,+0.153,-0.985,-7.6,-13.3,-1.8,-0.718,-0.121,+0.685,29.0
2025-06-01T15:00:09.133,9.133,548,WA,Chest,0x55,2,548,1.011,+0.267,+0.151,-0.996,-10.9,-17.4,-1.9,-0.715,-0.124,+0.689,29.0
2025-06-01T15:00:09.150,9.150,549,WA,Chest,0x55,2,549,1.009,+0.267,+0.143,-1.011,-10.5,-16.8,-1.3,-0.711,-0.126,+0.692,29.0
2025-06-01T15:00:09.166,9.167,550,WA,Chest,0x55,2,550,1.009,+0.266,+0.121,-1.029,-7.0,-12.1,-0.5,-0.708,-0.129,+0.695,29.0
2025-06-01T15:00:09.183,9.183,551,WA,Chest,0x55,2,551,1.009,+0.265,+0.101,-1.039,-5.4,-11.7,+0.3,-0.706,-0.129,+0.696,29.0
2025-06-01T15:00:09.200,9.200,552,WA,Chest,0x55,2,552,1.007,+0.261,+0.040,-1.059,-5.1,-15.6,+1.3,-0.703,-0.131,+0.699,29.0
2025-06-01T15:00:09.216,9.217,553,WA,Chest,0x55,2,553,1.007,+0.259,-0.046,-1.078,-2.2,-16.8,+2.6,-0.700,-0.131,+0.702,29.0
2025-06-01T15:00:09.233,9.233,554,WA,Chest,0x55,2,554,1.007,+0.259,-0.143,-1.093,+0.0,-14.0,+2.7,-0.696,-0.130,+0.706,29.0
2025-06-01T15:00:09.250,9.250,555,WA,Chest,0x55,2,555,1.004,+0.259,-0.189,-1.099,+2.1,-16.8,+3.7,-0.694,-0.130,+0.708,29.0
2025-06-01T15:00:09.266,9.267,556,WA,Chest,0x55,2,556,1.004,+0.257,-0.268,-1.104,+4.7,-25.5,+5.8,-0.690,-0.128,+0.713,29.0
2025-06-01T15:00:09.283,9.283,557,WA,Chest,0x55,2,557,1.004,+0.249,-0.323,-1.100,+4.7,-21.6,+4.8,-0.684,-0.126,+0.718,29.0
2025-06-01T15:00:09.300,9.300,558,WA,Chest,0x55,2,558,1.003,+0.244,-0.342,-1.096,+5.0,-24.9,+4.9,-0.681,-0.124,+0.722,29.0
2025-06-01T15:00:09.316,9.317,559,WA,Chest,0x55,2,559,1.003,+0.234,-0.367,-1.082,+4.3,-36.7,+6.0,-0.674,-0.122,+0.729,29.0
2025-06-01T15:00:09.333,9.333,560,WA,Chest,0x55,2,560,1.003,+0.225,-0.365,-1.063,-2.0,-41.3,+4.7,-0.666,-0.120,+0.736,29.0
2025-06-01T15:00:09.350,9.350,561,WA,Chest,0x55,2,561,1.001,+0.213,-0.323,-1.033,-6.4,-33.1,+2.5,-0.657,-0.121,+0.744,29.0
2025-06-01T15:00:09.366,9.367,562,WA,Chest,0x55,2,562,1.001,+0.204,-0.284,-1.013,-13.6,-34.3,+1.1,-0.652,-0.122,+0.749,29.0
2025-06-01T15:00:09.383,9.383,563,WA,Chest,0x55,2,563,1.001,+0.180,-0.171,-0.966,-24.2,-44.8,-0.4,-0.642,-0.126,+0.756,29.0
2025-06-01T15:00:09.400,9.400,564,WA,Chest,0x55,2,564,1.000,+0.152,-0.018,-0.912,-30.8,-41.6,-2.9,-0.632,-0.133,+0.763,29.0
2025-06-01T15:00:09.416,9.417,565,WA,Chest,0x55,2,565,1.000,+0.126,+0.162,-0.857,-26.0,-28.5,-3.7,-0.623,-0.141,+0.769,29.0
2025-06-01T15:00:09.433,9.433,566,WA,Chest,0x55,2,566,1.000,+0.113,+0.257,-0.829,-28.2,-24.1,-5.4,-0.619,-0.146,+0.772,29.0
2025-06-01T15:00:09.450,9.450,567,WA,Chest,0x55,2,567,0.999,+0.089,+0.451,-0.769,-37.8,-27.1,-8.8,-0.612,-0.156,+0.776,29.0
2025-06-01T15:00:09.466,9.467,568,WA,Chest,0x55,2,568,0.999,+0.067,+0.644,-0.705,-35.7,-20.2,-10.0,-0.606,-0.166,+0.778,29.0
2025-06-01T15:00:09.483,9.483,569,WA,Chest,0x55,2,569,0.999,+0.050,+0.833,-0.637,-24.5,-11.3,-7.8,-0.602,-0.175,+0.779,29.0
2025-06-01T15:00:09.500,9.500,570,WA,Chest,0x55,2,570,0.997,+0.046,+0.926,-0.603,-20.7,-7.1,-7.2,-0.600,-0.180,+0.780,29.0
2025-06-01T15:00:09.516,9.517,571,WA,Chest,0x55,2,571,0.997,+0.047,+1.112,-0.533,-23.5,-6.4,-8.4,-0.598,-0.187,+0.780,29.0
2025-06-01T15:00:09.533,9.533,572,WA,Chest,0x55,2,572,0.997,+0.063,+1.291,-0.460,-14.2,-3.0,-5.4,-0.596,-0.193,+0.779,29.0
2025-06-01T15:00:09.550,9.550,573,WA,Chest,0x55,2,573,0.996,+0.074,+1.374,-0.424,-8.7,-1.7,-4.8,-0.596,-0.196,+0.779,29.0
2025-06-01T15:00:09.566,9.567,574,WA,Chest,0x55,2,574,0.996,+0.097,+1.519,-0.368,-5.8,-1.9,-6.6,-0.595,-0.199,+0.779,29.0
2025-06-01T15:00:09.583,9.583,575,WA,Chest,0x55,2,575,0.996,+0.115,+1.622,-0.345,+0.3,-1.4,-7.5,-0.594,-0.200,+0.779,29.0
2025-06-01T15:00:09.600,9.600,576,WA,Chest,0x55,2,576,0.996,+0.128,+1.670,-0.364,+2.5,-0.7,-6.1,-0.593,-0.201,+0.779,29.0
2025-06-01T15:00:09.616,9.617,577,WA,Chest,0x55,2,577,0.996,+0.134,+1.669,-0.386,+4.9,+0.4,-6.1,-0.593,-0.201,+0.779,29.0
2025-06-01T15:00:09.633,9.633,578,WA,Chest,0x55,2,578,0.996,+0.144,+1.607,-0.455,+10.4,+1.8,-7.3,-0.593,-0.201,+0.780,29.0
2025-06-01T15:00:09.650,9.650,579,WA,Chest,0x55,2,579,0.997,+0.148,+1.449,-0.554,+17.0,+3.4,-5.4,-0.593,-0.199,+0.780,29.0
2025-06-01T15:00:09.666,9.667,580,WA,Chest,0x55,2,580,0.997,+0.146,+1.196,-0.684,+16.5,+3.2,-2.8,-0.594,-0.195,+0.781,29.0
2025-06-01T15:00:09.683,9.683,581,WA,Chest,0x55,2,581,0.997,+0.145,+1.041,-0.759,+20.1,+3.2,-1.4,-0.594,-0.193,+0.781,29.0
2025-06-01T15:00:09.700,9.700,582,WA,Chest,0x55,2,582,0.997,+0.144,+0.703,-0.914,+29.4,+3.1,-1.1,-0.595,-0.187,+0.782,29.0
2025-06-01T15:00:09.716,9.717,583,WA,Chest,0x55,2,583,0.997,+0.143,+0.355,-1.062,+24.0,+1.1,-0.4,-0.596,-0.180,+0.783,29.0
2025-06-01T15:00:09.733,9.733,584,WA,Chest,0x55,2,584,0.997,+0.141,+0.185,-1.128,+26.6,-0.9,+0.1,-0.596,-0.176,+0.784,29.0
2025-06-01T15:00:09.750,9.750,585,WA,Chest,0x55,2,585,0.998,+0.137,-0.137,-1.240,+37.1,-3.8,+1.0,-0.595,-0.167,+0.786,29.0
2025-06-01T15:00:09.766,9.767,586,WA,Chest,0x55,2,586,0.998,+0.136,-0.422,-1.321,+28.2,-5.1,+1.5,-0.594,-0.158,+0.789,29.0
2025-06-01T15:00:09.783,9.783,587,WA,Chest,0x55,2,587,0.998,+0.138,-0.547,-1.346,+26.3,-8.8,+2.2,-0.593,-0.154,+0.790,29.0
2025-06-01T15:00:09.800,9.800,588,WA,Chest,0x55,2,588,0.999,+0.145,-0.748,-1.367,+31.8,-15.7,+2.9,-0.590,-0.146,+0.794,29.0
2025-06-01T15:00:09.816,9.817,589,WA,Chest,0x55,2,589,0.999,+0.148,-0.877,-1.351,+26.9,-20.3,+2.0,-0.586,-0.138,+0.798,29.0
2025-06-01T15:00:09.833,9.833,590,WA,Chest,0x55,2,590,0.999,+0.136,-0.934,-1.316,+17.5,-17.1,+0.5,-0.581,-0.132,+0.803,29.0
2025-06-01T15:00:09.850,9.850,591,WA,Chest,0x55,2,591,0.999,+0.125,-0.940,-1.298,+13.4,-18.0,-1.1,-0.578,-0.130,+0.806,29.0
2025-06-01T15:00:09.866,9.867,592,WA,Chest,0x55,2,592,0.999,+0.101,-0.921,-1.264,+12.5,-23.4,-2.9,-0.572,-0.126,+0.810,29.0
2025-06-01T15:00:09.883,9.883,593,WA,Chest,0x55,2,593,0.999,+0.084,-0.884,-1.234,+5.4,-16.8,-3.0,-0.567,-0.125,+0.814,29.0
2025-06-01T15:00:09.900,9.900,594,WA,Chest,0x55,2,594,1.000,+0.078,-0.866,-1.222,+1.8,-15.9,-3.6,-0.564,-0.125,+0.816,29.0
2025-06-01T15:00:09.916,9.917,595,WA,Chest,0x55,2,595,1.000,+0.066,-0.845,-1.205,+0.3,-20.3,-4.7,-0.559,-0.125,+0.820,29.0
2025-06-01T15:00:09.933,9.933,596,WA,Chest,0x55,2,596,1.000,+0.051,-0.850,-1.204,-4.0,-18.4,-4.1,-0.554,-0.126,+0.823,29.0
2025-06-01T15:00:09.950,9.950,597,WA,Chest,0x55,2,597,1.001,+0.033,-0.866,-1.213,-6.8,-12.1,-2.6,-0.550,-0.129,+0.825,29.0
2025-06-01T15:00:09.966,9.967,598,WA,Chest,0x55,2,598,1.001,+0.025,-0.872,-1.219,-11.7,-9.6,-2.4,-0.548,-0.130,+0.826,29.0
2025-06-01T15:00:09.983,9.983,599,WA,Chest,0x55,2,599,1.001,+0.014,-0.886,-1.234,-16.1,-11.0,-3.3,-0.545,-0.135,+0.827,29.0
2025-06-01T15:00:10.000,10.000,600,WA,Chest,0x55,2,600,1.003,+0.007,-0.918,-1.270,-14.4,-10.0,-3.8,-0.543,-0.139,+0.828,29.0
2025-06-01T15:00:10.016,10.017,601,WA,Chest,0x55,2,601,1.003,+0.006,-0.958,-1.336,-10.9,-7.6,-3.5,-0.540,-0.143,+0.829,29.0
2025-06-01T15:00:10.033,10.033,602,WA,Chest,0x55,2,602,1.003,+0.008,-0.963,-1.371,-16.6,-8.0,-5.5,-0.539,-0.146,+0.830,29.0
2025-06-01T15:00:10.050,10.050,603,WA,Chest,0x55,2,603,1.004,+0.020,-0.896,-1.419,-29.1,-11.3,-10.7,-0.536,-0.153,+0.831,29.0
2025-06-01T15:00:10.066,10.067,604,WA,Chest,0x55,2,604,1.004,+0.038,-0.712,-1.407,-25.9,-8.9,-10.7,-0.532,-0.163,+0.831,29.0
2025-06-01T15:00:10.083,10.083,605,WA,Chest,0x55,2,605,1.004,+0.047,-0.583,-1.376,-27.6,-9.0,-14.1,-0.530,-0.169,+0.831,29.0
2025-06-01T15:00:10.100,10.100,606,WA,Chest,0x55,2,606,1.006,+0.058,-0.280,-1.272,-37.0,-11.8,-21.3,-0.526,-0.181,+0.831,29.0
2025-06-01T15:00:10.116,10.117,607,WA,Chest,0x55,2,607,1.006,+0.061,+0.070,-1.122,-36.5,-11.5,-23.2,-0.522,-0.193,+0.831,29.0
2025-06-01T15:00:10.133,10.133,608,WA,Chest,0x55,2,608,1.006,+0.062,+0.457,-0.943,-26.5,-8.7,-17.8,-0.518,-0.205,+0.830,29.0
2025-06-01T15:00:10.150,10.150,609,WA,Chest,0x55,2,609,1.007,+0.064,+0.658,-0.847,-23.6,-9.5,-17.5,-0.516,-0.211,+0.830,29.0
2025-06-01T15:00:10.166,10.167,610,WA,Chest,0x55,2,610,1.007,+0.069,+1.052,-0.650,-27.4,-14.2,-22.0,-0.511,-0.222,+0.830,29.0
2025-06-01T15:00:10.183,10.183,611,WA,Chest,0x55,2,611,1.007,+0.069,+1.401,-0.462,-17.2,-11.9,-14.8,-0.506,-0.231,+0.831,29.0
2025-06-01T15:00:10.200,10.200,612,WA,Chest,0x55,2,612,1.008,+0.065,+1.547,-0.375,-12.5,-12.9,-10.8,-0.504,-0.235,+0.831,29.0
2025-06-01T15:00:10.216,10.217,613,WA,Chest,0x55,2,613,1.008,+0.048,+1.764,-0.227,-11.6,-17.2,-9.3,-0.499,-0.240,+0.833,29.0
2025-06-01T15:00:10.233,10.233,614,WA,Chest,0x55,2,614,1.008,+0.022,+1.860,-0.130,-2.7,-16.9,-2.1,-0.494,-0.243,+0.835,29.0
2025-06-01T15:00:10.250,10.250,615,WA,Chest,0x55,2,615,1.008,-0.006,+1.809,-0.110,+4.2,-12.7,+2.4,-0.490,-0.242,+0.837,29.0
2025-06-01T15:00:10.266,10.267,616,WA,Chest,0x55,2,616,1.008,-0.018,+1.727,-0.135,+11.2,-13.6,+6.8,-0.488,-0.240,+0.839,29.0
2025-06-01T15:00:10.283,10.283,617,WA,Chest,0x55,2,617,1.008,-0.040,+1.475,-0.248,+15.8,-19.7,+11.9,-0.484,-0.235,+0.843,29.0
2025-06-01T15:00:10.300,10.300,618,WA,Chest,0x55,2,618,1.009,-0.054,+1.174,-0.411,+10.1,-15.9,+10.3,-0.480,-0.229,+0.847,29.0
2025-06-01T15:00:10.316,10.317,619,WA,Chest,0x55,2,619,1.009,-0.058,+1.027,-0.496,+6.7,-17.1,+10.5,-0.478,-0.227,+0.849,29.0
2025-06-01T15:00:10.333,10.333,620,WA,Chest,0x55,2,620,1.009,-0.063,+0.753,-0.655,+9.7,-23.5,+13.6,-0.473,-0.223,+0.852,29.0
2025-06-01T15:00:10.350,10.350,621,WA,Chest,0x55,2,621,1.010,-0.074,+0.487,-0.800,+12.9,-23.2,+12.9,-0.468,-0.218,+0.856,29.0
2025-06-01T15:00:10.366,10.367,622,WA,Chest,0x55,2,622,1.010,-0.096,+0.226,-0.936,+11.4,-16.5,+9.4,-0.463,-0.213,+0.860,29.0
2025-06-01T15:00:10.383,10.383,623,WA,Chest,0x55,2,623,1.010,-0.109,+0.105,-1.001,+11.7,-14.3,+8.4,-0.461,-0.210,+0.862,29.0
2025-06-01T15:00:10.400,10.400,624,WA,Chest,0x55,2,624,1.011,-0.130,-0.100,-1.119,+15.4,-16.6,+8.9,-0.457,-0.205,+0.866,29.0
2025-06-01T15:00:10.416,10.417,625,WA,Chest,0x55,2,625,1.011,-0.141,-0.250,-1.217,+14.5,-13.2,+4.8,-0.454,-0.200,+0.868,29.0
2025-06-01T15:00:10.433,10.433,626,WA,Chest,0x55,2,626,1.011,-0.147,-0.349,-1.292,+9.9,-8.2,+1.1,-0.451,-0.196,+0.871,29.0
2025-06-01T15:00:10.450,10.450,627,WA,Chest,0x55,2,627,1.011,-0.150,-0.377,-1.319,+7.6,-6.2,-1.5,-0.450,-0.195,+0.872,29.0
2025-06-01T15:00:10.466,10.467,628,WA,Chest,0x55,2,628,1.011,-0.156,-0.383,-1.348,+7.9,-6.8,-3.3,-0.448,-0.193,+0.873,29.0
2025-06-01T15:00:10.483,10.483,629,WA,Chest,0x55,2,629,1.011,-0.157,-0.320,-1.344,+4.7,-4.7,-4.4,-0.446,-0.192,+0.874,29.0
2025-06-01T15:00:10.500,10.500,630,WA,Chest,0x55,2,630,1.011,-0.149,-0.211,-1.317,+1.5,-2.3,-3.8,-0.445,-0.191,+0.875,29.0
2025-06-01T15:00:10.516,10.517,631,WA,Chest,0x55,2,631,1.011,-0.144,-0.150,-1.297,-2.3,-0.3,-4.4,-0.444,-0.192,+0.875,29.0
2025-06-01T15:00:10.533,10.533,632,WA,Chest,0x55,2,632,1.011,-0.131,-0.032,-1.249,-7.6,+1.7,-6.2,-0.444,-0.194,+0.875,29.0
2025-06-01T15:00:10.550,10.550,633,WA,Chest,0x55,2,633,1.012,-0.120,+0.073,-1.191,-9.3,+2.7,-4.6,-0.445,-0.197,+0.874,29.0
2025-06-01T15:00:10.566,10.567,634,WA,Chest,0x55,2,634,1.012,-0.115,+0.121,-1.158,-13.4,+4.8,-3.9,-0.445,-0.200,+0.873,29.0
2025-06-01T15:00:10.583,10.583,635,WA,Chest,0x55,2,635,1.012,-0.109,+0.211,-1.089,-20.1,+8.6,-4.0,-0.446,-0.205,+0.871,29.0
2025-06-01T15:00:10.600,10.600,636,WA,Chest,0x55,2,636,1.012,-0.104,+0.289,-1.022,-20.9,+12.1,-2.1,-0.449,-0.211,+0.868,29.0
2025-06-01T15:00:10.616,10.617,637,WA,Chest,0x55,2,637,1.012,-0.102,+0.345,-0.965,-15.1,+11.2,-0.3,-0.452,-0.216,+0.865,29.0
2025-06-01T15:00:10.633,10.633,638,WA,Chest,0x55,2,638,1.012,-0.102,+0.364,-0.943,-13.4,+14.3,+1.1,-0.454,-0.219,+0.864,29.0
2025-06-01T15:00:10.650,10.650,639,WA,Chest,0x55,2,639,1.012,-0.101,+0.379,-0.912,-15.9,+22.2,+2.5,-0.460,-0.223,+0.860,29.0
2025-06-01T15:00:10.666,10.667,640,WA,Chest,0x55,2,640,1.012,-0.098,+0.368,-0.897,-10.5,+19.0,+2.4,-0.466,-0.226,+0.856,29.0
2025-06-01T15:00:10.683,10.683,641,WA,Chest,0x55,2,641,1.012,-0.094,+0.355,-0.895,-8.3,+21.7,+2.6,-0.469,-0.227,+0.853,29.0
2025-06-01T15:00:10.700,10.700,642,WA,Chest,0x55,2,642,1.012,-0.084,+0.319,-0.898,-8.5,+30.6,+4.1,-0.477,-0.229,+0.848,29.0
2025-06-01T15:00:10.716,10.717,643,WA,Chest,0x55,2,643,1.012,-0.071,+0.286,-0.907,-5.2,+31.8,+5.4,-0.485,-0.230,+0.844,29.0
2025-06-01T15:00:10.733,10.733,644,WA,Chest,0x55,2,644,1.012,-0.052,+0.272,-0.915,-2.0,+23.8,+5.0,-0.493,-0.230,+0.839,29.0
2025-06-01T15:00:10.750,10.750,645,WA,Chest,0x55,2,645,1.012,-0.040,+0.272,-0.918,+0.3,+23.0,+5.8,-0.497,-0.230,+0.837,29.0
2025-06-01T15:00:10.766,10.767,646,WA,Chest,0x55,2,646,1.012,-0.013,+0.276,-0.924,+2.1,+29.3,+7.6,-0.505,-0.228,+0.832,29.0
2025-06-01T15:00:10.783,10.783,647,WA,Chest,0x55,2,647,1.012,+0.015,+0.270,-0.933,+2.5,+20.6,+5.2,-0.513,-0.227,+0.828,29.0
2025-06-01T15:00:10.800,10.800,648,WA,Chest,0x55,2,648,1.012,+0.027,+0.260,-0.938,+2.4,+18.2,+4.1,-0.516,-0.226,+0.826,29.0
2025-06-01T15:00:10.816,10.817,649,WA,Chest,0x55,2,649,1.012,+0.047,+0.236,-0.948,+2.1,+21.1,+4.1,-0.522,-0.224,+0.823,29.0
2025-06-01T15:00:10.833,10.833,650,WA,Chest,0x55,2,650,1.012,+0.062,+0.217,-0.949,+0.2,+16.6,+2.3,-0.527,-0.223,+0.820,29.0
2025-06-01T15:00:10.850,10.850,651,WA,Chest,0x55,2,651,1.012,+0.073,+0.209,-0.944,-0.9,+9.9,+0.7,-0.530,-0.223,+0.818,29.0
2025-06-01T15:00:10.866,10.867,652,WA,Chest,0x55,2,652,1.012,+0.077,+0.209,-0.940,-2.0,+6.3,-0.8,-0.531,-0.224,+0.817,29.0
2025-06-01T15:00:10.883,10.883,653,WA,Chest,0x55,2,653,1.012,+0.084,+0.211,-0.932,-3.5,+4.9,-2.3,-0.533,-0.225,+0.816,29.0
2025-06-01T15:00:10.900,10.900,654,WA,Chest,0x55,2,654,1.011,+0.086,+0.215,-0.925,-4.2,+0.3,-3.8,-0.533,-0.226,+0.815,29.0
2025-06-01T15:00:10.916,10.917,655,WA,Chest,0x55,2,655,1.011,+0.085,+0.221,-0.920,-3.2,-2.2,-3.4,-0.533,-0.228,+0.815,29.0
2025-06-01T15:00:10.933,10.933,656,WA,Chest,0x55,2,656,1.011,+0.082,+0.225,-0.917,-3.0,-5.3,-3.8,-0.532,-0.229,+0.815,29.0
2025-06-01T15:00:10.950,10.950,657,WA,Chest,0x55,2,657,1.011,+0.076,+0.232,-0.913,-3.6,-9.5,-5.0,-0.530,-0.230,+0.816,29.0
2025-06-01T15:00:10.966,10.967,658,WA,Chest,0x55,2,658,1.011,+0.067,+0.240,-0.910,-2.3,-8.7,-3.6,-0.527,-0.232,+0.818,29.0
2025-06-01T15:00:10.983,10.983,659,WA,Chest,0x55,2,659,1.011,+0.062,+0.244,-0.909,-1.8,-9.8,-3.2,-0.525,-0.233,+0.819,29.0
2025-06-01T15:00:11.000,11.000,660,WA,Chest,0x55,2,660,1.010,+0.050,+0.252,-0.907,-1.7,-13.3,-3.6,-0.522,-0.234,+0.821,29.0
2025-06-01T15:00:11.016,11.017,661,WA,Chest,0x55,2,661,1.010,+0.037,+0.258,-0.907,-0.5,-12.7,-2.9,-0.518,-0.234,+0.823,29.0
2025-06-01T15:00:11.033,11.033,662,WA,Chest,0x55,2,662,1.010,+0.026,+0.263,-0.911,+0.4,-9.0,-1.9,-0.515,-0.235,+0.824,29.0
2025-06-01T15:00:11.050,11.050,663,WA,Chest,0x55,2,663,1.010,+0.022,+0.264,-0.914,+1.3,-7.9,-1.7,-0.514,-0.235,+0.825,29.0
2025-06-01T15:00:11.066,11.067,664,WA,Chest,0x55,2,664,1.010,+0.015,+0.264,-0.921,+2.3,-9.4,-2.2,-0.511,-0.235,+0.827,29.0
2025-06-01T15:00:11.083,11.083,665,WA,Chest,0x55,2,665,1.010,+0.011,+0.262,-0.928,+3.0,-7.7,-2.0,-0.509,-0.234,+0.828,29.0
2025-06-01T15:00:11.100,11.100,666,WA,Chest,0x55,2,666,1.009,+0.009,+0.260,-0.936,+2.6,-4.8,-1.3,-0.507,-0.234,+0.830,29.0
2025-06-01T15:00:11.116,11.117,667,WA,Chest,0x55,2,667,1.009,+0.008,+0.259,-0.939,+3.0,-3.6,-0.9,-0.506,-0.234,+0.830,29.0
2025-06-01T15:00:11.133,11.133,668,WA,Chest,0x55,2,668,1.009,+0.009,+0.259,-0.947,+4.4,-3.9,-0.7,-0.505,-0.233,+0.831,29.0
2025-06-01T15:00:11.150,11.150,669,WA,Chest,0x55,2,669,1.008,+0.013,+0.260,-0.956,+4.8,-2.8,+0.1,-0.504,-0.232,+0.832,29.0
2025-06-01T15:00:11.166,11.167,670,WA,Chest,0x55,2,670,1.008,+0.018,+0.259,-0.967,+3.6,-1.4,+0.5,-0.504,-0.230,+0.833,29.0
2025-06-01T15:00:11.183,11.183,671,WA,Chest,0x55,2,671,1.008,+0.021,+0.257,-0.975,+3.0,-0.2,+0.9,-0.504,-0.230,+0.833,29.0
2025-06-01T15:00:11.200,11.200,672,WA,Chest,0x55,2,672,1.007,+0.026,+0.251,-0.992,+3.1,+1.4,+1.3,-0.504,-0.229,+0.833,29.0
2025-06-01T15:00:11.216,11.217,673,WA,Chest,0x55,2,673,1.007,+0.032,+0.240,-1.013,+1.6,+2.5,+1.0,-0.505,-0.228,+0.833,29.0
2025-06-01T15:00:11.233,11.233,674,WA,Chest,0x55,2,674,1.007,+0.035,+0.232,-1.025,+0.9,+4.4,+1.4,-0.505,-0.228,+0.833,29.0
2025-06-01T15:00:11.250,11.250,675,WA,Chest,0x55,2,675,1.006,+0.041,+0.208,-1.051,+1.0,+7.5,+2.8,-0.507,-0.227,+0.832,29.0
2025-06-01T15:00:11.266,11.267,676,WA,Chest,0x55,2,676,1.006,+0.048,+0.170,-1.081,+0.7,+6.5,+3.1,-0.509,-0.226,+0.830,29.0
2025-06-01T15:00:11.283,11.283,677,WA,Chest,0x55,2,677,1.006,+0.052,+0.143,-1.097,+0.6,+7.1,+5.0,-0.510,-0.226,+0.830,29.0
2025-06-01T15:00:11.300,11.300,678,WA,Chest,0x55,2,678,1.005,+0.062,+0.075,-1.130,+0.1,+9.6,+8.3,-0.513,-0.224,+0.828,29.0
2025-06-01T15:00:11.316,11.317,679,WA,Chest,0x55,2,679,1.005,+0.070,-0.010,-1.162,-1.3,+9.7,+10.1,-0.516,-0.223,+0.827,29.0
2025-06-01T15:00:11.333,11.333,680,WA,Chest,0x55,2,680,1.005,+0.076,-0.102,-1.188,-2.1,+7.4,+8.2,-0.519,-0.222,+0.825,29.0
2025-06-01T15:00:11.350,11.350,681,WA,Chest,0x55,2,681,1.005,+0.077,-0.147,-1.197,-4.2,+7.7,+8.3,-0.521,-0.222,+0.824,29.0
2025-06-01T15:00:11.366,11.367,682,WA,Chest,0x55,2,682,1.005,+0.076,-0.226,-1.205,-8.4,+10.4,+10.7,-0.524,-0.222,+0.822,29.0
2025-06-01T15:00:11.383,11.383,683,WA,Chest,0x55,2,683,1.005,+0.072,-0.279,-1.198,-13.1,+10.5,+9.4,-0.527,-0.222,+0.820,29.0
2025-06-01T15:00:11.400,11.400,684,WA,Chest,0x55,2,684,1.005,+0.066,-0.297,-1.175,-12.9,+8.1,+5.7,-0.530,-0.225,+0.818,29.0
2025-06-01T15:00:11.416,11.417,685,WA,Chest,0x55,2,685,1.005,+0.063,-0.291,-1.158,-17.4,+9.5,+2.5,-0.532,-0.227,+0.816,29.0
2025-06-01T15:00:11.433,11.433,686,WA,Chest,0x55,2,686,1.005,+0.053,-0.246,-1.116,-28.1,+15.9,-0.9,-0.535,-0.232,+0.812,29.0
2025-06-01T15:00:11.450,11.450,687,WA,Chest,0x55,2,687,1.004,+0.045,-0.153,-1.063,-34.7,+21.6,-7.0,-0.539,-0.240,+0.807,29.0
2025-06-01T15:00:11.466,11.467,688,WA,Chest,0x55,2,688,1.004,+0.039,-0.010,-0.996,-29.3,+19.9,-8.5,-0.544,-0.251,+0.801,29.0
2025-06-01T15:00:11.483,11.483,689,WA,Chest,0x55,2,689,1.004,+0.039,+0.081,-0.957,-32.0,+25.3,-12.4,-0.547,-0.257,+0.797,29.0
2025-06-01T15:00:11.500,11.500,690,WA,Chest,0x55,2,690,1.003,+0.043,+0.294,-0.867,-42.5,+39.2,-19.2,-0.554,-0.270,+0.788,29.0
2025-06-01T15:00:11.516,11.517,691,WA,Chest,0x55,2,691,1.003,+0.051,+0.537,-0.764,-30.3,+33.5,-15.8,-0.562,-0.282,+0.777,29.0
2025-06-01T15:00:11.533,11.533,692,WA,Chest,0x55,2,692,1.003,+0.057,+0.664,-0.709,-25.7,+38.8,-16.3,-0.567,-0.288,+0.772,29.0
2025-06-01T15:00:11.550,11.550,693,WA,Chest,0x55,2,693,1.002,+0.075,+0.917,-0.601,-27.9,+55.6,-20.3,-0.577,-0.299,+0.760,29.0
2025-06-01T15:00:11.566,11.567,694,WA,Chest,0x55,2,694,1.002,+0.109,+1.153,-0.499,-19.3,+57.8,-17.7,-0.588,-0.308,+0.748,29.0
2025-06-01T15:00:11.583,11.583,695,WA,Chest,0x55,2,695,1.002,+0.164,+1.361,-0.408,-9.6,+42.4,-11.7,-0.599,-0.314,+0.737,29.0
2025-06-01T15:00:11.600,11.600,696,WA,Chest,0x55,2,696,1.001,+0.199,+1.451,-0.368,-3.4,+36.5,-10.0,-0.604,-0.316,+0.732,29.0
2025-06-01T15:00:11.616,11.617,697,WA,Chest,0x55,2,697,1.001,+0.274,+1.600,-0.304,+1.2,+38.3,-11.7,-0.612,-0.319,+0.724,29.0
2025-06-01T15:00:11.633,11.633,698,WA,Chest,0x55,2,698,1.001,+0.332,+1.695,-0.272,+7.8,+22.1,-8.6,-0.618,-0.320,+0.718,29.0
2025-06-01T15:00:11.650,11.650,699,WA,Chest,0x55,2,699,1.000,+0.351,+1.721,-0.280,+9.0,+7.3,-4.0,-0.620,-0.319,+0.717,29.0
2025-06-01T15:00:11.666,11.667,700,WA,Chest,0x55,2,700,1.000,+0.343,+1.704,-0.302,+12.8,-2.4,+0.7,-0.620,-0.317,+0.718,29.0
2025-06-01T15:00:11.683,11.683,701,WA,Chest,0x55,2,701,1.000,+0.299,+1.604,-0.378,+20.5,-9.0,+6.5,-0.619,-0.313,+0.720,29.0
2025-06-01T15:00:11.700,11.700,702,WA,Chest,0x55,2,702,1.000,+0.236,+1.416,-0.491,+17.6,-9.5,+9.2,-0.618,-0.306,+0.724,29.0
2025-06-01T15:00:11.716,11.717,703,WA,Chest,0x55,2,703,1.000,+0.203,+1.293,-0.557,+19.2,-10.4,+14.2,-0.617,-0.302,+0.727,29.0
2025-06-01T15:00:11.733,11.733,704,WA,Chest,0x55,2,704,1.000,+0.138,+1.005,-0.703,+25.8,-12.6,+23.0,-0.616,-0.293,+0.732,29.0
2025-06-01T15:00:11.750,11.750,705,WA,Chest,0x55,2,705,0.999,+0.075,+0.683,-0.853,+25.9,-8.1,+26.9,-0.615,-0.283,+0.736,29.0
2025-06-01T15:00:11.766,11.767,706,WA,Chest,0x55,2,706,0.999,+0.015,+0.356,-0.992,+19.6,-1.8,+21.6,-0.617,-0.272,+0.739,29.0
2025-06-01T15:00:11.783,11.783,707,WA,Chest,0x55,2,707,0.999,-0.013,+0.198,-1.054,+20.1,+6.6,+22.3,-0.618,-0.267,+0.740,29.0
2025-06-01T15:00:11.800,11.800,708,WA,Chest,0x55,2,708,0.998,-0.055,-0.098,-1.162,+26.8,+17.9,+29.4,-0.623,-0.256,+0.739,29.0
2025-06-01T15:00:11.816,11.817,709,WA,Chest,0x55,2,709,0.998,-0.069,-0.352,-1.243,+25.0,+28.5,+27.9,-0.630,-0.245,+0.737,29.0
2025-06-01T15:00:11.833,11.833,710,WA,Chest,0x55,2,710,0.998,-0.047,-0.554,-1.296,+16.6,+25.9,+19.4,-0.639,-0.235,+0.733,29.0
2025-06-01T15:00:11.850,11.850,711,WA,Chest,0x55,2,711,0.997,-0.022,-0.633,-1.312,+12.5,+28.1,+16.7,-0.644,-0.230,+0.730,29.0
2025-06-01T15:00:11.866,11.867,712,WA,Chest,0x55,2,712,0.997,+0.047,-0.745,-1.322,+12.0,+35.6,+19.0,-0.653,-0.223,+0.724,29.0
2025-06-01T15:00:11.883,11.883,713,WA,Chest,0x55,2,713,0.997,+0.125,-0.797,-1.312,+5.8,+23.9,+12.0,-0.661,-0.218,+0.718,29.0
2025-06-01T15:00:11.900,11.900,714,WA,Chest,0x55,2,714,0.997,+0.161,-0.804,-1.303,+2.6,+18.2,+10.3,-0.665,-0.216,+0.715,29.0
2025-06-01T15:00:11.916,11.917,715,WA,Chest,0x55,2,715,0.997,+0.220,-0.793,-1.283,+1.5,+17.8,+14.0,-0.670,-0.213,+0.711,29.0
2025-06-01T15:00:11.933,11.933,716,WA,Chest,0x55,2,716,0.997,+0.262,-0.766,-1.264,-0.2,+9.6,+16.0,-0.674,-0.210,+0.708,29.0
2025-06-01T15:00:11.950,11.950,717,WA,Chest,0x55,2,717,0.996,+0.291,-0.745,-1.248,-1.0,+2.8,+13.6,-0.676,-0.207,+0.707,29.0
2025-06-01T15:00:11.966,11.967,718,WA,Chest,0x55,2,718,0.996,+0.304,-0.742,-1.244,-1.7,-2.7,+15.0,-0.677,-0.205,+0.707,29.0
2025-06-01T15:00:11.983,11.983,719,WA,Chest,0x55,2,719,0.996,+0.325,-0.755,-1.249,-1.1,-9.3,+21.1,-0.677,-0.202,+0.708,29.0
2025-06-01T15:00:12.000,12.000,720,WA,Chest,0x55,2,720,0.995,+0.340,-0.784,-1.287,+2.0,-16.8,+23.7,-0.675,-0.197,+0.711,29.0
2025-06-01T15:00:12.016,12.017,721,WA,Chest,0x55,2,721,0.995,+0.339,-0.799,-1.360,+3.2,-16.3,+20.2,-0.672,-0.191,+0.715,29.0
2025-06-01T15:00:12.033,12.033,722,WA,Chest,0x55,2,722,0.995,+0.330,-0.786,-1.400,+2.5,-18.9,+23.7,-0.671,-0.188,+0.718,29.0
2025-06-01T15:00:12.050,12.050,723,WA,Chest,0x55,2,723,0.995,+0.303,-0.695,-1.459,-0.8,-25.4,+32.6,-0.667,-0.181,+0.723,29.0
2025-06-01T15:00:12.066,12.067,724,WA,Chest,0x55,2,724,0.995,+0.285,-0.512,-1.456,-4.4,-18.8,+23.5,-0.663,-0.176,+0.727,29.0
2025-06-01T15:00:12.083,12.083,725,WA,Chest,0x55,2,725,0.995,+0.283,-0.390,-1.425,-9.2,-19.3,+19.1,-0.662,-0.174,+0.729,29.0
2025-06-01T15:00:12.100,12.100,726,WA,Chest,0x55,2,726,0.994,+0.289,-0.097,-1.311,-14.3,-27.3,+19.7,-0.657,-0.172,+0.734,29.0
2025-06-01T15:00:12.116,12.117,727,WA,Chest,0x55,2,727,0.994,+0.286,+0.241,-1.145,-14.2,-29.3,+12.0,-0.652,-0.173,+0.738,29.0
2025-06-01T15:00:12.133,12.133,728,WA,Chest,0x55,2,728,0.994,+0.264,+0.595,-0.952,-9.5,-22.6,+4.6,-0.646,-0.174,+0.743,29.0
2025-06-01T15:00:12.150,12.150,729,WA,Chest,0x55,2,729,0.993,+0.250,+0.768,-0.851,-6.9,-22.9,-1.7,-0.643,-0.175,+0.746,29.0
2025-06-01T15:00:12.166,12.167,730,WA,Chest,0x55,2,730,0.993,+0.228,+1.089,-0.650,-6.3,-31.8,-8.9,-0.636,-0.178,+0.751,29.0
2025-06-01T15:00:12.183,12.183,731,WA,Chest,0x55,2,731,0.993,+0.217,+1.351,-0.464,-2.7,-25.5,-11.5,-0.628,-0.181,+0.757,29.0
2025-06-01T15:00:12.200,12.200,732,WA,Chest,0x55,2,732,0.993,+0.212,+1.451,-0.382,-0.4,-29.2,-17.4,-0.623,-0.183,+0.760,29.0
2025-06-01T15:00:12.216,12.217,733,WA,Chest,0x55,2,733,0.993,+0.194,+1.572,-0.252,+1.2,-43.1,-28.3,-0.613,-0.187,+0.768,29.0
2025-06-01T15:00:12.233,12.233,734,WA,Chest,0x55,2,734,0.993,+0.161,+1.575,-0.185,+4.3,-48.4,-33.5,-0.601,-0.192,+0.776,29.0
2025-06-01T15:00:12.250,12.250,735,WA,Chest,0x55,2,735,0.992,+0.116,+1.457,-0.198,+5.5,-39.0,-26.6,-0.587,-0.197,+0.785,29.0
2025-06-01T15:00:12.266,12.267,736,WA,Chest,0x55,2,736,0.992,+0.090,+1.359,-0.238,+9.0,-42.1,-25.3,-0.580,-0.199,+0.790,29.0
2025-06-01T15:00:12.283,12.283,737,WA,Chest,0x55,2,737,0.992,+0.032,+1.113,-0.370,+12.6,-57.6,-29.7,-0.565,-0.202,+0.800,29.0
2025-06-01T15:00:12.300,12.300,738,WA,Chest,0x55,2,738,0.992,-0.035,+0.849,-0.540,+10.0,-56.7,-24.2,-0.550,-0.203,+0.810,29.0
2025-06-01T15:00:12.316,12.317,739,WA,Chest,0x55,2,739,0.992,-0.096,+0.605,-0.700,+4.8,-40.7,-15.8,-0.535,-0.205,+0.819,29.0
2025-06-01T15:00:12.333,12.333,740,WA,Chest,0x55,2,740,0.992,-0.117,+0.495,-0.768,+2.7,-38.0,-14.5,-0.529,-0.206,+0.824,29.0
2025-06-01T15:00:12.350,12.350,741,WA,Chest,0x55,2,741,0.991,-0.136,+0.293,-0.880,+4.1,-49.3,-18.7,-0.515,-0.208,+0.831,29.0
2025-06-01T15:00:12.366,12.367,742,WA,Chest,0x55,2,742,0.991,-0.140,+0.117,-0.971,+4.4,-36.1,-13.6,-0.502,-0.209,+0.839,29.0
2025-06-01T15:00:12.383,12.383,743,WA,Chest,0x55,2,743,0.991,-0.144,+0.039,-1.014,+6.6,-34.3,-13.0,-0.496,-0.210,+0.843,29.0
2025-06-01T15:00:12.400,12.400,744,WA,Chest,0x55,2,744,0.991,-0.157,-0.088,-1.094,+9.8,-42.3,-17.1,-0.484,-0.210,+0.850,29.0
2025-06-01T15:00:12.416,12.417,745,WA,Chest,0x55,2,745,0.991,-0.165,-0.170,-1.160,+9.5,-36.7,-17.4,-0.473,-0.210,+0.856,29.0
2025-06-01T15:00:12.433,12.433,746,WA,Chest,0x55,2,746,0.991,-0.160,-0.199,-1.204,+6.1,-24.4,-13.4,-0.464,-0.210,+0.861,29.0
2025-06-01T15:00:12.450,12.450,747,WA,Chest,0x55,2,747,0.991,-0.154,-0.194,-1.216,+4.0,-20.6,-13.5,-0.459,-0.210,+0.863,29.0
2025-06-01T15:00:12.466,12.467,748,WA,Chest,0x55,2,748,0.991,-0.142,-0.153,-1.222,+2.7,-23.6,-17.6,-0.452,-0.211,+0.867,29.0
2025-06-01T15:00:12.483,12.483,749,WA,Chest,0x55,2,749,0.991,-0.135,-0.086,-1.208,-0.2,-14.6,-12.8,-0.445,-0.213,+0.870,29.0
2025-06-01T15:00:12.500,12.500,750,WA,Chest,0x55,2,750,0.991,-0.133,-0.048,-1.196,-3.3,-10.3,-11.7,-0.443,-0.215,+0.871,29.0
2025-06-01T15:00:12.516,12.517,751,WA,Chest,0x55,2,751,0.991,-0.131,+0.032,-1.162,-7.5,-9.1,-14.0,-0.439,-0.218,+0.872,29.0
2025-06-01T15:00:12.533,12.533,752,WA,Chest,0x55,2,752,0.991,-0.130,+0.110,-1.119,-10.9,-2.7,-11.4,-0.436,-0.222,+0.872,29.0
2025-06-01T15:00:12.550,12.550,753,WA,Chest,0x55,2,753,0.991,-0.131,+0.182,-1.070,-9.3,+1.8,-6.8,-0.436,-0.227,+0.871,29.0
2025-06-01T15:00:12.566,12.567,754,WA,Chest,0x55,2,754,0.991,-0.131,+0.214,-1.045,-8.9,+7.0,-4.0,-0.436,-0.229,+0.870,29.0
2025-06-01T15:00:12.583,12.583,755,WA,Chest,0x55,2,755,0.991,-0.130,+0.267,-1.000,-9.8,+14.1,-2.4,-0.439,-0.232,+0.868,29.0
2025-06-01T15:00:12.600,12.600,756,WA,Chest,0x55,2,756,0.991,-0.121,+0.302,-0.964,-6.1,+19.3,+1.1,-0.443,-0.234,+0.865,29.0
2025-06-01T15:00:12.616,12.617,757,WA,Chest,0x55,2,757,0.991,-0.101,+0.313,-0.943,-2.6,+16.5,+2.4,-0.449,-0.235,+0.862,29.0
2025-06-01T15:00:12.633,12.633,758,WA,Chest,0x55,2,758,0.991,-0.088,+0.309,-0.937,-0.8,+17.7,+3.5,-0.452,-0.235,+0.861,29.0
2025-06-01T15:00:12.650,12.650,759,WA,Chest,0x55,2,759,0.991,-0.057,+0.290,-0.937,-0.1,+23.4,+5.1,-0.458,-0.234,+0.858,29.0
2025-06-01T15:00:12.666,12.667,760,WA,Chest,0x55,2,760,0.991,-0.027,+0.266,-0.944,+0.5,+16.9,+3.9,-0.464,-0.234,+0.854,29.0
2025-06-01T15:00:12.683,12.683,761,WA,Chest,0x55,2,761,0.991,-0.014,+0.257,-0.949,+1.2,+15.4,+3.7,-0.467,-0.233,+0.853,29.0
2025-06-01T15:00:12.700,12.700,762,WA,Chest,0x55,2,762,0.991,+0.007,+0.247,-0.958,+2.3,+18.7,+4.5,-0.472,-0.232,+0.850,29.0
2025-06-01T15:00:12.716,12.717,763,WA,Chest,0x55,2,763,0.991,+0.019,+0.248,-0.963,+3.2,+16.3,+3.9,-0.477,-0.231,+0.848,29.0
2025-06-01T15:00:12.733,12.733,764,WA,Chest,0x55,2,764,0.991,+0.024,+0.252,-0.965,+2.8,+11.1,+2.7,-0.481,-0.229,+0.846,29.0
2025-06-01T15:00:12.750,12.750,765,WA,Chest,0x55,2,765,0.991,+0.025,+0.253,-0.965,+3.3,+9.9,+2.5,-0.483,-0.229,+0.845,29.0
2025-06-01T15:00:12.766,12.767,766,WA,Chest,0x55,2,766,0.991,+0.024,+0.254,-0.965,+4.8,+12.5,+3.4,-0.486,-0.227,+0.844,29.0
2025-06-01T15:00:12.783,12.783,767,WA,Chest,0x55,2,767,0.991,+0.024,+0.253,-0.964,+4.0,+9.0,+2.5,-0.489,-0.225,+0.843,29.0
2025-06-01T15:00:12.800,12.800,768,WA,Chest,0x55,2,768,0.991,+0.023,+0.252,-0.964,+4.5,+8.9,+2.3,-0.491,-0.224,+0.842,29.0
2025-06-01T15:00:12.816,12.817,769,WA,Chest,0x55,2,769,0.991,+0.020,+0.249,-0.963,+6.8,+11.8,+2.9,-0.494,-0.222,+0.841,29.0
2025-06-01T15:00:12.833,12.833,770,WA,Chest,0x55,2,770,0.991,+0.017,+0.247,-0.963,+8.1,+11.6,+2.6,-0.497,-0.220,+0.839,29.0
2025-06-01T15:00:12.850,12.850,771,WA,Chest,0x55,2,771,0.991,+0.017,+0.245,-0.963,+6.9,+8.3,+1.7,-0.500,-0.218,+0.838,29.0
2025-06-01T15:00:12.866,12.867,772,WA,Chest,0x55,2,772,0.991,+0.018,+0.244,-0.963,+7.8,+7.2,+1.3,-0.501,-0.216,+0.838,29.0
2025-06-01T15:00:12.883,12.883,773,WA,Chest,0x55,2,773,0.991,+0.023,+0.240,-0.962,+10.6,+7.9,+1.2,-0.504,-0.214,+0.837,29.0
2025-06-01T15:00:12.900,12.900,774,WA,Chest,0x55,2,774,0.991,+0.029,+0.234,-0.961,+10.4,+5.1,+0.4,-0.505,-0.211,+0.837,29.0
2025-06-01T15:00:12.916,12.917,775,WA,Chest,0x55,2,775,0.991,+0.033,+0.228,-0.962,+7.5,+2.2,-0.1,-0.506,-0.208,+0.837,29.0
2025-06-01T15:00:12.933,12.933,776,WA,Chest,0x55,2,776,0.991,+0.033,+0.225,-0.962,+6.9,-0.1,-0.5,-0.506,-0.207,+0.837,29.0
2025-06-01T15:00:12.950,12.950,777,WA,Chest,0x55,2,777,0.992,+0.031,+0.221,-0.962,+8.7,-2.2,-0.9,-0.506,-0.205,+0.838,29.0
2025-06-01T15:00:12.966,12.967,778,WA,Chest,0x55,2,778,0.992,+0.026,+0.219,-0.961,+6.2,-3.1,-0.7,-0.505,-0.203,+0.839,29.0
2025-06-01T15:00:12.983,12.983,779,WA,Chest,0x55,2,779,0.992,+0.023,+0.219,-0.960,+5.8,-4.5,-0.7,-0.504,-0.202,+0.839,29.0
2025-06-01T15:00:13.000,13.000,780,WA,Chest,0x55,2,780,0.992,+0.015,+0.218,-0.958,+7.4,-7.1,-0.8,-0.503,-0.201,+0.841,29.0
2025-06-01T15:00:13.016,13.017,781,WA,Chest,0x55,2,781,0.992,+0.008,+0.216,-0.956,+7.0,-8.2,-0.3,-0.501,-0.199,+0.842,29.0
2025-06-01T15:00:13.033,13.033,782,WA,Chest,0x55,2,782,0.992,+0.003,+0.213,-0.955,+5.0,-6.6,+0.0,-0.499,-0.197,+0.844,29.0
2025-06-01T15:00:13.050,13.050,783,WA,Chest,0x55,2,783,0.993,+0.000,+0.212,-0.955,+4.5,-6.8,+0.3,-0.498,-0.197,+0.845,29.0
2025-06-01T15:00:13.066,13.067,784,WA,Chest,0x55,2,784,0.993,-0.004,+0.209,-0.957,+5.5,-9.1,+0.8,-0.495,-0.195,+0.847,29.0
2025-06-01T15:00:13.083,13.083,785,WA,Chest,0x55,2,785,0.993,-0.009,+0.207,-0.961,+5.1,-8.8,+1.5,-0.493,-0.194,+0.848,29.0
2025-06-01T15:00:13.100,13.100,786,WA,Chest,0x55,2,786,0.993,-0.013,+0.206,-0.966,+3.7,-6.2,+1.7,-0.491,-0.192,+0.850,29.0
2025-06-01T15:00:13.116,13.117,787,WA,Chest,0x55,2,787,0.993,-0.014,+0.206,-0.968,+4.2,-5.5,+2.5,-0.490,-0.191,+0.850,29.0
2025-06-01T15:00:13.133,13.133,788,WA,Chest,0x55,2,788,0.993,-0.014,+0.204,-0.976,+6.6,-6.1,+4.0,-0.489,-0.189,+0.852,29.0
2025-06-01T15:00:13.150,13.150,789,WA,Chest,0x55,2,789,0.993,-0.013,+0.198,-0.987,+5.9,-3.6,+3.4,-0.488,-0.187,+0.853,29.0
2025-06-01T15:00:13.166,13.167,790,WA,Chest,0x55,2,790,0.993,-0.012,+0.191,-0.994,+7.4,-2.1,+3.5,-0.487,-0.185,+0.853,29.0
2025-06-01T15:00:13.183,13.183,791,WA,Chest,0x55,2,791,0.993,-0.009,+0.171,-1.011,+11.2,-1.3,+4.1,-0.487,-0.182,+0.854,29.0
2025-06-01T15:00:13.200,13.200,792,WA,Chest,0x55,2,792,0.993,-0.006,+0.140,-1.029,+12.5,+0.1,+2.8,-0.487,-0.179,+0.855,29.0
2025-06-01T15:00:13.216,13.217,793,WA,Chest,0x55,2,793,0.993,-0.004,+0.097,-1.049,+9.6,+0.5,+1.2,-0.487,-0.175,+0.855,29.0
2025-06-01T15:00:13.233,13.233,794,WA,Chest,0x55,2,794,0.993,-0.004,+0.071,-1.059,+8.6,+0.0,+0.6,-0.487,-0.174,+0.856,29.0
2025-06-01T15:00:13.250,13.250,795,WA,Chest,0x55,2,795,0.994,-0.008,+0.014,-1.079,+8.9,-1.4,+1.7,-0.487,-0.171,+0.856,29.0
2025-06-01T15:00:13.266,13.267,796,WA,Chest,0x55,2,796,0.994,-0.017,-0.048,-1.096,+4.1,-2.4,+2.5,-0.487,-0.169,+0.857,29.0
2025-06-01T15:00:13.283,13.283,797,WA,Chest,0x55,2,797,0.994,-0.024,-0.078,-1.103,-0.1,-4.8,+5.2,-0.486,-0.168,+0.857,29.0
2025-06-01T15:00:13.300,13.300,798,WA,Chest,0x55,2,798,0.995,-0.038,-0.134,-1.113,-5.1,-9.0,+9.8,-0.485,-0.167,+0.858,29.0
2025-06-01T15:00:13.316,13.317,799,WA,Chest,0x55,2,799,0.995,-0.052,-0.177,-1.118,-11.9,-12.6,+13.6,-0.483,-0.168,+0.859,29.0
2025-06-01T15:00:13.333,13.333,800,WA,Chest,0x55,2,800,0.995,-0.066,-0.199,-1.115,-18.2,-16.4,+17.2,-0.480,-0.169,+0.861,29.0
2025-06-01T15:00:13.350,13.350,801,WA,Chest,0x55,2,801,0.995,-0.080,-0.197,-1.105,-16.7,-14.3,+14.9,-0.476,-0.172,+0.862,29.0
2025-06-01T15:00:13.366,13.367,802,WA,Chest,0x55,2,802,0.995,-0.087,-0.186,-1.097,-19.6,-16.8,+17.3,-0.474,-0.174,+0.863,29.0
2025-06-01T15:00:13.383,13.383,803,WA,Chest,0x55,2,803,0.995,-0.102,-0.146,-1.077,-28.0,-23.7,+24.3,-0.470,-0.177,+0.865,29.0
2025-06-01T15:00:13.400,13.400,804,WA,Chest,0x55,2,804,0.996,-0.117,-0.087,-1.054,-22.4,-18.2,+18.5,-0.465,-0.181,+0.867,29.0
2025-06-01T15:00:13.416,13.417,805,WA,Chest,0x55,2,805,0.996,-0.125,-0.052,-1.042,-24.4,-17.4,+17.7,-0.463,-0.183,+0.867,29.0
2025-06-01T15:00:13.433,13.433,806,WA,Chest,0x55,2,806,0.996,-0.143,+0.029,-1.014,-34.6,-21.0,+21.7,-0.458,-0.189,+0.869,29.0
2025-06-01T15:00:13.450,13.450,807,WA,Chest,0x55,2,807,0.997,-0.160,+0.125,-0.980,-36.5,-17.2,+18.3,-0.454,-0.195,+0.869,29.0
2025-06-01T15:00:13.466,13.467,808,WA,Chest,0x55,2,808,0.997,-0.174,+0.237,-0.939,-27.7,-10.8,+11.5,-0.451,-0.202,+0.869,29.0
2025-06-01T15:00:13.483,13.483,809,WA,Chest,0x55,2,809,0.997,-0.179,+0.297,-0.917,-27.6,-8.8,+8.6,-0.450,-0.206,+0.869,29.0
2025-06-01T15:00:13.500,13.500,810,WA,Chest,0x55,2,810,0.998,-0.185,+0.424,-0.872,-37.1,-10.7,+9.5,-0.448,-0.214,+0.868,29.0
2025-06-01T15:00:13.516,13.517,811,WA,Chest,0x55,2,811,0.998,-0.189,+0.558,-0.823,-28.3,-7.8,+6.1,-0.446,-0.222,+0.867,29.0
2025-06-01T15:00:13.533,13.533,812,WA,Chest,0x55,2,812,0.998,-0.192,+0.629,-0.795,-28.3,-8.2,+6.1,-0.445,-0.227,+0.866,29.0
2025-06-01T15:00:13.550,13.550,813,WA,Chest,0x55,2,813,0.998,-0.200,+0.781,-0.725,-35.4,-11.7,+8.3,-0.443,-0.235,+0.865,29.0
2025-06-01T15:00:13.566,13.567,814,WA,Chest,0x55,2,814,0.998,-0.210,+0.945,-0.640,-23.6,-9.5,+6.4,-0.440,-0.242,+0.865,29.0
2025-06-01T15:00:13.583,13.583,815,WA,Chest,0x55,2,815,0.998,-0.214,+1.030,-0.594,-17.4,-10.7,+6.1,-0.439,-0.245,+0.864,29.0
2025-06-01T15:00:13.600,13.600,816,WA,Chest,0x55,2,816,0.999,-0.220,+1.196,-0.503,-15.0,-14.8,+7.1,-0.436,-0.249,+0.865,29.0
2025-06-01T15:00:13.616,13.617,817,WA,Chest,0x55,2,817,0.999,-0.229,+1.350,-0.422,-1.7,-13.4,+4.7,-0.432,-0.251,+0.866,29.0
2025-06-01T15:00:13.633,13.633,818,WA,Chest,0x55,2,818,0.999,-0.245,+1.476,-0.364,+7.5,-7.5,+1.5,-0.430,-0.249,+0.868,29.0
2025-06-01T15:00:13.650,13.650,819,WA,Chest,0x55,2,819,1.000,-0.254,+1.521,-0.349,+19.6,-0.5,-2.3,-0.429,-0.247,+0.869,29.0
2025-06-01T15:00:13.666,13.667,820,WA,Chest,0x55,2,820,1.000,-0.261,+1.559,-0.355,+35.1,+9.1,-7.9,-0.429,-0.240,+0.871,29.0
2025-06-01T15:00:13.683,13.683,821,WA,Chest,0x55,2,821,1.000,-0.239,+1.514,-0.411,+41.5,+22.8,-15.0,-0.432,-0.231,+0.872,29.0
2025-06-01T15:00:13.700,13.700,822,WA,Chest,0x55,2,822,1.000,-0.187,+1.382,-0.510,+31.8,+24.5,-15.5,-0.439,-0.223,+0.871,29.0
2025-06-01T15:00:13.716,13.717,823,WA,Chest,0x55,2,823,1.000,-0.152,+1.286,-0.572,+28.8,+31.5,-20.8,-0.443,-0.219,+0.870,29.0
2025-06-01T15:00:13.733,13.733,824,WA,Chest,0x55,2,824,1.000,-0.072,+1.041,-0.715,+33.5,+45.0,-32.7,-0.452,-0.213,+0.866,29.0
2025-06-01T15:00:13.750,13.750,825,WA,Chest,0x55,2,825,1.001,+0.019,+0.742,-0.878,+20.6,+34.0,-27.9,-0.461,-0.211,+0.862,29.0
2025-06-01T15:00:13.766,13.767,826,WA,Chest,0x55,2,826,1.001,+0.066,+0.580,-0.961,+12.0,+29.3,-30.9,-0.466,-0.210,+0.860,29.0
2025-06-01T15:00:13.783,13.783,827,WA,Chest,0x55,2,827,1.001,+0.156,+0.251,-1.119,+6.7,+30.5,-42.5,-0.472,-0.213,+0.855,29.0
2025-06-01T15:00:13.800,13.800,828,WA,Chest,0x55,2,828,1.001,+0.225,-0.054,-1.246,-4.5,+15.9,-41.5,-0.475,-0.219,+0.852,29.0
2025-06-01T15:00:13.816,13.817,829,WA,Chest,0x55,2,829,1.001,+0.262,-0.311,-1.328,-8.2,+2.6,-29.1,-0.475,-0.227,+0.850,29.0
2025-06-01T15:00:13.833,13.833,830,WA,Chest,0x55,2,830,1.001,+0.267,-0.417,-1.353,-11.7,-9.9,-24.9,-0.473,-0.231,+0.850,29.0
2025-06-01T15:00:13.850,13.850,831,WA,Chest,0x55,2,831,1.001,+0.254,-0.585,-1.373,-16.7,-24.3,-28.4,-0.466,-0.239,+0.852,29.0
2025-06-01T15:00:13.866,13.867,832,WA,Chest,0x55,2,832,1.001,+0.212,-0.692,-1.364,-15.8,-35.7,-22.6,-0.457,-0.247,+0.855,29.0
2025-06-01T15:00:13.883,13.883,833,WA,Chest,0x55,2,833,1.001,+0.145,-0.739,-1.334,-9.8,-30.9,-14.2,-0.445,-0.253,+0.859,29.0
2025-06-01T15:00:13.900,13.900,834,WA,Chest,0x55,2,834,1.002,+0.105,-0.744,-1.317,-4.3,-31.9,-11.3,-0.439,-0.255,+0.861,29.0
2025-06-01T15:00:13.916,13.917,835,WA,Chest,0x55,2,835,1.002,+0.024,-0.729,-1.284,-0.4,-39.4,-13.6,-0.428,-0.258,+0.866,29.0
2025-06-01T15:00:13.933,13.933,836,WA,Chest,0x55,2,836,1.002,-0.041,-0.706,-1.264,+2.8,-32.0,-13.1,-0.418,-0.259,+0.871,29.0
2025-06-01T15:00:13.950,13.950,837,WA,Chest,0x55,2,837,1.002,-0.081,-0.692,-1.261,+1.1,-18.8,-10.3,-0.410,-0.260,+0.874,29.0
2025-06-01T15:00:13.966,13.967,838,WA,Chest,0x55,2,838,1.002,-0.093,-0.692,-1.266,-2.3,-11.9,-12.5,-0.406,-0.261,+0.876,29.0
2025-06-01T15:00:13.983,13.983,839,WA,Chest,0x55,2,839,1.002,-0.107,-0.711,-1.290,-4.2,-10.7,-20.9,-0.402,-0.264,+0.877,29.0
2025-06-01T15:00:14.000,14.000,840,WA,Chest,0x55,2,840,1.002,-0.115,-0.757,-1.339,-4.1,-6.0,-28.6,-0.398,-0.268,+0.877,29.0
2025-06-01T15:00:14.016,14.017,841,WA,Chest,0x55,2,841,1.002,-0.125,-0.806,-1.415,-4.1,-3.0,-26.7,-0.394,-0.273,+0.878,29.0
2025-06-01T15:00:14.033,14.033,842,WA,Chest,0x55,2,842,1.002,-0.131,-0.812,-1.457,-10.9,-3.0,-33.2,-0.392,-0.276,+0.878,29.0
2025-06-01T15:00:14.050,14.050,843,WA,Chest,0x55,2,843,1.002,-0.137,-0.746,-1.518,-25.2,-6.1,-48.2,-0.387,-0.286,+0.877,29.0
2025-06-01T15:00:14.066,14.067,844,WA,Chest,0x55,2,844,1.002,-0.130,-0.556,-1.506,-26.8,-6.9,-37.9,-0.381,-0.300,+0.875,29.0
2025-06-01T15:00:14.083,14.083,845,WA,Chest,0x55,2,845,1.002,-0.126,-0.421,-1.465,-34.2,-9.9,-37.3,-0.377,-0.308,+0.873,29.0
2025-06-01T15:00:14.100,14.100,846,WA,Chest,0x55,2,846,1.001,-0.128,-0.091,-1.319,-49.3,-14.5,-46.4,-0.369,-0.325,+0.871,29.0
2025-06-01T15:00:14.116,14.117,847,WA,Chest,0x55,2,847,1.001,-0.154,+0.293,-1.108,-38.4,-10.4,-31.2,-0.361,-0.343,+0.867,29.0
2025-06-01T15:00:14.133,14.133,848,WA,Chest,0x55,2,848,1.001,-0.172,+0.497,-0.987,-37.5,-6.9,-23.8,-0.358,-0.351,+0.865,29.0
2025-06-01T15:00:14.150,14.150,849,WA,Chest,0x55,2,849,1.001,-0.200,+0.908,-0.728,-45.7,-5.1,-22.6,-0.353,-0.367,+0.861,29.0
2025-06-01T15:00:14.166,14.167,850,WA,Chest,0x55,2,850,1.001,-0.208,+1.282,-0.466,-36.1,+0.6,-9.1,-0.350,-0.379,+0.857,29.0
2025-06-01T15:00:14.183,14.183,851,WA,Chest,0x55,2,851,1.001,-0.203,+1.571,-0.230,-19.6,+3.7,+1.3,-0.351,-0.387,+0.853,29.0
2025-06-01T15:00:14.200,14.200,852,WA,Chest,0x55,2,852,1.001,-0.197,+1.672,-0.130,-7.5,+8.5,+12.6,-0.352,-0.388,+0.851,29.0
2025-06-01T15:00:14.216,14.217,853,WA,Chest,0x55,2,853,1.001,-0.182,+1.767,+0.015,+3.8,+16.4,+27.6,-0.358,-0.388,+0.849,29.0
2025-06-01T15:00:14.233,14.233,854,WA,Chest,0x55,2,854,1.001,-0.160,+1.709,+0.073,+14.1,+15.9,+28.0,-0.367,-0.381,+0.849,29.0
2025-06-01T15:00:14.250,14.250,855,WA,Chest,0x55,2,855,1.001,-0.144,+1.622,+0.065,+31.5,+19.6,+34.9,-0.372,-0.375,+0.849,29.0
2025-06-01T15:00:14.266,14.267,856,WA,Chest,0x55,2,856,1.001,-0.107,+1.344,-0.031,+57.1,+27.9,+49.1,-0.384,-0.358,+0.851,29.0
2025-06-01T15:00:14.283,14.283,857,WA,Chest,0x55,2,857,1.001,-0.068,+0.970,-0.226,+69.2,+28.0,+49.2,-0.396,-0.335,+0.855,29.0
2025-06-01T15:00:14.300,14.300,858,WA,Chest,0x55,2,858,1.000,-0.028,+0.583,-0.483,+69.1,+24.6,+46.3,-0.407,-0.312,+0.858,29.0
2025-06-01T15:00:14.316,14.317,859,WA,Chest,0x55,2,859,1.000,+0.020,+0.251,-0.742,+47.8,+14.6,+32.3,-0.417,-0.290,+0.862,29.0
2025-06-01T15:00:14.333,14.333,860,WA,Chest,0x55,2,860,1.000,+0.046,+0.114,-0.856,+40.9,+7.5,+28.0,-0.420,-0.280,+0.863,29.0
2025-06-01T15:00:14.350,14.350,861,WA,Chest,0x55,2,861,1.000,+0.085,-0.104,-1.040,+47.6,+2.1,+31.7,-0.425,-0.263,+0.866,29.0
2025-06-01T15:00:14.366,14.367,862,WA,Chest,0x55,2,862,1.000,+0.089,-0.247,-1.169,+30.3,-3.7,+19.4,-0.426,-0.248,+0.870,29.0
2025-06-01T15:00:14.383,14.383,863,WA,Chest,0x55,2,863,1.000,+0.077,-0.285,-1.215,+22.2,-8.2,+13.6,-0.426,-0.242,+0.872,29.0
2025-06-01T15:00:14.400,14.400,864,WA,Chest,0x55,2,864,1.000,+0.040,-0.295,-1.272,+22.0,-13.9,+12.6,-0.424,-0.234,+0.875,29.0
2025-06-01T15:00:14.416,14.417,865,WA,Chest,0x55,2,865,1.000,+0.003,-0.231,-1.283,+13.8,-16.6,+6.0,-0.421,-0.228,+0.878,29.0
2025-06-01T15:00:14.433,14.433,866,WA,Chest,0x55,2,866,1.000,-0.031,-0.129,-1.261,+7.2,-13.4,+1.4,-0.416,-0.225,+0.881,29.0
2025-06-01T15:00:14.450,14.450,867,WA,Chest,0x55,2,867,0.999,-0.050,-0.072,-1.241,+5.4,-13.0,-1.1,-0.414,-0.224,+0.882,29.0
2025-06-01T15:00:14.466,14.467,868,WA,Chest,0x55,2,868,0.999,-0.093,+0.039,-1.195,+7.0,-14.7,-2.3,-0.409,-0.223,+0.885,29.0
2025-06-01T15:00:14.483,14.483,869,WA,Chest,0x55,2,869,0.999,-0.137,+0.135,-1.147,+7.2,-9.2,-2.0,-0.406,-0.221,+0.887,29.0
2025-06-01T15:00:14.500,14.500,870,WA,Chest,0x55,2,870,0.999,-0.171,+0.203,-1.104,+5.4,-2.8,-0.6,-0.404,-0.219,+0.888,29.0
2025-06-01T15:00:14.516,14.517,871,WA,Chest,0x55,2,871,0.999,-0.182,+0.226,-1.086,+4.4,+3.7,+1.1,-0.405,-0.218,+0.888,29.0
2025-06-01T15:00:14.533,14.533,872,WA,Chest,0x55,2,872,0.999,-0.190,+0.251,-1.054,+3.9,+11.4,+3.5,-0.407,-0.217,+0.888,29.0
2025-06-01T15:00:14.550,14.550,873,WA,Chest,0x55,2,873,0.998,-0.180,+0.255,-1.031,+0.5,+19.1,+6.0,-0.411,-0.216,+0.886,29.0
2025-06-01T15:00:14.566,14.567,874,WA,Chest,0x55,2,874,0.998,-0.157,+0.244,-1.013,-1.8,+17.8,+5.7,-0.417,-0.215,+0.883,29.0
2025-06-01T15:00:14.583,14.583,875,WA,Chest,0x55,2,875,0.998,-0.142,+0.235,-1.005,-4.4,+20.3,+6.5,-0.421,-0.215,+0.881,29.0
2025-06-01T15:00:14.600,14.600,876,WA,Chest,0x55,2,876,0.998,-0.111,+0.215,-0.992,-8.2,+27.5,+9.0,-0.428,-0.216,+0.877,29.0
2025-06-01T15:00:14.616,14.617,877,WA,Chest,0x55,2,877,0.998,-0.081,+0.198,-0.978,-7.6,+20.2,+6.6,-0.436,-0.217,+0.873,29.0
2025-06-01T15:00:14.633,14.633,878,WA,Chest,0x55,2,878,0.998,-0.067,+0.194,-0.971,-9.0,+17.9,+5.7,-0.439,-0.218,+0.871,29.0
2025-06-01T15:00:14.650,14.650,879,WA,Chest,0x55,2,879,0.998,-0.039,+0.196,-0.955,-12.2,+20.6,+6.0,-0.446,-0.220,+0.868,29.0
2025-06-01T15:00:14.666,14.667,880,WA,Chest,0x55,2,880,0.998,-0.015,+0.208,-0.942,-11.2,+15.5,+3.4,-0.451,-0.223,+0.865,29.0
2025-06-01T15:00:14.683,14.683,881,WA,Chest,0x55,2,881,0.998,+0.003,+0.226,-0.933,-7.2,+8.6,+1.0,-0.454,-0.225,+0.862,29.0
2025-06-01T15:00:14.700,14.700,882,WA,Chest,0x55,2,882,0.997,+0.008,+0.234,-0.932,-5.2,+4.8,-1.0,-0.455,-0.226,+0.861,29.0
2025-06-01T15:00:14.716,14.717,883,WA,Chest,0x55,2,883,0.997,+0.012,+0.248,-0.935,-5.1,+3.2,-2.9,-0.456,-0.228,+0.860,29.0
2025-06-01T15:00:14.733,14.733,884,WA,Chest,0x55,2,884,0.997,+0.006,+0.259,-0.944,-2.6,+0.2,-3.2,-0.456,-0.229,+0.860,29.0
2025-06-01T15:00:14.750,14.750,885,WA,Chest,0x55,2,885,0.997,-0.000,+0.262,-0.949,-1.4,-1.7,-3.9,-0.456,-0.230,+0.860,29.0
2025-06-01T15:00:14.766,14.767,886,WA,Chest,0x55,2,886,0.997,-0.016,+0.264,-0.963,-1.5,-3.2,-5.2,-0.455,-0.231,+0.860,29.0
2025-06-01T15:00:14.783,14.783,887,WA,Chest,0x55,2,887,0.997,-0.032,+0.261,-0.975,-1.6,-3.7,-4.7,-0.454,-0.232,+0.860,29.0
2025-06-01T15:00:14.800,14.800,888,WA,Chest,0x55,2,888,0.997,-0.046,+0.254,-0.984,-1.6,-2.7,-3.1,-0.452,-0.233,+0.861,29.0
2025-06-01T15:00:14.816,14.817,889,WA,Chest,0x55,2,889,0.997,-0.051,+0.251,-0.986,-2.4,-2.4,-2.7,-0.452,-0.234,+0.861,29.0
2025-06-01T15:00:14.833,14.833,890,WA,Chest,0x55,2,890,0.997,-0.060,+0.245,-0.986,-4.0,-2.7,-3.3,-0.451,-0.235,+0.861,29.0
2025-06-01T15:00:14.850,14.850,891,WA,Chest,0x55,2,891,0.997,-0.066,+0.243,-0.981,-4.8,-2.1,-2.8,-0.450,-0.236,+0.861,29.0
2025-06-01T15:00:14.866,14.867,892,WA,Chest,0x55,2,892,0.997,-0.070,+0.245,-0.972,-3.9,-1.3,-1.8,-0.449,-0.238,+0.861,29.0
2025-06-01T15:00:14.883,14.883,893,WA,Chest,0x55,2,893,0.997,-0.072,+0.247,-0.966,-3.7,-0.9,-1.4,-0.449,-0.239,+0.861,29.0
2025-06-01T15:00:14.900,14.900,894,WA,Chest,0x55,2,894,0.997,-0.074,+0.252,-0.957,-4.2,-1.1,-1.5,-0.449,-0.240,+0.861,29.0
2025-06-01T15:00:14.916,14.917,895,WA,Chest,0x55,2,895,0.997,-0.074,+0.256,-0.949,-2.5,-0.8,-0.9,-0.448,-0.241,+0.861,29.0
2025-06-01T15:00:14.933,14.933,896,WA,Chest,0x55,2,896,0.997,-0.074,+0.257,-0.947,-1.6,-1.2,-0.9,-0.448,-0.242,+0.861,29.0
2025-06-01T15:00:14.950,14.950,897,WA,Chest,0x55,2,897,0.997,-0.072,+0.257,-0.944,-1.5,-2.2,-1.2,-0.448,-0.242,+0.861,29.0
2025-06-01T15:00:14.966,14.967,898,WA,Chest,0x55,2,898,0.997,-0.069,+0.254,-0.943,-0.8,-3.1,-1.4,-0.447,-0.243,+0.861,29.0
2025-06-01T15:00:14.983,14.983,899,WA,Chest,0x55,2,899,0.997,-0.068,+0.251,-0.942,-0.3,-2.9,-1.1,-0.446,-0.243,+0.861,29.0
2025-06-01T15:00:15.000,15.000,900,WA,Chest,0x55,2,900,0.997,-0.068,+0.249,-0.942,+0.0,-3.5,-1.0,-0.445,-0.243,+0.862,29.0
2025-06-01T15:00:15.016,15.017,901,WA,Chest,0x55,2,901,0.997,-0.068,+0.247,-0.941,+0.4,-5.2,-1.1,-0.444,-0.243,+0.862,29.0
2025-06-01T15:00:15.033,15.033,902,WA,Chest,0x55,2,902,0.997,-0.069,+0.246,-0.941,+0.5,-4.1,-0.6,-0.443,-0.243,+0.863,29.0
2025-06-01T15:00:15.050,15.050,903,WA,Chest,0x55,2,903,0.997,-0.069,+0.245,-0.941,+0.6,-4.3,-0.1,-0.442,-0.243,+0.863,29.0
2025-06-01T15:00:15.066,15.067,904,WA,Chest,0x55,2,904,0.997,-0.070,+0.244,-0.941,+0.7,-5.8,+0.2,-0.440,-0.243,+0.864,29.0
2025-06-01T15:00:15.083,15.083,905,WA,Chest,0x55,2,905,0.997,-0.071,+0.242,-0.942,+0.6,-5.7,+0.8,-0.439,-0.243,+0.865,29.0
2025-06-01T15:00:15.100,15.100,906,WA,Chest,0x55,2,906,0.997,-0.071,+0.238,-0.944,+0.4,-4.2,+0.9,-0.438,-0.243,+0.866,29.0
2025-06-01T15:00:15.116,15.117,907,WA,Chest,0x55,2,907,0.997,-0.071,+0.236,-0.946,+0.1,-3.7,+1.4,-0.437,-0.242,+0.866,29.0
2025-06-01T15:00:15.133,15.133,908,WA,Chest,0x55,2,908,0.997,-0.073,+0.231,-0.951,-0.3,-3.9,+2.1,-0.436,-0.242,+0.867,29.0
2025-06-01T15:00:15.150,15.150,909,WA,Chest,0x55,2,909,0.997,-0.074,+0.224,-0.960,-1.1,-2.0,+2.1,-0.435,-0.242,+0.867,29.0
2025-06-01T15:00:15.166,15.167,910,WA,Chest,0x55,2,910,0.997,-0.075,+0.214,-0.972,-1.3,-0.1,+1.3,-0.435,-0.242,+0.867,29.0
2025-06-01T15:00:15.183,15.183,911,WA,Chest,0x55,2,911,0.997,-0.074,+0.208,-0.980,-2.0,+2.2,+0.4,-0.436,-0.242,+0.867,29.0
2025-06-01T15:00:15.200,15.200,912,WA,Chest,0x55,2,912,0.997,-0.070,+0.190,-0.999,-3.6,+5.3,-0.6,-0.437,-0.243,+0.866,29.0
2025-06-01T15:00:15.216,15.217,913,WA,Chest,0x55,2,913,0.997,-0.060,+0.164,-1.020,-4.8,+7.8,-1.9,-0.438,-0.244,+0.865,29.0
2025-06-01T15:00:15.233,15.233,914,WA,Chest,0x55,2,914,0.997,-0.046,+0.126,-1.043,-4.3,+6.8,-1.8,-0.440,-0.246,+0.864,29.0
2025-06-01T15:00:15.250,15.250,915,WA,Chest,0x55,2,915,0.997,-0.039,+0.103,-1.054,-4.7,+7.0,-1.3,-0.441,-0.247,+0.863,29.0
2025-06-01T15:00:15.266,15.267,916,WA,Chest,0x55,2,916,0.997,-0.024,+0.048,-1.073,-5.8,+8.7,-0.3,-0.444,-0.249,+0.861,29.0
2025-06-01T15:00:15.283,15.283,917,WA,Chest,0x55,2,917,0.997,-0.012,-0.011,-1.089,-4.9,+7.3,+2.0,-0.446,-0.250,+0.860,29.0
2025-06-01T15:00:15.300,15.300,918,WA,Chest,0x55,2,918,0.997,-0.003,-0.067,-1.102,-3.2,+4.5,+2.7,-0.447,-0.251,+0.858,29.0
2025-06-01T15:00:15.316,15.317,919,WA,Chest,0x55,2,919,0.997,+0.000,-0.093,-1.107,-3.5,+2.8,+3.5,-0.448,-0.251,+0.858,29.0
2025-06-01T15:00:15.333,15.333,920,WA,Chest,0x55,2,920,0.997,+0.003,-0.135,-1.115,-5.9,+1.5,+4.8,-0.449,-0.251,+0.857,29.0
2025-06-01T15:00:15.350,15.350,921,WA,Chest,0x55,2,921,0.998,+0.001,-0.162,-1.115,-5.5,-0.8,+3.5,-0.450,-0.253,+0.857,29.0
2025-06-01T15:00:15.366,15.367,922,WA,Chest,0x55,2,922,0.998,-0.001,-0.167,-1.112,-7.2,-3.7,+3.3,-0.450,-0.253,+0.857,29.0
2025-06-01T15:00:15.383,15.383,923,WA,Chest,0x55,2,923,0.998,-0.007,-0.161,-1.100,-12.2,-7.8,+3.7,-0.448,-0.255,+0.857,29.0
2025-06-01T15:00:15.400,15.400,924,WA,Chest,0x55,2,924,0.998,-0.017,-0.127,-1.081,-17.3,-10.9,+1.9,-0.446,-0.258,+0.857,29.0
2025-06-01T15:00:15.416,15.417,925,WA,Chest,0x55,2,925,0.998,-0.031,-0.057,-1.050,-16.4,-9.4,-0.2,-0.443,-0.263,+0.857,29.0
2025-06-01T15:00:15.433,15.433,926,WA,Chest,0x55,2,926,0.998,-0.040,-0.006,-1.028,-20.7,-9.4,-3.1,-0.441,-0.267,+0.857,29.0
2025-06-01T15:00:15.450,15.450,927,WA,Chest,0x55,2,927,0.999,-0.058,+0.133,-0.968,-30.1,-10.7,-7.4,-0.438,-0.274,+0.856,29.0
2025-06-01T15:00:15.466,15.467,928,WA,Chest,0x55,2,928,0.999,-0.075,+0.316,-0.890,-23.6,-6.0,-7.8,-0.435,-0.283,+0.855,29.0
2025-06-01T15:00:15.483,15.483,929,WA,Chest,0x55,2,929,0.999,-0.084,+0.420,-0.845,-23.4,-1.8,-9.6,-0.434,-0.288,+0.854,29.0
2025-06-01T15:00:15.500,15.500,930,WA,Chest,0x55,2,930,0.999,-0.098,+0.646,-0.746,-30.3,+1.8,-12.7,-0.432,-0.298,+0.851,29.0
2025-06-01T15:00:15.516,15.517,931,WA,Chest,0x55,2,931,0.999,-0.103,+0.882,-0.633,-27.9,+6.8,-10.3,-0.432,-0.306,+0.848,29.0
2025-06-01T15:00:15.533,15.533,932,WA,Chest,0x55,2,932,0.999,-0.095,+1.120,-0.510,-18.7,+7.2,-5.4,-0.434,-0.314,+0.844,29.0
2025-06-01T15:00:15.550,15.550,933,WA,Chest,0x55,2,933,1.000,-0.087,+1.237,-0.447,-13.7,+8.7,-1.8,-0.435,-0.317,+0.843,29.0
2025-06-01T15:00:15.566,15.567,934,WA,Chest,0x55,2,934,1.000,-0.063,+1.455,-0.336,-10.7,+11.9,+0.8,-0.438,-0.321,+0.840,29.0
2025-06-01T15:00:15.583,15.583,935,WA,Chest,0x55,2,935,1.000,-0.039,+1.637,-0.262,-1.4,+8.7,+2.6,-0.441,-0.322,+0.838,29.0
2025-06-01T15:00:15.600,15.600,936,WA,Chest,0x55,2,936,1.001,-0.027,+1.705,-0.244,+8.5,+7.5,+4.3,-0.443,-0.321,+0.837,29.0
2025-06-01T15:00:15.616,15.617,937,WA,Chest,0x55,2,937,1.001,-0.003,+1.782,-0.248,+19.9,+8.0,+6.5,-0.445,-0.317,+0.837,29.0
2025-06-01T15:00:15.633,15.633,938,WA,Chest,0x55,2,938,1.001,+0.021,+1.761,-0.305,+20.1,+4.3,+5.1,-0.448,-0.310,+0.839,29.0
2025-06-01T15:00:15.650,15.650,939,WA,Chest,0x55,2,939,1.002,+0.030,+1.710,-0.353,+24.4,+1.8,+5.3,-0.449,-0.306,+0.840,29.0
2025-06-01T15:00:15.666,15.667,940,WA,Chest,0x55,2,940,1.002,+0.038,+1.524,-0.482,+34.6,+0.0,+7.8,-0.450,-0.296,+0.843,29.0
2025-06-01T15:00:15.683,15.683,941,WA,Chest,0x55,2,941,1.002,+0.028,+1.238,-0.644,+35.2,-2.4,+9.3,-0.450,-0.287,+0.846,29.0
2025-06-01T15:00:15.700,15.700,942,WA,Chest,0x55,2,942,1.003,+0.006,+0.888,-0.822,+25.5,-2.8,+7.7,-0.450,-0.277,+0.849,29.0
2025-06-01T15:00:15.716,15.717,943,WA,Chest,0x55,2,943,1.003,-0.006,+0.704,-0.912,+22.9,-3.2,+7.7,-0.450,-0.272,+0.851,29.0
2025-06-01T15:00:15.733,15.733,944,WA,Chest,0x55,2,944,1.003,-0.031,+0.340,-1.082,+27.3,-3.9,+9.1,-0.449,-0.263,+0.854,29.0
2025-06-01T15:00:15.750,15.750,945,WA,Chest,0x55,2,945,1.003,-0.058,+0.003,-1.229,+17.7,-2.5,+5.9,-0.449,-0.256,+0.856,29.0
2025-06-01T15:00:15.766,15.767,946,WA,Chest,0x55,2,946,1.003,-0.072,-0.150,-1.290,+13.2,-1.7,+4.9,-0.449,-0.253,+0.857,29.0
2025-06-01T15:00:15.783,15.783,947,WA,Chest,0x55,2,947,1.003,-0.096,-0.417,-1.379,+12.4,-1.9,+6.0,-0.449,-0.248,+0.858,29.0
2025-06-01T15:00:15.800,15.800,948,WA,Chest,0x55,2,948,1.004,-0.112,-0.617,-1.420,+6.3,-2.1,+5.6,-0.449,-0.245,+0.859,29.0
2025-06-01T15:00:15.816,15.817,949,WA,Chest,0x55,2,949,1.004,-0.121,-0.744,-1.419,+2.4,-1.9,+3.9,-0.449,-0.244,+0.860,29.0
2025-06-01T15:00:15.833,15.833,950,WA,Chest,0x55,2,950,1.004,-0.125,-0.781,-1.409,+1.8,-2.2,+3.3,-0.449,-0.243,+0.860,29.0
2025-06-01T15:00:15.850,15.850,951,WA,Chest,0x55,2,951,1.006,-0.131,-0.809,-1.379,+3.7,-2.6,+3.2,-0.448,-0.242,+0.861,29.0
2025-06-01T15:00:15.866,15.867,952,WA,Chest,0x55,2,952,1.006,-0.131,-0.794,-1.347,+5.2,-1.7,+1.0,-0.448,-0.240,+0.861,29.0
2025-06-01T15:00:15.883,15.883,953,WA,Chest,0x55,2,953,1.006,-0.123,-0.760,-1.316,+3.7,-0.3,-0.7,-0.448,-0.239,+0.862,29.0
2025-06-01T15:00:15.900,15.900,954,WA,Chest,0x55,2,954,1.007,-0.117,-0.744,-1.301,+0.7,+1.5,-1.8,-0.448,-0.239,+0.862,29.0
2025-06-01T15:00:15.916,15.917,955,WA,Chest,0x55,2,955,1.007,-0.105,-0.724,-1.275,-3.1,+4.3,-1.7,-0.448,-0.239,+0.861,29.0
2025-06-01T15:00:15.933,15.933,956,WA,Chest,0x55,2,956,1.007,-0.097,-0.726,-1.262,-7.1,+7.4,+0.8,-0.449,-0.241,+0.860,29.0
2025-06-01T15:00:15.950,15.950,957,WA,Chest,0x55,2,957,1.007,-0.085,-0.747,-1.276,-6.8,+6.9,+2.4,-0.452,-0.242,+0.859,29.0
2025-06-01T15:00:15.966,15.967,958,WA,Chest,0x55,2,958,1.007,-0.073,-0.763,-1.295,-9.3,+6.7,+3.4,-0.453,-0.243,+0.858,29.0
2025-06-01T15:00:15.983,15.983,959,WA,Chest,0x55,2,959,1.007,-0.036,-0.802,-1.353,-17.9,+5.6,+3.6,-0.456,-0.246,+0.855,29.0
2025-06-01T15:00:16.000,16.000,960,WA,Chest,0x55,2,960,1.008,+0.015,-0.824,-1.417,-18.8,+0.5,+1.4,-0.457,-0.251,+0.853,29.0
2025-06-01T15:00:16.016,16.017,961,WA,Chest,0x55,2,961,1.008,+0.039,-0.811,-1.442,-27.0,-6.1,-1.0,-0.456,-0.255,+0.853,29.0
2025-06-01T15:00:16.033,16.033,962,WA,Chest,0x55,2,962,1.008,+0.069,-0.701,-1.457,-42.2,-13.3,-3.7,-0.453,-0.265,+0.851,29.0
2025-06-01T15:00:16.050,16.050,963,WA,Chest,0x55,2,963,1.009,+0.062,-0.473,-1.407,-47.2,-16.7,-6.7,-0.449,-0.277,+0.850,29.0
2025-06-01T15:00:16.066,16.067,964,WA,Chest,0x55,2,964,1.009,+0.026,-0.163,-1.287,-36.5,-12.5,-6.5,-0.444,-0.290,+0.848,29.0
2025-06-01T15:00:16.083,16.083,965,WA,Chest,0x55,2,965,1.009,+0.002,+0.008,-1.205,-35.6,-9.7,-7.4,-0.442,-0.297,+0.847,29.0
2025-06-01T15:00:16.100,16.100,966,WA,Chest,0x55,2,966,1.009,-0.050,+0.366,-1.014,-44.8,-8.6,-9.9,-0.438,-0.309,+0.844,29.0
2025-06-01T15:00:16.116,16.117,967,WA,Chest,0x55,2,967,1.009,-0.101,+0.731,-0.799,-30.8,-2.8,-6.8,-0.436,-0.321,+0.841,29.0
2025-06-01T15:00:16.133,16.133,968,WA,Chest,0x55,2,968,1.009,-0.124,+0.910,-0.686,-25.3,+2.7,-5.3,-0.435,-0.326,+0.839,29.0
2025-06-01T15:00:16.150,16.150,969,WA,Chest,0x55,2,969,1.011,-0.165,+1.244,-0.461,-27.3,+8.9,-5.0,-0.436,-0.335,+0.835,29.0
2025-06-01T15:00:16.166,16.167,970,WA,Chest,0x55,2,970,1.011,-0.192,+1.515,-0.252,-17.8,+15.0,-1.9,-0.439,-0.341,+0.831,29.0
2025-06-01T15:00:16.183,16.183,971,WA,Chest,0x55,2,971,1.011,-0.205,+1.697,-0.084,-7.2,+14.0,+0.5,-0.443,-0.344,+0.828,29.0
2025-06-01T15:00:16.200,16.200,972,WA,Chest,0x55,2,972,1.011,-0.205,+1.749,-0.024,+3.4,+15.8,+2.7,-0.446,-0.344,+0.826,29.0
2025-06-01T15:00:16.216,16.217,973,WA,Chest,0x55,2,973,1.011,-0.192,+1.762,+0.033,+16.7,+20.2,+5.0,-0.451,-0.342,+0.825,29.0
2025-06-01T15:00:16.233,16.233,974,WA,Chest,0x55,2,974,1.011,-0.160,+1.645,-0.003,+31.2,+15.7,+6.0,-0.456,-0.335,+0.824,29.0
2025-06-01T15:00:16.250,16.250,975,WA,Chest,0x55,2,975,1.012,-0.110,+1.409,-0.121,+29.0,+7.3,+4.6,-0.460,-0.325,+0.826,29.0
2025-06-01T15:00:16.266,16.267,976,WA,Chest,0x55,2,976,1.012,-0.081,+1.263,-0.203,+31.3,-0.6,+4.0,-0.461,-0.320,+0.828,29.0
2025-06-01T15:00:16.283,16.283,977,WA,Chest,0x55,2,977,1.012,-0.030,+0.966,-0.389,+41.3,-8.6,+3.6,-0.460,-0.309,+0.832,29.0
2025-06-01T15:00:16.300,16.300,978,WA,Chest,0x55,2,978,1.013,-0.002,+0.703,-0.577,+30.4,-11.3,+1.1,-0.457,-0.299,+0.838,29.0
2025-06-01T15:00:16.316,16.317,979,WA,Chest,0x55,2,979,1.013,+0.002,+0.587,-0.665,+29.6,-14.8,-1.9,-0.455,-0.294,+0.841,29.0
2025-06-01T15:00:16.333,16.333,980,WA,Chest,0x55,2,980,1.013,-0.004,+0.368,-0.823,+37.3,-20.7,-5.2,-0.450,-0.285,+0.847,29.0
2025-06-01T15:00:16.350,16.350,981,WA,Chest,0x55,2,981,1.014,-0.017,+0.163,-0.964,+32.4,-20.0,-7.8,-0.444,-0.277,+0.852,29.0
2025-06-01T15:00:16.366,16.367,982,WA,Chest,0x55,2,982,1.014,-0.032,-0.011,-1.089,+20.5,-13.6,-6.7,-0.438,-0.271,+0.857,29.0
2025-06-01T15:00:16.383,16.383,983,WA,Chest,0x55,2,983,1.014,-0.041,-0.078,-1.142,+14.7,-10.0,-7.5,-0.436,-0.268,+0.859,29.0
2025-06-01T15:00:16.400,16.400,984,WA,Chest,0x55,2,984,1.014,-0.062,-0.165,-1.221,+13.7,-8.1,-10.7,-0.432,-0.265,+0.862,29.0
2025-06-01T15:00:16.416,16.417,985,WA,Chest,0x55,2,985,1.014,-0.081,-0.194,-1.263,+6.1,-1.8,-8.6,-0.430,-0.264,+0.863,29.0
2025-06-01T15:00:16.433,16.433,986,WA,Chest,0x55,2,986,1.014,-0.088,-0.189,-1.272,+1.9,+4.2,-9.1,-0.430,-0.264,+0.863,29.0
2025-06-01T15:00:16.450,16.450,987,WA,Chest,0x55,2,987,1.015,-0.098,-0.148,-1.268,+0.2,+11.3,-11.9,-0.431,-0.265,+0.862,29.0
2025-06-01T15:00:16.466,16.467,988,WA,Chest,0x55,2,988,1.015,-0.104,-0.075,-1.245,-0.9,+18.5,-10.2,-0.434,-0.267,+0.860,29.0
2025-06-01T15:00:16.483,16.483,989,WA,Chest,0x55,2,989,1.015,-0.105,+0.013,-1.209,-0.4,+17.5,-6.0,-0.439,-0.268,+0.858,29.0
2025-06-01T15:00:16.500,16.500,990,WA,Chest,0x55,2,990,1.016,-0.103,+0.058,-1.189,+0.8,+21.3,-3.2,-0.442,-0.269,+0.856,29.0
2025-06-01T15:00:16.516,16.517,991,WA,Chest,0x55,2,991,1.016,-0.091,+0.144,-1.151,+2.5,+30.4,-1.4,-0.449,-0.269,+0.852,29.0
2025-06-01T15:00:16.533,16.533,992,WA,Chest,0x55,2,992,1.016,-0.068,+0.216,-1.116,+2.8,+23.4,+0.8,-0.457,-0.268,+0.848,29.0
2025-06-01T15:00:16.550,16.550,993,WA,Chest,0x55,2,993,1.016,-0.054,+0.245,-1.102,+3.5,+22.0,+2.5,-0.460,-0.267,+0.846,29.0
2025-06-01T15:00:16.566,16.567,994,WA,Chest,0x55,2,994,1.016,-0.025,+0.288,-1.076,+4.7,+25.8,+4.3,-0.468,-0.266,+0.843,29.0
2025-06-01T15:00:16.583,16.583,995,WA,Chest,0x55,2,995,1.016,+0.000,+0.311,-1.057,+4.2,+19.7,+5.0,-0.474,-0.264,+0.840,29.0
2025-06-01T15:00:16.600,16.600,996,WA,Chest,0x55,2,996,1.017,+0.017,+0.318,-1.043,+2.6,+10.9,+3.9,-0.478,-0.262,+0.838,29.0
2025-06-01T15:00:16.616,16.617,997,WA,Chest,0x55,2,997,1.017,+0.022,+0.316,-1.037,+1.6,+5.4,+3.8,-0.480,-0.261,+0.838,29.0
2025-06-01T15:00:16.633,16.633,998,WA,Chest,0x55,2,998,1.017,+0.025,+0.304,-1.027,+0.9,+2.3,+4.6,-0.481,-0.260,+0.837,29.0
2025-06-01T15:00:16.650,16.650,999,WA,Chest,0x55,2,999,1.018,+0.021,+0.287,-1.016,-0.6,-3.2,+3.4,-0.482,-0.260,+0.837,29.0
2025-06-01T15:00:16.666,16.667,1000,WA,Chest,0x55,2,1000,1.018,+0.010,+0.272,-1.003,-1.1,-4.8,+1.7,-0.480,-0.260,+0.838,29.0
2025-06-01T15:00:16.683,16.683,1001,WA,Chest,0x55,2,1001,1.018,+0.002,+0.267,-0.997,-1.3,-6.5,+0.5,-0.479,-0.260,+0.838,29.0
2025-06-01T15:00:16.700,16.700,1002,WA,Chest,0x55,2,1002,1.018,-0.018,+0.261,-0.985,-1.4,-8.9,-0.0,-0.477,-0.260,+0.839,29.0
2025-06-01T15:00:16.716,16.717,1003,WA,Chest,0x55,2,1003,1.018,-0.041,+0.261,-0.976,-1.1,-7.8,-0.2,-0.475,-0.261,+0.840,29.0
2025-06-01T15:00:16.733,16.733,1004,WA,Chest,0x55,2,1004,1.018,-0.062,+0.263,-0.969,-0.7,-4.6,+0.2,-0.473,-0.261,+0.841,29.0
2025-06-01T15:00:16.750,16.750,1005,WA,Chest,0x55,2,1005,1.018,-0.071,+0.265,-0.966,-0.8,-2.2,+0.8,-0.473,-0.261,+0.842,29.0
2025-06-01T15:00:16.766,16.767,1006,WA,Chest,0x55,2,1006,1.018,-0.082,+0.268,-0.962,-1.0,-0.4,+1.8,-0.473,-0.261,+0.842,29.0
2025-06-01T15:00:16.783,16.783,1007,WA,Chest,0x55,2,1007,1.018,-0.085,+0.271,-0.961,-0.7,+1.4,+1.8,-0.473,-0.261,+0.842,29.0
2025-06-01T15:00:16.800,16.800,1008,WA,Chest,0x55,2,1008,1.018,-0.083,+0.272,-0.961,-0.6,+3.1,+2.1,-0.473,-0.261,+0.841,29.0
2025-06-01T15:00:16.816,16.817,1009,WA,Chest,0x55,2,1009,1.018,-0.076,+0.274,-0.963,-0.6,+5.0,+3.1,-0.475,-0.261,+0.841,29.0
2025-06-01T15:00:16.833,16.833,1010,WA,Chest,0x55,2,1010,1.018,-0.067,+0.275,-0.964,-0.3,+5.6,+3.4,-0.476,-0.260,+0.840,29.0
2025-06-01T15:00:16.850,16.850,1011,WA,Chest,0x55,2,1011,1.019,-0.057,+0.276,-0.964,+0.0,+4.2,+2.5,-0.478,-0.260,+0.839,29.0
2025-06-01T15:00:16.866,16.867,1012,WA,Chest,0x55,2,1012,1.019,-0.052,+0.275,-0.962,+0.6,+3.6,+2.4,-0.479,-0.259,+0.839,29.0
2025-06-01T15:00:16.883,16.883,1013,WA,Chest,0x55,2,1013,1.019,-0.043,+0.276,-0.957,+1.9,+4.1,+2.8,-0.480,-0.259,+0.838,29.0
2025-06-01T15:00:16.900,16.900,1014,WA,Chest,0x55,2,1014,1.019,-0.037,+0.277,-0.948,+4.1,+2.9,+2.3,-0.481,-0.258,+0.838,29.0
2025-06-01T15:00:16.916,16.917,1015,WA,Chest,0x55,2,1015,1.019,-0.034,+0.278,-0.939,+4.7,+1.6,+1.4,-0.482,-0.256,+0.838,29.0
2025-06-01T15:00:16.933,16.933,1016,WA,Chest,0x55,2,1016,1.019,-0.035,+0.278,-0.935,+7.3,+1.0,+1.3,-0.482,-0.255,+0.838,29.0
2025-06-01T15:00:16.950,16.950,1017,WA,Chest,0x55,2,1017,1.019,-0.037,+0.278,-0.929,+12.4,+1.1,+1.8,-0.483,-0.252,+0.839,29.0
2025-06-01T15:00:16.966,16.967,1018,WA,Chest,0x55,2,1018,1.019,-0.039,+0.275,-0.925,+11.3,+0.6,+1.6,-0.483,-0.249,+0.840,29.0
2025-06-01T15:00:16.983,16.983,1019,WA,Chest,0x55,2,1019,1.019,-0.040,+0.272,-0.924,+13.4,+0.3,+2.0,-0.483,-0.246,+0.840,29.0
2025-06-01T15:00:17.000,17.000,1020,WA,Chest,0x55,2,1020,1.019,-0.039,+0.264,-0.925,+19.5,-0.1,+2.8,-0.483,-0.241,+0.841,29.0
2025-06-01T15:00:17.016,17.017,1021,WA,Chest,0x55,2,1021,1.019,-0.036,+0.255,-0.926,+15.6,-0.5,+2.1,-0.484,-0.236,+0.843,29.0
2025-06-01T15:00:17.033,17.033,1022,WA,Chest,0x55,2,1022,1.019,-0.034,+0.250,-0.927,+16.2,-1.3,+1.5,-0.483,-0.233,+0.844,29.0
2025-06-01T15:00:17.050,17.050,1023,WA,Chest,0x55,2,1023,1.018,-0.031,+0.238,-0.930,+21.3,-2.7,+1.2,-0.483,-0.228,+0.845,29.0
2025-06-01T15:00:17.066,17.067,1024,WA,Chest,0x55,2,1024,1.018,-0.028,+0.223,-0.932,+15.1,-2.7,+0.3,-0.482,-0.222,+0.847,29.0
2025-06-01T15:00:17.083,17.083,1025,WA,Chest,0x55,2,1025,1.018,-0.027,+0.215,-0.934,+12.3,-3.4,-0.5,-0.482,-0.220,+0.848,29.0
2025-06-01T15:00:17.100,17.100,1026,WA,Chest,0x55,2,1026,1.018,-0.026,+0.197,-0.937,+12.4,-4.9,-1.5,-0.481,-0.216,+0.850,29.0
2025-06-01T15:00:17.116,17.117,1027,WA,Chest,0x55,2,1027,1.018,-0.027,+0.180,-0.940,+6.0,-5.0,-2.6,-0.479,-0.214,+0.851,29.0
2025-06-01T15:00:17.133,17.133,1028,WA,Chest,0x55,2,1028,1.018,-0.030,+0.166,-0.942,+0.7,-3.5,-2.5,-0.478,-0.214,+0.852,29.0
2025-06-01T15:00:17.150,17.150,1029,WA,Chest,0x55,2,1029,1.018,-0.033,+0.161,-0.942,-4.3,-2.5,-2.8,-0.477,-0.215,+0.852,29.0
2025-06-01T15:00:17.166,17.167,1030,WA,Chest,0x55,2,1030,1.018,-0.041,+0.155,-0.941,-10.2,-1.7,-3.7,-0.476,-0.217,+0.852,29.0
2025-06-01T15:00:17.183,17.183,1031,WA,Chest,0x55,2,1031,1.018,-0.050,+0.156,-0.938,-15.0,+1.0,-3.0,-0.476,-0.221,+0.851,29.0
2025-06-01T15:00:17.200,17.200,1032,WA,Chest,0x55,2,1032,1.018,-0.057,+0.163,-0.934,-13.3,+2.6,-1.7,-0.476,-0.225,+0.850,29.0
2025-06-01T15:00:17.216,17.217,1033,WA,Chest,0x55,2,1033,1.018,-0.059,+0.168,-0.932,-14.9,+5.5,-0.5,-0.477,-0.228,+0.849,29.0
2025-06-01T15:00:17.233,17.233,1034,WA,Chest,0x55,2,1034,1.018,-0.061,+0.180,-0.929,-20.3,+10.2,+0.7,-0.479,-0.233,+0.846,29.0
2025-06-01T15:00:17.250,17.250,1035,WA,Chest,0x55,2,1035,1.017,-0.058,+0.194,-0.928,-15.1,+9.8,+1.5,-0.482,-0.238,+0.843,29.0
2025-06-01T15:00:17.266,17.267,1036,WA,Chest,0x55,2,1036,1.017,-0.054,+0.200,-0.928,-14.2,+12.4,+2.1,-0.484,-0.240,+0.842,29.0
2025-06-01T15:00:17.283,17.283,1037,WA,Chest,0x55,2,1037,1.017,-0.043,+0.212,-0.929,-17.3,+18.9,+2.6,-0.488,-0.244,+0.838,29.0
2025-06-01T15:00:17.300,17.300,1038,WA,Chest,0x55,2,1038,1.017,-0.026,+0.221,-0.929,-14.4,+22.0,+1.2,-0.494,-0.248,+0.834,29.0
2025-06-01T15:00:17.316,17.317,1039,WA,Chest,0x55,2,1039,1.017,-0.003,+0.225,-0.931,-9.1,+18.2,-0.2,-0.499,-0.251,+0.829,29.0
2025-06-01T15:00:17.333,17.333,1040,WA,Chest,0x55,2,1040,1.017,+0.011,+0.226,-0.932,-7.4,+20.3,-1.8,-0.502,-0.252,+0.827,29.0
2025-06-01T15:00:17.350,17.350,1041,WA,Chest,0x55,2,1041,1.016,+0.041,+0.218,-0.940,-9.1,+28.6,-3.8,-0.509,-0.255,+0.822,29.0
2025-06-01T15:00:17.366,17.367,1042,WA,Chest,0x55,2,1042,1.016,+0.073,+0.196,-0.957,-8.7,+29.4,-4.7,-0.515,-0.257,+0.817,29.0
2025-06-01T15:00:17.383,17.383,1043,WA,Chest,0x55,2,1043,1.016,+0.105,+0.156,-0.983,-6.6,+21.6,-3.4,-0.522,-0.260,+0.812,29.0
2025-06-01T15:00:17.400,17.400,1044,WA,Chest,0x55,2,1044,1.015,+0.121,+0.129,-1.000,-7.1,+18.9,-2.1,-0.525,-0.262,+0.810,29.0
2025-06-01T15:00:17.416,17.417,1045,WA,Chest,0x55,2,1045,1.015,+0.148,+0.065,-1.039,-10.5,+20.4,-0.7,-0.531,-0.264,+0.805,29.0
2025-06-01T15:00:17.433,17.433,1046,WA,Chest,0x55,2,1046,1.015,+0.168,-0.005,-1.083,-12.6,+12.4,+2.2,-0.535,-0.267,+0.802,29.0
2025-06-01T15:00:17.450,17.450,1047,WA,Chest,0x55,2,1047,1.014,+0.176,-0.071,-1.128,-10.9,+4.0,+3.1,-0.537,-0.269,+0.800,29.0
2025-06-01T15:00:17.466,17.467,1048,WA,Chest,0x55,2,1048,1.014,+0.175,-0.099,-1.149,-13.7,-3.6,+4.7,-0.537,-0.271,+0.799,29.0
2025-06-01T15:00:17.483,17.483,1049,WA,Chest,0x55,2,1049,1.014,+0.163,-0.140,-1.184,-21.9,-11.8,+7.2,-0.536,-0.274,+0.799,29.0
2025-06-01T15:00:17.500,17.500,1050,WA,Chest,0x55,2,1050,1.011,+0.136,-0.156,-1.205,-19.5,-13.6,+5.8,-0.533,-0.279,+0.799,29.0
2025-06-01T15:00:17.516,17.517,1051,WA,Chest,0x55,2,1051,1.011,+0.118,-0.150,-1.210,-24.1,-17.8,+5.6,-0.530,-0.282,+0.800,29.0
2025-06-01T15:00:17.533,17.533,1052,WA,Chest,0x55,2,1052,1.011,+0.074,-0.109,-1.202,-36.6,-25.2,+5.8,-0.525,-0.288,+0.801,29.0
2025-06-01T15:00:17.550,17.550,1053,WA,Chest,0x55,2,1053,1.010,+0.029,-0.019,-1.167,-30.6,-18.8,+2.6,-0.520,-0.297,+0.801,29.0
2025-06-01T15:00:17.566,17.567,1054,WA,Chest,0x55,2,1054,1.010,+0.008,+0.045,-1.139,-33.6,-16.0,-0.7,-0.517,-0.302,+0.801,29.0
2025-06-01T15:00:17.583,17.583,1055,WA,Chest,0x55,2,1055,1.010,-0.023,+0.214,-1.060,-45.4,-16.0,-4.8,-0.512,-0.313,+0.800,29.0
2025-06-01T15:00:17.600,17.600,1056,WA,Chest,0x55,2,1056,1.008,-0.042,+0.427,-0.953,-43.2,-6.9,-9.0,-0.509,-0.324,+0.798,29.0
2025-06-01T15:00:17.616,17.617,1057,WA,Chest,0x55,2,1057,1.008,-0.053,+0.669,-0.823,-29.5,+0.7,-8.4,-0.507,-0.335,+0.794,29.0
2025-06-01T15:00:17.633,17.633,1058,WA,Chest,0x55,2,1058,1.008,-0.054,+0.793,-0.752,-23.7,+8.7,-8.8,-0.507,-0.340,+0.792,29.0
2025-06-01T15:00:17.650,17.650,1059,WA,Chest,0x55,2,1059,1.005,-0.047,+1.039,-0.602,-24.8,+18.2,-10.7,-0.509,-0.349,+0.787,29.0
2025-06-01T15:00:17.666,17.667,1060,WA,Chest,0x55,2,1060,1.005,-0.024,+1.266,-0.451,-13.3,+17.6,-6.8,-0.513,-0.355,+0.781,29.0
2025-06-01T15:00:17.683,17.683,1061,WA,Chest,0x55,2,1061,1.005,-0.005,+1.369,-0.380,-5.9,+19.8,-4.6,-0.516,-0.357,+0.779,29.0
2025-06-01T15:00:17.700,17.700,1062,WA,Chest,0x55,2,1062,1.003,+0.040,+1.545,-0.264,-0.2,+25.4,-3.6,-0.521,-0.359,+0.774,29.0
2025-06-01T15:00:17.716,17.717,1063,WA,Chest,0x55,2,1063,1.003,+0.085,+1.673,-0.197,+9.7,+22.0,+0.1,-0.527,-0.358,+0.771,29.0
2025-06-01T15:00:17.733,17.733,1064,WA,Chest,0x55,2,1064,1.003,+0.116,+1.738,-0.187,+12.5,+14.0,+2.4,-0.531,-0.355,+0.769,29.0
2025-06-01T15:00:17.750,17.750,1065,WA,Chest,0x55,2,1065,1.002,+0.122,+1.744,-0.203,+19.3,+11.4,+6.3,-0.533,-0.352,+0.769,29.0
2025-06-01T15:00:17.766,17.767,1066,WA,Chest,0x55,2,1066,1.002,+0.118,+1.688,-0.276,+32.6,+14.1,+12.7,-0.538,-0.344,+0.770,29.0
2025-06-01T15:00:17.783,17.783,1067,WA,Chest,0x55,2,1067,1.002,+0.100,+1.535,-0.395,+41.2,+13.5,+18.1,-0.542,-0.333,+0.771,29.0
2025-06-01T15:00:17.800,17.800,1068,WA,Chest,0x55,2,1068,1.000,+0.083,+1.288,-0.552,+34.9,+9.7,+16.1,-0.547,-0.320,+0.773,29.0
2025-06-01T15:00:17.816,17.817,1069,WA,Chest,0x55,2,1069,1.000,+0.077,+1.135,-0.640,+37.6,+8.7,+17.9,-0.550,-0.312,+0.775,29.0
2025-06-01T15:00:17.833,17.833,1070,WA,Chest,0x55,2,1070,1.000,+0.073,+0.794,-0.821,+50.4,+10.1,+24.0,-0.554,-0.297,+0.777,29.0
2025-06-01T15:00:17.850,17.850,1071,WA,Chest,0x55,2,1071,0.997,+0.068,+0.437,-0.995,+49.6,+8.7,+23.3,-0.558,-0.282,+0.780,29.0
2025-06-01T15:00:17.866,17.867,1072,WA,Chest,0x55,2,1072,0.997,+0.053,+0.092,-1.144,+36.2,+6.4,+16.6,-0.562,-0.267,+0.783,29.0
2025-06-01T15:00:17.883,17.883,1073,WA,Chest,0x55,2,1073,0.997,+0.042,-0.069,-1.206,+33.5,+7.8,+15.0,-0.564,-0.260,+0.784,29.0
2025-06-01T15:00:17.900,17.900,1074,WA,Chest,0x55,2,1074,0.995,+0.016,-0.356,-1.299,+39.6,+12.7,+17.8,-0.568,-0.247,+0.785,29.0
2025-06-01T15:00:17.916,17.917,1075,WA,Chest,0x55,2,1075,0.995,-0.006,-0.585,-1.347,+30.9,+16.3,+14.8,-0.572,-0.236,+0.785,29.0
2025-06-01T15:00:17.933,17.933,1076,WA,Chest,0x55,2,1076,0.995,-0.015,-0.745,-1.354,+17.8,+14.1,+9.5,-0.577,-0.228,+0.784,29.0
2025-06-01T15:00:17.950,17.950,1077,WA,Chest,0x55,2,1077,0.993,-0.013,-0.799,-1.348,+11.1,+16.1,+8.1,-0.580,-0.225,+0.783,29.0
2025-06-01T15:00:17.966,17.967,1078,WA,Chest,0x55,2,1078,0.993,+0.002,-0.856,-1.328,+9.3,+22.8,+10.1,-0.586,-0.220,+0.780,29.0
2025-06-01T15:00:17.983,17.983,1079,WA,Chest,0x55,2,1079,0.993,+0.027,-0.854,-1.305,+3.3,+17.9,+7.3,-0.592,-0.217,+0.776,29.0
2025-06-01T15:00:18.000,18.000,1080,WA,Chest,0x55,2,1080,0.992,+0.041,-0.839,-1.293,-0.0,+19.1,+7.8,-0.595,-0.216,+0.774,29.0
2025-06-01T15:00:18.016,18.017,1081,WA,Chest,0x55,2,1081,0.992,+0.062,-0.795,-1.269,-1.6,+27.1,+12.0,-0.601,-0.214,+0.770,29.0
2025-06-01T15:00:18.033,18.033,1082,WA,Chest,0x55,2,1082,0.992,+0.076,-0.757,-1.249,-2.0,+29.3,+14.8,-0.608,-0.213,+0.765,29.0
2025-06-01T15:00:18.050,18.050,1083,WA,Chest,0x55,2,1083,0.990,+0.095,-0.749,-1.249,-1.3,+22.6,+12.8,-0.616,-0.210,+0.759,29.0
2025-06-01T15:00:18.066,18.067,1084,WA,Chest,0x55,2,1084,0.990,+0.111,-0.760,-1.260,-2.5,+20.6,+14.4,-0.620,-0.209,+0.756,29.0
2025-06-01T15:00:18.083,18.083,1085,WA,Chest,0x55,2,1085,0.990,+0.156,-0.807,-1.307,-8.5,+22.2,+19.7,-0.627,-0.206,+0.751,29.0
2025-06-01T15:00:18.100,18.100,1086,WA,Chest,0x55,2,1086,0.988,+0.206,-0.847,-1.371,-19.2,+13.7,+18.9,-0.632,-0.205,+0.747,29.0
2025-06-01T15:00:18.116,18.117,1087,WA,Chest,0x55,2,1087,0.988,+0.238,-0.819,-1.421,-22.1,+5.9,+12.9,-0.635,-0.207,+0.744,29.0
2025-06-01T15:00:18.133,18.133,1088,WA,Chest,0x55,2,1088,0.988,+0.243,-0.765,-1.430,-20.3,+2.2,+7.1,-0.636,-0.210,+0.742,29.0
2025-06-01T15:00:18.150,18.150,1089,WA,Chest,0x55,2,1089,0.987,+0.239,-0.683,-1.424,-38.4,+3.9,+7.6,-0.637,-0.213,+0.741,29.0
2025-06-01T15:00:18.166,18.167,1090,WA,Chest,0x55,2,1090,0.987,+0.212,-0.449,-1.358,-43.1,+5.5,+5.5,-0.639,-0.224,+0.736,29.0
2025-06-01T15:00:18.183,18.183,1091,WA,Chest,0x55,2,1091,0.987,+0.193,-0.305,-1.299,-50.0,+10.7,+2.1,-0.640,-0.230,+0.733,29.0
2025-06-01T15:00:18.200,18.200,1092,WA,Chest,0x55,2,1092,0.987,+0.154,+0.021,-1.139,-69.5,+20.7,+1.4,-0.644,-0.244,+0.725,29.0
2025-06-01T15:00:18.216,18.217,1093,WA,Chest,0x55,2,1093,0.987,+0.124,+0.385,-0.937,-68.7,+29.4,+1.1,-0.649,-0.259,+0.715,29.0
2025-06-01T15:00:18.233,18.233,1094,WA,Chest,0x55,2,1094,0.987,+0.109,+0.767,-0.708,-48.6,+26.6,+1.3,-0.656,-0.272,+0.704,29.0
2025-06-01T15:00:18.250,18.250,1095,WA,Chest,0x55,2,1095,0.986,+0.108,+0.957,-0.587,-40.5,+31.3,+1.3,-0.660,-0.278,+0.698,29.0
2025-06-01T15:00:18.266,18.267,1096,WA,Chest,0x55,2,1096,0.986,+0.115,+1.311,-0.346,-41.9,+44.2,+1.9,-0.669,-0.288,+0.685,29.0
2025-06-01T15:00:18.283,18.283,1097,WA,Chest,0x55,2,1097,0.986,+0.131,+1.595,-0.122,-22.7,+45.2,+2.1,-0.678,-0.294,+0.674,29.0
2025-06-01T15:00:18.300,18.300,1098,WA,Chest,0x55,2,1098,0.986,+0.149,+1.778,+0.055,-5.0,+33.1,+1.9,-0.687,-0.296,+0.664,29.0
2025-06-01T15:00:18.316,18.317,1099,WA,Chest,0x55,2,1099,0.986,+0.159,+1.822,+0.116,+11.9,+30.0,+3.1,-0.691,-0.295,+0.660,29.0
2025-06-01T15:00:18.333,18.333,1100,WA,Chest,0x55,2,1100,0.986,+0.184,+1.808,+0.164,+31.5,+34.0,+5.7,-0.699,-0.290,+0.654,29.0
2025-06-01T15:00:18.350,18.350,1101,WA,Chest,0x55,2,1101,0.985,+0.221,+1.656,+0.110,+49.1,+22.6,+7.6,-0.705,-0.281,+0.651,29.0
2025-06-01T15:00:18.366,18.367,1102,WA,Chest,0x55,2,1102,0.985,+0.263,+1.401,-0.031,+44.1,+9.0,+6.4,-0.709,-0.269,+0.652,29.0
2025-06-01T15:00:18.383,18.383,1103,WA,Chest,0x55,2,1103,0.985,+0.281,+1.255,-0.122,+49.4,-1.4,+6.2,-0.710,-0.262,+0.654,29.0
2025-06-01T15:00:18.400,18.400,1104,WA,Chest,0x55,2,1104,0.985,+0.302,+0.961,-0.325,+67.9,-9.8,+6.5,-0.709,-0.247,+0.660,29.0
2025-06-01T15:00:18.416,18.417,1105,WA,Chest,0x55,2,1105,0.985,+0.301,+0.681,-0.527,+51.4,-11.8,+3.3,-0.707,-0.233,+0.668,29.0
2025-06-01T15:00:18.433,18.433,1106,WA,Chest,0x55,2,1106,0.985,+0.296,+0.544,-0.624,+49.5,-15.1,+0.5,-0.705,-0.226,+0.672,29.0
2025-06-01T15:00:18.450,18.450,1107,WA,Chest,0x55,2,1107,0.986,+0.281,+0.276,-0.807,+61.2,-22.0,-1.2,-0.701,-0.213,+0.681,29.0
2025-06-01T15:00:18.466,18.467,1108,WA,Chest,0x55,2,1108,0.986,+0.269,+0.027,-0.975,+52.2,-23.4,-3.5,-0.696,-0.202,+0.689,29.0
2025-06-01T15:00:18.483,18.483,1109,WA,Chest,0x55,2,1109,0.986,+0.259,-0.176,-1.121,+33.1,-17.3,-3.9,-0.691,-0.194,+0.696,29.0
2025-06-01T15:00:18.500,18.500,1110,WA,Chest,0x55,2,1110,0.987,+0.252,-0.256,-1.183,+25.5,-14.9,-6.1,-0.689,-0.190,+0.700,29.0
2025-06-01T15:00:18.516,18.517,1111,WA,Chest,0x55,2,1111,0.987,+0.226,-0.372,-1.283,+28.3,-15.3,-9.6,-0.684,-0.186,+0.705,29.0
2025-06-01T15:00:18.533,18.533,1112,WA,Chest,0x55,2,1112,0.987,+0.186,-0.429,-1.351,+17.9,-7.6,-7.5,-0.681,-0.183,+0.709,29.0
2025-06-01T15:00:18.550,18.550,1113,WA,Chest,0x55,2,1113,0.987,+0.166,-0.433,-1.372,+15.1,-2.0,-5.7,-0.681,-0.181,+0.710,29.0
2025-06-01T15:00:18.566,18.567,1114,WA,Chest,0x55,2,1114,0.987,+0.135,-0.388,-1.383,+18.3,+2.7,-4.6,-0.680,-0.179,+0.711,29.0
2025-06-01T15:00:18.583,18.583,1115,WA,Chest,0x55,2,1115,0.987,+0.128,-0.276,-1.357,+17.0,+9.5,-0.6,-0.681,-0.176,+0.711,29.0
2025-06-01T15:00:18.600,18.600,1116,WA,Chest,0x55,2,1116,0.989,+0.142,-0.123,-1.308,+12.5,+10.6,+1.7,-0.684,-0.172,+0.709,29.0
2025-06-01T15:00:18.616,18.617,1117,WA,Chest,0x55,2,1117,0.989,+0.154,-0.043,-1.280,+12.7,+14.0,+4.1,-0.686,-0.170,+0.708,29.0
2025-06-01T15:00:18.633,18.633,1118,WA,Chest,0x55,2,1118,0.989,+0.184,+0.104,-1.227,+16.5,+20.5,+7.5,-0.690,-0.165,+0.705,29.0
2025-06-01T15:00:18.650,18.650,1119,WA,Chest,0x55,2,1119,0.991,+0.216,+0.221,-1.182,+14.7,+21.3,+9.3,-0.695,-0.160,+0.701,29.0
2025-06-01T15:00:18.666,18.667,1120,WA,Chest,0x55,2,1120,0.991,+0.247,+0.305,-1.146,+9.1,+15.8,+7.4,-0.700,-0.155,+0.697,29.0
2025-06-01T15:00:18.683,18.683,1121,WA,Chest,0x55,2,1121,0.991,+0.261,+0.335,-1.131,+5.0,+14.6,+7.2,-0.702,-0.153,+0.696,29.0
2025-06-01T15:00:18.700,18.700,1122,WA,Chest,0x55,2,1122,0.992,+0.281,+0.366,-1.109,+1.0,+17.7,+8.9,-0.706,-0.150,+0.692,29.0
2025-06-01T15:00:18.716,18.717,1123,WA,Chest,0x55,2,1123,0.992,+0.292,+0.363,-1.091,-4.0,+11.7,+6.0,-0.710,-0.149,+0.688,29.0
2025-06-01T15:00:18.733,18.733,1124,WA,Chest,0x55,2,1124,0.992,+0.296,+0.351,-1.082,-10.1,+9.7,+4.5,-0.711,-0.150,+0.687,29.0
2025-06-01T15:00:18.750,18.750,1125,WA,Chest,0x55,2,1125,0.994,+0.302,+0.313,-1.060,-18.0,+11.6,+3.8,-0.714,-0.152,+0.684,29.0
2025-06-01T15:00:18.766,18.767,1126,WA,Chest,0x55,2,1126,0.994,+0.298,+0.264,-1.040,-20.9,+11.0,+1.0,-0.716,-0.155,+0.680,29.0
2025-06-01T15:00:18.783,18.783,1127,WA,Chest,0x55,2,1127,0.994,+0.279,+0.212,-1.026,-15.5,+8.5,-0.2,-0.718,-0.159,+0.677,29.0
2025-06-01T15:00:18.800,18.800,1128,WA,Chest,0x55,2,1128,0.995,+0.265,+0.190,-1.019,-13.2,+9.2,+0.3,-0.720,-0.161,+0.675,29.0
2025-06-01T15:00:18.816,18.817,1129,WA,Chest,0x55,2,1129,0.995,+0.238,+0.163,-1.002,-14.1,+13.1,+2.1,-0.722,-0.164,+0.672,29.0
2025-06-01T15:00:18.833,18.833,1130,WA,Chest,0x55,2,1130,0.995,+0.226,+0.170,-0.973,-7.4,+9.8,+2.6,-0.725,-0.166,+0.669,29.0
2025-06-01T15:00:18.850,18.850,1131,WA,Chest,0x55,2,1131,0.999,+0.226,+0.181,-0.958,-2.0,+4.2,+1.3,-0.726,-0.166,+0.667,29.0
2025-06-01T15:00:18.866,18.867,1132,WA,Chest,0x55,2,1132,0.999,+0.228,+0.187,-0.952,-1.3,+8.2,+2.4,-0.727,-0.166,+0.667,29.0
2025-06-01T15:00:18.883,18.883,1133,WA,Chest,0x55,2,1133,0.999,+0.241,+0.222,-0.919,+1.4,+14.8,+4.1,-0.730,-0.166,+0.664,29.0
2025-06-01T15:00:18.900,18.900,1134,WA,Chest,0x55,2,1134,1.000,+0.261,+0.252,-0.894,+4.4,+11.7,+3.0,-0.733,-0.164,+0.660,29.0
2025-06-01T15:00:18.916,18.917,1135,WA,Chest,0x55,2,1135,1.000,+0.271,+0.259,-0.887,+7.8,+11.0,+2.7,-0.734,-0.163,+0.659,29.0
2025-06-01T15:00:18.933,18.933,1136,WA,Chest,0x55,2,1136,1.000,+0.292,+0.260,-0.884,+12.3,+13.3,+3.1,-0.737,-0.160,+0.656,29.0
2025-06-01T15:00:18.950,18.950,1137,WA,Chest,0x55,2,1137,1.001,+0.309,+0.249,-0.888,+13.3,+10.8,+2.0,-0.740,-0.157,+0.654,29.0
2025-06-01T15:00:18.966,18.967,1138,WA,Chest,0x55,2,1138,1.001,+0.320,+0.231,-0.896,+9.9,+6.5,+0.8,-0.742,-0.154,+0.653,29.0
2025-06-01T15:00:18.983,18.983,1139,WA,Chest,0x55,2,1139,1.001,+0.322,+0.219,-0.899,+9.3,+3.9,+0.3,-0.742,-0.153,+0.653,29.0
2025-06-01T15:00:19.000,19.000,1140,WA,Chest,0x55,2,1140,1.002,+0.322,+0.194,-0.903,+11.2,+2.4,+0.1,-0.743,-0.150,+0.652,29.0
2025-06-01T15:00:19.016,19.017,1141,WA,Chest,0x55,2,1141,1.002,+0.319,+0.172,-0.898,+7.4,-0.2,-0.1,-0.743,-0.148,+0.652,29.0
2025-06-01T15:00:19.033,19.033,1142,WA,Chest,0x55,2,1142,1.002,+0.318,+0.164,-0.893,+5.6,-2.3,-0.6,-0.743,-0.147,+0.653,29.0
2025-06-01T15:00:19.050,19.050,1143,WA,Chest,0x55,2,1143,1.004,+0.314,+0.155,-0.880,+5.8,-4.3,-1.6,-0.742,-0.146,+0.654,29.0
2025-06-01T15:00:19.066,19.067,1144,WA,Chest,0x55,2,1144,1.004,+0.307,+0.151,-0.867,+3.6,-4.8,-2.4,-0.741,-0.146,+0.655,29.0
2025-06-01T15:00:19.083,19.083,1145,WA,Chest,0x55,2,1145,1.004,+0.295,+0.149,-0.857,+1.7,-3.3,-2.0,-0.740,-0.146,+0.656,29.0
2025-06-01T15:00:19.100,19.100,1146,WA,Chest,0x55,2,1146,1.008,+0.288,+0.149,-0.854,+0.6,-2.0,-1.9,-0.740,-0.146,+0.657,29.0
2025-06-01T15:00:19.116,19.117,1147,WA,Chest,0x55,2,1147,1.008,+0.275,+0.151,-0.851,+0.0,-0.8,-2.1,-0.739,-0.147,+0.657,29.0
2025-06-01T15:00:19.133,19.133,1148,WA,Chest,0x55,2,1148,1.008,+0.267,+0.156,-0.852,-0.6,+1.7,-1.5,-0.739,-0.147,+0.657,29.0
2025-06-01T15:00:19.150,19.150,1149,WA,Chest,0x55,2,1149,1.008,+0.265,+0.162,-0.855,-0.6,+2.7,-0.7,-0.740,-0.147,+0.656,29.0
2025-06-01T15:00:19.166,19.167,1150,WA,Chest,0x55,2,1150,1.008,+0.267,+0.165,-0.858,-0.6,+4.0,-0.2,-0.740,-0.148,+0.656,29.0
2025-06-01T15:00:19.183,19.183,1151,WA,Chest,0x55,2,1151,1.008,+0.276,+0.171,-0.866,-0.7,+6.0,+0.1,-0.741,-0.148,+0.655,29.0
2025-06-01T15:00:19.200,19.200,1152,WA,Chest,0x55,2,1152,1.012,+0.289,+0.177,-0.875,-0.7,+6.1,+0.3,-0.743,-0.148,+0.653,29.0
2025-06-01T15:00:19.216,19.217,1153,WA,Chest,0x55,2,1153,1.012,+0.304,+0.181,-0.884,-0.5,+4.2,+0.2,-0.744,-0.148,+0.652,29.0
2025-06-01T15:00:19.233,19.233,1154,WA,Chest,0x55,2,1154,1.012,+0.311,+0.183,-0.888,-0.6,+2.9,+0.0,-0.744,-0.148,+0.651,29.0
2025-06-01T15:00:19.250,19.250,1155,WA,Chest,0x55,2,1155,1.014,+0.324,+0.186,-0.895,-1.1,+2.0,-0.2,-0.745,-0.148,+0.651,29.0
2025-06-01T15:00:19.266,19.267,1156,WA,Chest,0x55,2,1156,1.014,+0.332,+0.187,-0.900,-1.0,+0.0,-0.3,-0.745,-0.148,+0.650,29.0
2025-06-01T15:00:19.283,19.283,1157,WA,Chest,0x55,2,1157,1.014,+0.334,+0.188,-0.902,-1.3,-2.0,-0.5,-0.745,-0.149,+0.651,29.0
2025-06-01T15:00:19.300,19.300,1158,WA,Chest,0x55,2,1158,1.016,+0.335,+0.188,-0.905,-1.7,-4.3,-0.8,-0.744,-0.149,+0.651,29.0
2025-06-01T15:00:19.316,19.317,1159,WA,Chest,0x55,2,1159,1.016,+0.330,+0.190,-0.906,-1.1,-4.2,-0.7,-0.743,-0.150,+0.652,29.0
2025-06-01T15:00:19.333,19.333,1160,WA,Chest,0x55,2,1160,1.016,+0.326,+0.191,-0.906,-0.7,-4.9,-0.9,-0.742,-0.150,+0.653,29.0
2025-06-01T15:00:19.350,19.350,1161,WA,Chest,0x55,2,1161,1.018,+0.317,+0.193,-0.906,-0.4,-6.7,-1.3,-0.741,-0.150,+0.654,29.0
2025-06-01T15:00:19.366,19.367,1162,WA,Chest,0x55,2,1162,1.018,+0.308,+0.195,-0.906,+0.5,-6.6,-1.5,-0.740,-0.151,+0.656,29.0
2025-06-01T15:00:19.383,19.383,1163,WA,Chest,0x55,2,1163,1.018,+0.301,+0.197,-0.905,+1.0,-4.8,-1.2,-0.738,-0.151,+0.657,29.0
2025-06-01T15:00:19.400,19.400,1164,WA,Chest,0x55,2,1164,1.021,+0.298,+0.198,-0.904,+2.0,-4.5,-1.3,-0.738,-0.151,+0.658,29.0
2025-06-01T15:00:19.416,19.417,1165,WA,Chest,0x55,2,1165,1.021,+0.294,+0.199,-0.902,+3.8,-5.7,-1.8,-0.737,-0.151,+0.659,29.0
2025-06-01T15:00:19.433,19.433,1166,WA,Chest,0x55,2,1166,1.021,+0.292,+0.199,-0.901,+3.7,-4.1,-1.3,-0.736,-0.150,+0.661,29.0
2025-06-01T15:00:19.450,19.450,1167,WA,Chest,0x55,2,1167,1.022,+0.292,+0.198,-0.900,+4.7,-3.7,-1.3,-0.735,-0.150,+0.661,29.0
2025-06-01T15:00:19.466,19.467,1168,WA,Chest,0x55,2,1168,1.022,+0.292,+0.196,-0.901,+7.0,-4.4,-1.6,-0.734,-0.149,+0.663,29.0
2025-06-01T15:00:19.483,19.483,1169,WA,Chest,0x55,2,1169,1.022,+0.293,+0.193,-0.903,+5.6,-2.9,-1.2,-0.733,-0.148,+0.664,29.0
2025-06-01T15:00:19.500,19.500,1170,WA,Chest,0x55,2,1170,1.025,+0.293,+0.190,-0.905,+5.7,-2.3,-1.0,-0.733,-0.147,+0.664,29.0
2025-06-01T15:00:19.516,19.517,1171,WA,Chest,0x55,2,1171,1.025,+0.295,+0.185,-0.910,+7.2,-2.4,-0.9,-0.732,-0.146,+0.665,29.0
2025-06-01T15:00:19.533,19.533,1172,WA,Chest,0x55,2,1172,1.025,+0.297,+0.180,-0.916,+6.6,-1.4,-0.2,-0.732,-0.145,+0.666,29.0
2025-06-01T15:00:19.550,19.550,1173,WA,Chest,0x55,2,1173,1.027,+0.298,+0.177,-0.923,+4.5,-0.3,+0.4,-0.732,-0.143,+0.666,29.0
2025-06-01T15:00:19.566,19.567,1174,WA,Chest,0x55,2,1174,1.027,+0.298,+0.177,-0.926,+3.9,+1.0,+1.3,-0.732,-0.143,+0.667,29.0
2025-06-01T15:00:19.583,19.583,1175,WA,Chest,0x55,2,1175,1.027,+0.297,+0.176,-0.933,+4.7,+2.9,+2.7,-0.732,-0.141,+0.666,29.0
2025-06-01T15:00:19.600,19.600,1176,WA,Chest,0x55,2,1176,1.029,+0.296,+0.176,-0.940,+4.0,+5.2,+4.0,-0.733,-0.140,+0.666,29.0
2025-06-01T15:00:19.616,19.617,1177,WA,Chest,0x55,2,1177,1.029,+0.296,+0.176,-0.949,+2.5,+5.4,+3.7,-0.734,-0.138,+0.664,29.0
2025-06-01T15:00:19.633,19.633,1178,WA,Chest,0x55,2,1178,1.029,+0.296,+0.176,-0.953,+1.8,+7.4,+4.5,-0.735,-0.137,+0.664,29.0
2025-06-01T15:00:19.650,19.650,1179,WA,Chest,0x55,2,1179,1.031,+0.299,+0.175,-0.960,+1.7,+11.7,+6.6,-0.738,-0.136,+0.661,29.0
2025-06-01T15:00:19.666,19.667,1180,WA,Chest,0x55,2,1180,1.031,+0.304,+0.175,-0.965,+0.8,+10.2,+5.4,-0.740,-0.134,+0.659,29.0
2025-06-01T15:00:19.683,19.683,1181,WA,Chest,0x55,2,1181,1.031,+0.307,+0.175,-0.967,+0.4,+12.0,+5.9,-0.742,-0.133,+0.657,29.0
2025-06-01T15:00:19.700,19.700,1182,WA,Chest,0x55,2,1182,1.032,+0.315,+0.175,-0.968,+0.2,+17.7,+8.3,-0.745,-0.131,+0.654,29.0
2025-06-01T15:00:19.716,19.717,1183,WA,Chest,0x55,2,1183,1.032,+0.324,+0.176,-0.967,+0.0,+19.9,+8.9,-0.749,-0.129,+0.649,29.0
2025-06-01T15:00:19.733,19.733,1184,WA,Chest,0x55,2,1184,1.032,+0.333,+0.177,-0.965,-0.1,+16.1,+7.0,-0.754,-0.127,+0.645,29.0
2025-06-01T15:00:19.750,19.750,1185,WA,Chest,0x55,2,1185,1.035,+0.338,+0.177,-0.964,-0.1,+17.6,+7.4,-0.756,-0.126,+0.642,29.0
2025-06-01T15:00:19.766,19.767,1186,WA,Chest,0x55,2,1186,1.035,+0.349,+0.177,-0.960,-0.1,+24.8,+10.3,-0.761,-0.124,+0.637,29.0
2025-06-01T15:00:19.783,19.783,1187,WA,Chest,0x55,2,1187,1.035,+0.361,+0.177,-0.955,+0.2,+26.3,+11.0,-0.766,-0.122,+0.631,29.0
2025-06-01T15:00:19.800,19.800,1188,WA,Chest,0x55,2,1188,1.036,+0.375,+0.176,-0.949,+0.4,+20.4,+8.7,-0.771,-0.119,+0.625,29.0
2025-06-01T15:00:19.816,19.817,1189,WA,Chest,0x55,2,1189,1.036,+0.382,+0.176,-0.945,+0.7,+21.0,+9.2,-0.774,-0.118,+0.622,29.0
2025-06-01T15:00:19.833,19.833,1190,WA,Chest,0x55,2,1190,1.036,+0.396,+0.174,-0.938,+1.1,+28.1,+12.8,-0.779,-0.115,+0.616,29.0
2025-06-01T15:00:19.850,19.850,1191,WA,Chest,0x55,2,1191,1.037,+0.411,+0.170,-0.930,+1.3,+27.8,+13.4,-0.785,-0.111,+0.610,29.0
2025-06-01T15:00:19.866,19.867,1192,WA,Chest,0x55,2,1192,1.037,+0.426,+0.166,-0.920,+1.0,+20.4,+10.4,-0.790,-0.108,+0.603,29.0
2025-06-01T15:00:19.883,19.883,1193,WA,Chest,0x55,2,1193,1.037,+0.433,+0.164,-0.915,+1.3,+19.5,+10.9,-0.793,-0.106,+0.600,29.0
2025-06-01T15:00:19.900,19.900,1194,WA,Chest,0x55,2,1194,1.039,+0.445,+0.161,-0.904,+1.9,+25.0,+15.1,-0.798,-0.103,+0.594,29.0
2025-06-01T15:00:19.916,19.917,1195,WA,Chest,0x55,2,1195,1.039,+0.455,+0.157,-0.894,+1.5,+18.1,+11.7,-0.802,-0.099,+0.589,29.0
2025-06-01T15:00:19.933,19.933,1196,WA,Chest,0x55,2,1196,1.039,+0.460,+0.155,-0.890,+1.3,+17.3,+12.2,-0.804,-0.097,+0.586,29.0
2025-06-01T15:00:19.950,19.950,1197,WA,Chest,0x55,2,1197,1.042,+0.469,+0.148,-0.883,+1.0,+22.6,+16.4,-0.809,-0.092,+0.581,29.0
2025-06-01T15:00:19.966,19.967,1198,WA,Chest,0x55,2,1198,1.042,+0.477,+0.139,-0.879,-0.6,+22.0,+16.3,-0.813,-0.089,+0.576,29.0
2025-06-01T15:00:19.983,19.983,1199,WA,Chest,0x55,2,1199,1.042,+0.484,+0.126,-0.877,-1.8,+21.7,+16.1,-0.817,-0.085,+0.570,29.0
