timestamp_iso,t_s,round,node,label,present_mask_hex,version,node_seq,distance_m,ax_g,ay_g,az_g,gx_dps,gy_dps,gz_dps,hx_g,hy_g,hz_g,imu_temp_c
2025-06-01T15:00:00.000,0.000,0,WD,L_Wrist,0x03,2,0,1.199,+0.060,-0.739,+0.711,-159.5,+43.3,-27.1,+0.191,+0.885,-0.425,29.0
2025-06-01T15:00:00.016,0.017,1,WD,L_Wrist,0x03,2,1,1.199,+0.062,-0.755,+0.705,-144.3,+40.3,-23.4,+0.190,+0.905,-0.381,29.0
2025-06-01T15:00:00.033,0.033,2,WD,L_Wrist,0x03,2,2,1.199,+0.063,-0.769,+0.721,-103.8,+36.4,-17.3,+0.188,+0.920,-0.345,29.0
2025-06-01T15:00:00.050,0.050,3,WD,L_Wrist,0x03,2,3,1.196,+0.064,-0.778,+0.757,-49.5,+26.9,-9.1,+0.188,+0.928,-0.322,29.0
2025-06-01T15:00:00.066,0.067,4,WD,L_Wrist,0x03,2,4,1.196,+0.063,-0.780,+0.781,-17.5,+32.3,-4.5,+0.188,+0.930,-0.315,29.0
2025-06-01T15:00:00.083,0.083,5,WD,L_Wrist,0x03,2,5,1.196,+0.059,-0.779,+0.834,-6.6,+47.8,-4.2,+0.191,+0.932,-0.309,29.0
2025-06-01T15:00:00.100,0.100,6,WD,L_Wrist,0x03,2,6,1.193,+0.054,-0.775,+0.886,-1.8,+49.2,-8.2,+0.195,+0.932,-0.306,29.0
2025-06-01T15:00:00.116,0.117,7,WD,L_Wrist,0x03,2,7,1.193,+0.052,-0.768,+0.928,-5.2,+37.0,-10.6,+0.195,+0.933,-0.302,29.0
2025-06-01T15:00:00.133,0.133,8,WD,L_Wrist,0x03,2,8,1.193,+0.051,-0.763,+0.944,-11.4,+44.2,-10.9,+0.195,+0.934,-0.299,29.0
2025-06-01T15:00:00.150,0.150,9,WD,L_Wrist,0x03,2,9,1.191,+0.046,-0.755,+0.971,-21.9,+72.2,-7.9,+0.197,+0.936,-0.291,29.0
2025-06-01T15:00:00.166,0.167,10,WD,L_Wrist,0x03,2,10,1.191,+0.032,-0.749,+0.984,-24.1,+62.7,-2.1,+0.203,+0.939,-0.279,29.0
2025-06-01T15:00:00.183,0.183,11,WD,L_Wrist,0x03,2,11,1.191,+0.023,-0.746,+0.983,-41.7,+64.2,-8.9,+0.206,+0.940,-0.271,29.0
2025-06-01T15:00:00.200,0.200,12,WD,L_Wrist,0x03,2,12,1.189,+0.007,-0.739,+0.961,-73.8,+83.5,-22.1,+0.208,+0.946,-0.249,29.0
2025-06-01T15:00:00.216,0.217,13,WD,L_Wrist,0x03,2,13,1.189,-0.008,-0.732,+0.921,-94.0,+86.1,-26.3,+0.206,+0.953,-0.220,29.0
2025-06-01T15:00:00.233,0.233,14,WD,L_Wrist,0x03,2,14,1.189,-0.027,-0.734,+0.880,-78.9,+68.9,-15.1,+0.205,+0.961,-0.186,29.0
2025-06-01T15:00:00.250,0.250,15,WD,L_Wrist,0x03,2,15,1.188,-0.039,-0.739,+0.865,-83.2,+75.2,-7.6,+0.205,+0.964,-0.168,29.0
2025-06-01T15:00:00.266,0.267,16,WD,L_Wrist,0x03,2,16,1.188,-0.064,-0.754,+0.847,-102.8,+103.8,-1.7,+0.208,+0.969,-0.130,29.0
2025-06-01T15:00:00.283,0.283,17,WD,L_Wrist,0x03,2,17,1.188,-0.093,-0.774,+0.851,-65.9,+78.8,+4.6,+0.212,+0.972,-0.097,29.0
2025-06-01T15:00:00.300,0.300,18,WD,L_Wrist,0x03,2,18,1.188,-0.111,-0.784,+0.859,-47.2,+73.4,+8.1,+0.215,+0.973,-0.083,29.0
2025-06-01T15:00:00.316,0.317,19,WD,L_Wrist,0x03,2,19,1.188,-0.153,-0.801,+0.881,-54.1,+88.0,+7.4,+0.220,+0.974,-0.061,29.0
2025-06-01T15:00:00.333,0.333,20,WD,L_Wrist,0x03,2,20,1.188,-0.202,-0.815,+0.899,-52.4,+77.8,-2.7,+0.222,+0.974,-0.041,29.0
2025-06-01T15:00:00.350,0.350,21,WD,L_Wrist,0x03,2,21,1.188,-0.253,-0.826,+0.909,-40.2,+56.1,-6.7,+0.221,+0.975,-0.021,29.0
2025-06-01T15:00:00.366,0.367,22,WD,L_Wrist,0x03,2,22,1.188,-0.278,-0.830,+0.911,-34.4,+55.3,-6.6,+0.219,+0.976,-0.011,29.0
2025-06-01T15:00:00.383,0.383,23,WD,L_Wrist,0x03,2,23,1.188,-0.324,-0.838,+0.915,-36.0,+67.4,-4.2,+0.217,+0.976,+0.005,29.0
2025-06-01T15:00:00.400,0.400,24,WD,L_Wrist,0x03,2,24,1.188,-0.358,-0.844,+0.917,-20.6,+43.7,-0.2,+0.217,+0.976,+0.018,29.0
2025-06-01T15:00:00.416,0.417,25,WD,L_Wrist,0x03,2,25,1.188,-0.370,-0.846,+0.916,-15.1,+33.7,+0.4,+0.217,+0.976,+0.023,29.0
2025-06-01T15:00:00.433,0.433,26,WD,L_Wrist,0x03,2,26,1.188,-0.377,-0.848,+0.911,-11.2,+37.6,-1.3,+0.216,+0.976,+0.030,29.0
2025-06-01T15:00:00.450,0.450,27,WD,L_Wrist,0x03,2,27,1.190,-0.365,-0.846,+0.908,+0.6,+23.8,-2.3,+0.215,+0.976,+0.034,29.0
2025-06-01T15:00:00.466,0.467,28,WD,L_Wrist,0x03,2,28,1.190,-0.353,-0.843,+0.907,+15.1,+19.5,-1.2,+0.215,+0.976,+0.033,29.0
2025-06-01T15:00:00.483,0.483,29,WD,L_Wrist,0x03,2,29,1.190,-0.318,-0.836,+0.911,+32.5,+22.2,+2.5,+0.214,+0.976,+0.028,29.0
2025-06-01T15:00:00.500,0.500,30,WD,L_Wrist,0x03,2,30,1.191,-0.276,-0.828,+0.918,+46.5,+18.5,+8.2,+0.216,+0.976,+0.017,29.0
2025-06-01T15:00:00.516,0.517,31,WD,L_Wrist,0x03,2,31,1.191,-0.233,-0.818,+0.929,+40.1,+12.9,+8.4,+0.219,+0.976,+0.003,29.0
2025-06-01T15:00:00.533,0.533,32,WD,L_Wrist,0x03,2,32,1.191,-0.213,-0.814,+0.934,+35.1,+13.7,+9.2,+0.220,+0.975,-0.004,29.0
2025-06-01T15:00:00.550,0.550,33,WD,L_Wrist,0x03,2,33,1.193,-0.182,-0.808,+0.936,+27.0,+18.5,+12.2,+0.224,+0.974,-0.015,29.0
2025-06-01T15:00:00.566,0.567,34,WD,L_Wrist,0x03,2,34,1.193,-0.166,-0.809,+0.925,-7.5,+15.8,+12.9,+0.227,+0.974,-0.017,29.0
2025-06-01T15:00:00.583,0.583,35,WD,L_Wrist,0x03,2,35,1.193,-0.167,-0.821,+0.897,-24.8,+8.5,+10.8,+0.231,+0.973,-0.008,29.0
2025-06-01T15:00:00.600,0.600,36,WD,L_Wrist,0x03,2,36,1.194,-0.173,-0.830,+0.878,-41.5,+1.7,+13.4,+0.234,+0.972,-0.002,29.0
2025-06-01T15:00:00.616,0.617,37,WD,L_Wrist,0x03,2,37,1.194,-0.192,-0.851,+0.834,-65.1,-6.3,+20.2,+0.239,+0.971,+0.015,29.0
2025-06-01T15:00:00.633,0.633,38,WD,L_Wrist,0x03,2,38,1.194,-0.213,-0.875,+0.785,-74.1,-19.3,+21.6,+0.245,+0.969,+0.034,29.0
2025-06-01T15:00:00.650,0.650,39,WD,L_Wrist,0x03,2,39,1.196,-0.232,-0.899,+0.733,-59.4,-22.4,+16.2,+0.251,+0.966,+0.054,29.0
2025-06-01T15:00:00.666,0.667,40,WD,L_Wrist,0x03,2,40,1.196,-0.239,-0.911,+0.707,-63.9,-34.7,+18.3,+0.255,+0.965,+0.065,29.0
2025-06-01T15:00:00.683,0.683,41,WD,L_Wrist,0x03,2,41,1.196,-0.251,-0.935,+0.656,-90.9,-58.4,+28.5,+0.263,+0.961,+0.085,29.0
2025-06-01T15:00:00.700,0.700,42,WD,L_Wrist,0x03,2,42,1.201,-0.257,-0.960,+0.604,-98.4,-73.3,+33.6,+0.274,+0.956,+0.106,29.0
2025-06-01T15:00:00.716,0.717,43,WD,L_Wrist,0x03,2,43,1.201,-0.259,-0.983,+0.553,-74.2,-61.2,+25.4,+0.286,+0.950,+0.128,29.0
2025-06-01T15:00:00.733,0.733,44,WD,L_Wrist,0x03,2,44,1.201,-0.258,-0.992,+0.530,-61.3,-65.3,+22.5,+0.292,+0.946,+0.137,29.0
2025-06-01T15:00:00.750,0.750,45,WD,L_Wrist,0x03,2,45,1.203,-0.256,-1.003,+0.495,-63.0,-87.6,+25.2,+0.304,+0.941,+0.150,29.0
2025-06-01T15:00:00.766,0.767,46,WD,L_Wrist,0x03,2,46,1.203,-0.254,-1.006,+0.471,-36.2,-65.1,+16.8,+0.314,+0.936,+0.156,29.0
2025-06-01T15:00:00.783,0.783,47,WD,L_Wrist,0x03,2,47,1.203,-0.255,-1.005,+0.462,-31.0,-62.7,+17.2,+0.319,+0.934,+0.158,29.0
2025-06-01T15:00:00.800,0.800,48,WD,L_Wrist,0x03,2,48,1.206,-0.258,-1.001,+0.445,-31.5,-80.1,+21.6,+0.329,+0.930,+0.161,29.0
2025-06-01T15:00:00.816,0.817,49,WD,L_Wrist,0x03,2,49,1.206,-0.261,-0.990,+0.431,-8.6,-72.7,+17.1,+0.338,+0.927,+0.160,29.0
2025-06-01T15:00:00.833,0.833,50,WD,L_Wrist,0x03,2,50,1.206,-0.258,-0.976,+0.424,+7.9,-48.4,+9.5,+0.345,+0.926,+0.152,29.0
2025-06-01T15:00:00.850,0.850,51,WD,L_Wrist,0x03,2,51,1.209,-0.254,-0.968,+0.423,+16.9,-37.6,+6.5,+0.348,+0.926,+0.146,29.0
2025-06-01T15:00:00.866,0.867,52,WD,L_Wrist,0x03,2,52,1.209,-0.241,-0.951,+0.420,+23.6,-40.2,+7.3,+0.352,+0.926,+0.135,29.0
2025-06-01T15:00:00.883,0.883,53,WD,L_Wrist,0x03,2,53,1.209,-0.225,-0.936,+0.417,+18.3,-24.1,+4.2,+0.355,+0.927,+0.125,29.0
2025-06-01T15:00:00.900,0.900,54,WD,L_Wrist,0x03,2,54,1.215,-0.216,-0.929,+0.415,+22.0,-17.8,+0.2,+0.356,+0.927,+0.120,29.0
2025-06-01T15:00:00.916,0.917,55,WD,L_Wrist,0x03,2,55,1.215,-0.198,-0.914,+0.412,+29.6,-15.4,-5.0,+0.356,+0.928,+0.110,29.0
2025-06-01T15:00:00.933,0.933,56,WD,L_Wrist,0x03,2,56,1.215,-0.181,-0.901,+0.405,+20.3,-2.0,-11.8,+0.354,+0.930,+0.101,29.0
2025-06-01T15:00:00.950,0.950,57,WD,L_Wrist,0x03,2,57,1.218,-0.167,-0.889,+0.390,+4.7,+6.2,-11.9,+0.350,+0.932,+0.098,29.0
2025-06-01T15:00:00.966,0.967,58,WD,L_Wrist,0x03,2,58,1.218,-0.162,-0.883,+0.379,-12.0,+14.3,-14.5,+0.347,+0.932,+0.100,29.0
2025-06-01T15:00:00.983,0.983,59,WD,L_Wrist,0x03,2,59,1.218,-0.153,-0.874,+0.354,-27.5,+25.8,-21.4,+0.341,+0.934,+0.108,29.0
2025-06-01T15:00:01.000,1.000,60,WD,L_Wrist,0x03,2,60,1.222,-0.147,-0.866,+0.334,-25.2,+24.3,-17.6,+0.334,+0.935,+0.120,29.0
2025-06-01T15:00:01.016,1.017,61,WD,L_Wrist,0x03,2,61,1.222,-0.145,-0.862,+0.330,-19.7,+30.9,-19.8,+0.330,+0.936,+0.126,29.0
2025-06-01T15:00:01.033,1.033,62,WD,L_Wrist,0x03,2,62,1.222,-0.142,-0.853,+0.335,-11.8,+46.8,-27.0,+0.321,+0.937,+0.136,29.0
2025-06-01T15:00:01.050,1.050,63,WD,L_Wrist,0x03,2,63,1.225,-0.141,-0.843,+0.355,+4.9,+54.4,-25.8,+0.311,+0.940,+0.141,29.0
2025-06-01T15:00:01.066,1.067,64,WD,L_Wrist,0x03,2,64,1.225,-0.143,-0.832,+0.384,+7.5,+44.8,-18.1,+0.302,+0.942,+0.144,29.0
2025-06-01T15:00:01.083,1.083,65,WD,L_Wrist,0x03,2,65,1.225,-0.145,-0.827,+0.398,+0.6,+48.7,-18.5,+0.298,+0.944,+0.145,29.0
2025-06-01T15:00:01.100,1.100,66,WD,L_Wrist,0x03,2,66,1.232,-0.150,-0.819,+0.425,-9.5,+67.5,-28.1,+0.288,+0.946,+0.152,29.0
2025-06-01T15:00:01.116,1.117,67,WD,L_Wrist,0x03,2,67,1.232,-0.155,-0.813,+0.449,-18.1,+70.9,-31.5,+0.276,+0.947,+0.162,29.0
2025-06-01T15:00:01.133,1.133,68,WD,L_Wrist,0x03,2,68,1.232,-0.160,-0.811,+0.474,-12.0,+55.3,-23.2,+0.264,+0.949,+0.173,29.0
2025-06-01T15:00:01.150,1.150,69,WD,L_Wrist,0x03,2,69,1.236,-0.163,-0.811,+0.489,+5.4,+55.8,-18.1,+0.258,+0.950,+0.177,29.0
2025-06-01T15:00:01.166,1.167,70,WD,L_Wrist,0x03,2,70,1.236,-0.174,-0.812,+0.527,+27.7,+71.8,-17.9,+0.248,+0.952,+0.178,29.0
2025-06-01T15:00:01.183,1.183,71,WD,L_Wrist,0x03,2,71,1.236,-0.189,-0.813,+0.569,+35.4,+68.9,-12.3,+0.241,+0.955,+0.172,29.0
2025-06-01T15:00:01.200,1.200,72,WD,L_Wrist,0x03,2,72,1.242,-0.204,-0.814,+0.602,+18.1,+51.0,-7.9,+0.234,+0.957,+0.168,29.0
2025-06-01T15:00:01.216,1.217,73,WD,L_Wrist,0x03,2,73,1.242,-0.211,-0.815,+0.613,+4.7,+49.3,-7.7,+0.231,+0.958,+0.169,29.0
2025-06-01T15:00:01.233,1.233,74,WD,L_Wrist,0x03,2,74,1.242,-0.223,-0.815,+0.628,+13.2,+60.0,-10.0,+0.225,+0.959,+0.172,29.0
2025-06-01T15:00:01.250,1.250,75,WD,L_Wrist,0x03,2,75,1.243,-0.229,-0.812,+0.647,+20.4,+39.6,-7.2,+0.220,+0.961,+0.170,29.0
2025-06-01T15:00:01.266,1.267,76,WD,L_Wrist,0x03,2,76,1.243,-0.230,-0.809,+0.660,+27.0,+34.7,-6.1,+0.217,+0.962,+0.166,29.0
2025-06-01T15:00:01.283,1.283,77,WD,L_Wrist,0x03,2,77,1.243,-0.229,-0.803,+0.687,+26.7,+45.5,-7.2,+0.213,+0.964,+0.159,29.0
2025-06-01T15:00:01.300,1.300,78,WD,L_Wrist,0x03,2,78,1.245,-0.221,-0.799,+0.706,+15.2,+43.4,-6.4,+0.209,+0.965,+0.156,29.0
2025-06-01T15:00:01.316,1.317,79,WD,L_Wrist,0x03,2,79,1.245,-0.205,-0.795,+0.716,+11.0,+29.5,-5.0,+0.205,+0.966,+0.156,29.0
2025-06-01T15:00:01.333,1.333,80,WD,L_Wrist,0x03,2,80,1.245,-0.197,-0.791,+0.721,+16.5,+23.8,-4.7,+0.204,+0.967,+0.154,29.0
2025-06-01T15:00:01.350,1.350,81,WD,L_Wrist,0x03,2,81,1.248,-0.186,-0.784,+0.732,+17.4,+28.5,-4.9,+0.201,+0.968,+0.149,29.0
2025-06-01T15:00:01.366,1.367,82,WD,L_Wrist,0x03,2,82,1.248,-0.196,-0.778,+0.747,+5.8,+19.8,-3.3,+0.198,+0.969,+0.147,29.0
2025-06-01T15:00:01.383,1.383,83,WD,L_Wrist,0x03,2,83,1.248,-0.209,-0.776,+0.755,+2.9,+15.3,-7.6,+0.197,+0.969,+0.148,29.0
2025-06-01T15:00:01.400,1.400,84,WD,L_Wrist,0x03,2,84,1.254,-0.248,-0.771,+0.775,+19.8,+11.0,-14.8,+0.193,+0.970,+0.147,29.0
2025-06-01T15:00:01.416,1.417,85,WD,L_Wrist,0x03,2,85,1.254,-0.295,-0.763,+0.799,+42.9,-2.9,-10.1,+0.188,+0.972,+0.138,29.0
2025-06-01T15:00:01.433,1.433,86,WD,L_Wrist,0x03,2,86,1.254,-0.341,-0.759,+0.817,+37.0,-9.1,+2.8,+0.187,+0.975,+0.123,29.0
2025-06-01T15:00:01.450,1.450,87,WD,L_Wrist,0x03,2,87,1.257,-0.363,-0.760,+0.820,+22.7,-16.3,+20.1,+0.190,+0.975,+0.116,29.0
2025-06-01T15:00:01.466,1.467,88,WD,L_Wrist,0x03,2,88,1.257,-0.399,-0.769,+0.809,+9.7,-33.2,+33.7,+0.200,+0.974,+0.108,29.0
2025-06-01T15:00:01.483,1.483,89,WD,L_Wrist,0x03,2,89,1.257,-0.417,-0.783,+0.778,-16.7,-56.2,+34.6,+0.211,+0.972,+0.107,29.0
2025-06-01T15:00:01.500,1.500,90,WD,L_Wrist,0x03,2,90,1.259,-0.417,-0.802,+0.730,-25.6,-57.9,+27.6,+0.223,+0.969,+0.111,29.0
2025-06-01T15:00:01.516,1.517,91,WD,L_Wrist,0x03,2,91,1.259,-0.413,-0.815,+0.701,-34.3,-74.9,+45.6,+0.230,+0.966,+0.114,29.0
2025-06-01T15:00:01.533,1.533,92,WD,L_Wrist,0x03,2,92,1.259,-0.408,-0.845,+0.640,-38.8,-105.4,+82.5,+0.253,+0.960,+0.119,29.0
2025-06-01T15:00:01.550,1.550,93,WD,L_Wrist,0x03,2,93,1.261,-0.407,-0.880,+0.585,-20.5,-80.6,+72.0,+0.284,+0.951,+0.120,29.0
2025-06-01T15:00:01.566,1.567,94,WD,L_Wrist,0x03,2,94,1.261,-0.405,-0.897,+0.559,-18.1,-86.4,+61.6,+0.299,+0.947,+0.118,29.0
2025-06-01T15:00:01.583,1.583,95,WD,L_Wrist,0x03,2,95,1.261,-0.386,-0.925,+0.507,-30.5,-128.6,+62.3,+0.323,+0.939,+0.114,29.0
2025-06-01T15:00:01.600,1.600,96,WD,L_Wrist,0x03,2,96,1.266,-0.357,-0.947,+0.454,-36.7,-143.6,+50.1,+0.341,+0.933,+0.111,29.0
2025-06-01T15:00:01.616,1.617,97,WD,L_Wrist,0x03,2,97,1.266,-0.340,-0.966,+0.410,-24.3,-109.3,+40.6,+0.360,+0.927,+0.105,29.0
2025-06-01T15:00:01.633,1.633,98,WD,L_Wrist,0x03,2,98,1.266,-0.341,-0.975,+0.396,-12.7,-97.8,+51.5,+0.370,+0.923,+0.101,29.0
2025-06-01T15:00:01.650,1.650,99,WD,L_Wrist,0x03,2,99,1.268,-0.364,-0.992,+0.384,-5.4,-116.1,+73.3,+0.393,+0.915,+0.091,29.0
2025-06-01T15:00:01.666,1.667,100,WD,L_Wrist,0x03,2,100,1.268,-0.401,-1.008,+0.384,+2.7,-103.5,+72.7,+0.416,+0.906,+0.078,29.0
2025-06-01T15:00:01.683,1.683,101,WD,L_Wrist,0x03,2,101,1.268,-0.434,-1.023,+0.385,+4.1,-73.8,+51.0,+0.436,+0.898,+0.064,29.0
2025-06-01T15:00:01.700,1.700,102,WD,L_Wrist,0x03,2,102,1.269,-0.446,-1.030,+0.384,+5.6,-68.6,+43.9,+0.445,+0.894,+0.057,29.0
2025-06-01T15:00:01.716,1.717,103,WD,L_Wrist,0x03,2,103,1.269,-0.459,-1.041,+0.377,+12.8,-82.0,+53.5,+0.461,+0.886,+0.043,29.0
2025-06-01T15:00:01.733,1.733,104,WD,L_Wrist,0x03,2,104,1.269,-0.460,-1.052,+0.370,+13.5,-53.0,+38.0,+0.475,+0.880,+0.029,29.0
2025-06-01T15:00:01.750,1.750,105,WD,L_Wrist,0x03,2,105,1.271,-0.458,-1.057,+0.367,+12.6,-41.0,+36.6,+0.481,+0.876,+0.022,29.0
2025-06-01T15:00:01.766,1.767,106,WD,L_Wrist,0x03,2,106,1.271,-0.453,-1.068,+0.359,+7.5,-45.1,+45.4,+0.494,+0.869,+0.011,29.0
2025-06-01T15:00:01.783,1.783,107,WD,L_Wrist,0x03,2,107,1.271,-0.447,-1.079,+0.348,-3.4,-27.3,+30.2,+0.505,+0.863,+0.005,29.0
2025-06-01T15:00:01.800,1.800,108,WD,L_Wrist,0x03,2,108,1.275,-0.444,-1.085,+0.340,-11.0,-18.1,+23.3,+0.509,+0.861,+0.005,29.0
2025-06-01T15:00:01.816,1.817,109,WD,L_Wrist,0x03,2,109,1.275,-0.440,-1.095,+0.324,-12.8,-13.0,+23.5,+0.516,+0.856,+0.005,29.0
2025-06-01T15:00:01.833,1.833,110,WD,L_Wrist,0x03,2,110,1.275,-0.432,-1.102,+0.311,-9.8,+2.2,+14.9,+0.521,+0.853,+0.007,29.0
2025-06-01T15:00:01.850,1.850,111,WD,L_Wrist,0x03,2,111,1.276,-0.420,-1.109,+0.299,-9.6,+9.8,+7.5,+0.524,+0.852,+0.011,29.0
2025-06-01T15:00:01.866,1.867,112,WD,L_Wrist,0x03,2,112,1.276,-0.412,-1.113,+0.293,-22.6,+19.7,+4.0,+0.525,+0.851,+0.015,29.0
2025-06-01T15:00:01.883,1.883,113,WD,L_Wrist,0x03,2,113,1.276,-0.393,-1.121,+0.278,-45.5,+37.2,+0.2,+0.526,+0.850,+0.028,29.0
2025-06-01T15:00:01.900,1.900,114,WD,L_Wrist,0x03,2,114,1.278,-0.373,-1.127,+0.262,-43.1,+36.1,-4.4,+0.524,+0.850,+0.049,29.0
2025-06-01T15:00:01.916,1.917,115,WD,L_Wrist,0x03,2,115,1.278,-0.363,-1.129,+0.255,-44.2,+44.1,-10.6,+0.522,+0.851,+0.060,29.0
2025-06-01T15:00:01.933,1.933,116,WD,L_Wrist,0x03,2,116,1.278,-0.346,-1.132,+0.248,-53.0,+61.2,-17.2,+0.517,+0.852,+0.084,29.0
2025-06-01T15:00:01.950,1.950,117,WD,L_Wrist,0x03,2,117,1.280,-0.333,-1.134,+0.248,-37.1,+47.6,-15.2,+0.511,+0.853,+0.105,29.0
2025-06-01T15:00:01.966,1.967,118,WD,L_Wrist,0x03,2,118,1.280,-0.327,-1.134,+0.247,-46.9,+57.8,-21.2,+0.507,+0.854,+0.117,29.0
2025-06-01T15:00:01.983,1.983,119,WD,L_Wrist,0x03,2,119,1.280,-0.318,-1.133,+0.241,-77.3,+93.7,-31.3,+0.496,+0.856,+0.145,29.0
2025-06-01T15:00:02.000,2.000,120,WD,L_Wrist,0x03,2,120,1.282,-0.313,-1.132,+0.229,-87.8,+114.6,-27.4,+0.483,+0.856,+0.182,29.0
2025-06-01T15:00:02.016,2.017,121,WD,L_Wrist,0x03,2,121,1.282,-0.314,-1.129,+0.218,-66.3,+95.7,-15.6,+0.470,+0.854,+0.221,29.0
2025-06-01T15:00:02.033,2.033,122,WD,L_Wrist,0x03,2,122,1.282,-0.317,-1.127,+0.214,-69.3,+107.6,-21.6,+0.463,+0.853,+0.241,29.0
2025-06-01T15:00:02.050,2.050,123,WD,L_Wrist,0x03,2,123,1.283,-0.321,-1.121,+0.208,-101.9,+153.7,-46.2,+0.444,+0.850,+0.284,29.0
2025-06-01T15:00:02.066,2.067,124,WD,L_Wrist,0x03,2,124,1.283,-0.317,-1.108,+0.204,-111.4,+160.3,-67.5,+0.415,+0.847,+0.331,29.0
2025-06-01T15:00:02.083,2.083,125,WD,L_Wrist,0x03,2,125,1.283,-0.310,-1.091,+0.203,-83.6,+119.4,-54.8,+0.380,+0.844,+0.378,29.0
2025-06-01T15:00:02.100,2.100,126,WD,L_Wrist,0x03,2,126,1.285,-0.308,-1.082,+0.206,-81.3,+123.5,-56.5,+0.362,+0.842,+0.400,29.0
2025-06-01T15:00:02.116,2.117,127,WD,L_Wrist,0x03,2,127,1.285,-0.305,-1.064,+0.216,-98.2,+171.8,-78.0,+0.324,+0.836,+0.442,29.0
2025-06-01T15:00:02.133,2.133,128,WD,L_Wrist,0x03,2,128,1.285,-0.299,-1.045,+0.237,-60.8,+131.6,-61.5,+0.280,+0.832,+0.480,29.0
2025-06-01T15:00:02.150,2.150,129,WD,L_Wrist,0x03,2,129,1.287,-0.296,-1.035,+0.252,-38.2,+126.0,-63.3,+0.257,+0.830,+0.495,29.0
2025-06-01T15:00:02.166,2.167,130,WD,L_Wrist,0x03,2,130,1.287,-0.292,-1.015,+0.289,-34.9,+157.7,-78.4,+0.213,+0.830,+0.516,29.0
2025-06-01T15:00:02.183,2.183,131,WD,L_Wrist,0x03,2,131,1.287,-0.294,-0.996,+0.326,-37.4,+151.6,-73.6,+0.172,+0.830,+0.531,29.0
2025-06-01T15:00:02.200,2.200,132,WD,L_Wrist,0x03,2,132,1.288,-0.300,-0.977,+0.354,-39.0,+113.8,-54.5,+0.131,+0.826,+0.549,29.0
2025-06-01T15:00:02.216,2.217,133,WD,L_Wrist,0x03,2,133,1.288,-0.302,-0.967,+0.362,-55.9,+107.6,-53.9,+0.109,+0.822,+0.560,29.0
2025-06-01T15:00:02.233,2.233,134,WD,L_Wrist,0x03,2,134,1.288,-0.304,-0.950,+0.364,-81.3,+124.5,-63.1,+0.070,+0.810,+0.582,29.0
2025-06-01T15:00:02.250,2.250,135,WD,L_Wrist,0x03,2,135,1.290,-0.302,-0.935,+0.348,-86.7,+95.0,-49.4,+0.038,+0.797,+0.603,29.0
2025-06-01T15:00:02.266,2.267,136,WD,L_Wrist,0x03,2,136,1.290,-0.297,-0.924,+0.316,-67.4,+55.1,-28.8,+0.014,+0.781,+0.624,29.0
2025-06-01T15:00:02.283,2.283,137,WD,L_Wrist,0x03,2,137,1.290,-0.295,-0.920,+0.297,-78.0,+41.5,-18.9,+0.004,+0.773,+0.635,29.0
2025-06-01T15:00:02.300,2.300,138,WD,L_Wrist,0x03,2,138,1.293,-0.297,-0.915,+0.252,-130.8,+50.2,-14.7,-0.010,+0.752,+0.659,29.0
2025-06-01T15:00:02.316,2.317,139,WD,L_Wrist,0x03,2,139,1.293,-0.309,-0.914,+0.198,-122.5,+36.2,-5.0,-0.021,+0.722,+0.692,29.0
2025-06-01T15:00:02.333,2.333,140,WD,L_Wrist,0x03,2,140,1.293,-0.318,-0.914,+0.168,-144.8,+32.3,-6.9,-0.027,+0.703,+0.711,29.0
2025-06-01T15:00:02.350,2.350,141,WD,L_Wrist,0x03,2,141,1.294,-0.340,-0.912,+0.109,-187.4,+28.8,-12.5,-0.037,+0.661,+0.749,29.0
2025-06-01T15:00:02.366,2.367,142,WD,L_Wrist,0x03,2,142,1.294,-0.363,-0.909,+0.058,-171.6,+6.3,-11.3,-0.044,+0.621,+0.782,29.0
2025-06-01T15:00:02.383,2.383,143,WD,L_Wrist,0x03,2,143,1.294,-0.380,-0.904,+0.010,-128.4,-4.5,-3.7,-0.044,+0.583,+0.811,29.0
2025-06-01T15:00:02.400,2.400,144,WD,L_Wrist,0x03,2,144,1.295,-0.384,-0.901,-0.015,-152.0,-4.1,+2.0,-0.043,+0.561,+0.827,29.0
2025-06-01T15:00:02.416,2.417,145,WD,L_Wrist,0x03,2,145,1.295,-0.377,-0.887,-0.069,-215.1,-1.7,+1.2,-0.042,+0.509,+0.860,29.0
2025-06-01T15:00:02.433,2.433,146,WD,L_Wrist,0x03,2,146,1.295,-0.350,-0.861,-0.117,-156.8,-1.4,-1.1,-0.042,+0.453,+0.890,29.0
2025-06-01T15:00:02.450,2.450,147,WD,L_Wrist,0x03,2,147,1.296,-0.331,-0.846,-0.136,-123.1,-10.1,+0.1,-0.041,+0.428,+0.903,29.0
2025-06-01T15:00:02.466,2.467,148,WD,L_Wrist,0x03,2,148,1.296,-0.285,-0.816,-0.161,-127.1,-23.2,+5.1,-0.037,+0.389,+0.921,29.0
2025-06-01T15:00:02.483,2.483,149,WD,L_Wrist,0x03,2,149,1.296,-0.234,-0.787,-0.178,-69.7,-23.2,+7.8,-0.028,+0.361,+0.932,29.0
2025-06-01T15:00:02.500,2.500,150,WD,L_Wrist,0x03,2,150,1.298,-0.205,-0.773,-0.187,-34.8,-29.1,+13.0,-0.022,+0.351,+0.936,29.0
2025-06-01T15:00:02.516,2.517,151,WD,L_Wrist,0x03,2,151,1.298,-0.147,-0.750,-0.204,-13.0,-45.9,+23.2,-0.009,+0.342,+0.940,29.0
2025-06-01T15:00:02.533,2.533,152,WD,L_Wrist,0x03,2,152,1.298,-0.096,-0.733,-0.228,+11.2,-57.5,+33.1,+0.007,+0.344,+0.939,29.0
2025-06-01T15:00:02.550,2.550,153,WD,L_Wrist,0x03,2,153,1.299,-0.065,-0.721,-0.266,+6.6,-50.2,+30.6,+0.029,+0.348,+0.937,29.0
2025-06-01T15:00:02.566,2.567,154,WD,L_Wrist,0x03,2,154,1.299,-0.062,-0.715,-0.292,-13.2,-58.2,+35.1,+0.041,+0.347,+0.937,29.0
2025-06-01T15:00:02.583,2.583,155,WD,L_Wrist,0x03,2,155,1.299,-0.082,-0.704,-0.357,-31.4,-84.0,+47.7,+0.067,+0.340,+0.938,29.0
2025-06-01T15:00:02.600,2.600,156,WD,L_Wrist,0x03,2,156,1.299,-0.137,-0.692,-0.431,-37.1,-91.2,+49.6,+0.096,+0.328,+0.940,29.0
2025-06-01T15:00:02.616,2.617,157,WD,L_Wrist,0x03,2,157,1.299,-0.220,-0.682,-0.506,-25.7,-71.4,+39.7,+0.127,+0.317,+0.940,29.0
2025-06-01T15:00:02.633,2.633,158,WD,L_Wrist,0x03,2,158,1.299,-0.267,-0.678,-0.542,-24.6,-74.3,+47.6,+0.143,+0.311,+0.940,29.0
2025-06-01T15:00:02.650,2.650,159,WD,L_Wrist,0x03,2,159,1.300,-0.361,-0.673,-0.611,-35.2,-97.0,+70.8,+0.176,+0.299,+0.938,29.0
2025-06-01T15:00:02.666,2.667,160,WD,L_Wrist,0x03,2,160,1.300,-0.444,-0.669,-0.674,-29.1,-68.5,+57.4,+0.208,+0.285,+0.936,29.0
2025-06-01T15:00:02.683,2.683,161,WD,L_Wrist,0x03,2,161,1.300,-0.478,-0.667,-0.701,-34.4,-60.5,+61.0,+0.223,+0.277,+0.935,29.0
2025-06-01T15:00:02.700,2.700,162,WD,L_Wrist,0x03,2,162,1.300,-0.529,-0.661,-0.748,-48.5,-73.2,+81.8,+0.250,+0.258,+0.933,29.0
2025-06-01T15:00:02.716,2.717,163,WD,L_Wrist,0x03,2,163,1.300,-0.562,-0.653,-0.782,-51.1,-64.5,+79.9,+0.275,+0.238,+0.932,29.0
2025-06-01T15:00:02.733,2.733,164,WD,L_Wrist,0x03,2,164,1.300,-0.578,-0.645,-0.806,-38.5,-42.5,+56.9,+0.296,+0.218,+0.930,29.0
2025-06-01T15:00:02.750,2.750,165,WD,L_Wrist,0x03,2,165,1.300,-0.580,-0.640,-0.814,-36.9,-31.7,+49.9,+0.305,+0.208,+0.929,29.0
2025-06-01T15:00:02.766,2.767,166,WD,L_Wrist,0x03,2,166,1.300,-0.571,-0.631,-0.827,-49.6,-30.5,+59.3,+0.319,+0.189,+0.929,29.0
2025-06-01T15:00:02.783,2.783,167,WD,L_Wrist,0x03,2,167,1.300,-0.550,-0.623,-0.842,-51.5,-16.6,+52.2,+0.328,+0.170,+0.929,29.0
2025-06-01T15:00:02.800,2.800,168,WD,L_Wrist,0x03,2,168,1.300,-0.523,-0.617,-0.860,-34.9,-4.5,+35.6,+0.333,+0.151,+0.931,29.0
2025-06-01T15:00:02.816,2.817,169,WD,L_Wrist,0x03,2,169,1.300,-0.509,-0.617,-0.867,-16.0,+7.1,+29.4,+0.334,+0.144,+0.931,29.0
2025-06-01T15:00:02.833,2.833,170,WD,L_Wrist,0x03,2,170,1.300,-0.481,-0.625,-0.873,-12.9,+19.7,+32.5,+0.332,+0.137,+0.933,29.0
2025-06-01T15:00:02.850,2.850,171,WD,L_Wrist,0x03,2,171,1.299,-0.458,-0.635,-0.876,-15.9,+20.8,+20.0,+0.326,+0.131,+0.936,29.0
2025-06-01T15:00:02.866,2.867,172,WD,L_Wrist,0x03,2,172,1.299,-0.449,-0.637,-0.880,-47.3,+26.2,+15.1,+0.322,+0.124,+0.939,29.0
2025-06-01T15:00:02.883,2.883,173,WD,L_Wrist,0x03,2,173,1.299,-0.432,-0.630,-0.896,-85.2,+43.9,+11.7,+0.313,+0.102,+0.944,29.0
2025-06-01T15:00:02.900,2.900,174,WD,L_Wrist,0x03,2,174,1.299,-0.407,-0.616,-0.911,-95.6,+61.3,-4.0,+0.299,+0.075,+0.951,29.0
2025-06-01T15:00:02.916,2.917,175,WD,L_Wrist,0x03,2,175,1.299,-0.369,-0.600,-0.920,-72.6,+57.0,-12.1,+0.279,+0.050,+0.959,29.0
2025-06-01T15:00:02.933,2.933,176,WD,L_Wrist,0x03,2,176,1.299,-0.346,-0.590,-0.923,-76.1,+69.7,-23.1,+0.267,+0.037,+0.963,29.0
2025-06-01T15:00:02.950,2.950,177,WD,L_Wrist,0x03,2,177,1.299,-0.298,-0.569,-0.924,-96.5,+104.7,-39.3,+0.239,+0.010,+0.971,29.0
2025-06-01T15:00:02.966,2.967,178,WD,L_Wrist,0x03,2,178,1.299,-0.245,-0.547,-0.916,-63.5,+87.9,-36.0,+0.207,-0.012,+0.978,29.0
2025-06-01T15:00:02.983,2.983,179,WD,L_Wrist,0x03,2,179,1.299,-0.217,-0.537,-0.908,-49.4,+98.3,-46.9,+0.189,-0.021,+0.982,29.0
2025-06-01T15:00:03.000,3.000,180,WD,L_Wrist,0x03,2,180,1.298,-0.161,-0.517,-0.883,-57.0,+142.1,-76.5,+0.152,-0.035,+0.988,29.0
2025-06-01T15:00:03.016,3.017,181,WD,L_Wrist,0x03,2,181,1.298,-0.106,-0.493,-0.850,-52.0,+165.4,-97.8,+0.109,-0.047,+0.993,29.0
2025-06-01T15:00:03.033,3.033,182,WD,L_Wrist,0x03,2,182,1.298,-0.053,-0.462,-0.807,-35.6,+132.8,-78.9,+0.059,-0.059,+0.997,29.0
2025-06-01T15:00:03.050,3.050,183,WD,L_Wrist,0x03,2,183,1.298,-0.034,-0.446,-0.785,-31.3,+113.9,-65.4,+0.035,-0.065,+0.997,29.0
2025-06-01T15:00:03.066,3.067,184,WD,L_Wrist,0x03,2,184,1.298,-0.017,-0.418,-0.748,-32.1,+109.5,-61.0,-0.004,-0.076,+0.997,29.0
2025-06-01T15:00:03.083,3.083,185,WD,L_Wrist,0x03,2,185,1.298,-0.032,-0.400,-0.724,-21.3,+59.9,-32.4,-0.026,-0.084,+0.996,29.0
2025-06-01T15:00:03.100,3.100,186,WD,L_Wrist,0x03,2,186,1.297,-0.038,-0.389,-0.714,-36.7,+90.1,-48.8,-0.038,-0.089,+0.995,29.0
2025-06-01T15:00:03.116,3.117,187,WD,L_Wrist,0x03,2,187,1.297,-0.030,-0.352,-0.687,-60.8,+157.1,-94.0,-0.076,-0.106,+0.991,29.0
2025-06-01T15:00:03.133,3.133,188,WD,L_Wrist,0x03,2,188,1.297,-0.000,-0.300,-0.653,-43.2,+129.0,-86.1,-0.122,-0.128,+0.984,29.0
2025-06-01T15:00:03.150,3.150,189,WD,L_Wrist,0x03,2,189,1.296,+0.017,-0.274,-0.636,-25.5,+102.0,-77.3,-0.144,-0.137,+0.980,29.0
2025-06-01T15:00:03.166,3.167,190,WD,L_Wrist,0x03,2,190,1.296,+0.047,-0.233,-0.613,-26.3,+98.8,-70.8,-0.174,-0.149,+0.973,29.0
2025-06-01T15:00:03.183,3.183,191,WD,L_Wrist,0x03,2,191,1.296,+0.075,-0.202,-0.605,-32.8,+73.0,-47.8,-0.194,-0.159,+0.968,29.0
2025-06-01T15:00:03.200,3.200,192,WD,L_Wrist,0x03,2,192,1.295,+0.109,-0.166,-0.596,-24.8,+50.2,-41.6,-0.211,-0.173,+0.962,29.0
2025-06-01T15:00:03.216,3.217,193,WD,L_Wrist,0x03,2,193,1.295,+0.126,-0.144,-0.588,-9.3,+43.1,-60.4,-0.218,-0.178,+0.960,29.0
2025-06-01T15:00:03.233,3.233,194,WD,L_Wrist,0x03,2,194,1.295,+0.150,-0.098,-0.564,-13.9,+44.4,-71.1,-0.228,-0.186,+0.956,29.0
2025-06-01T15:00:03.250,3.250,195,WD,L_Wrist,0x03,2,195,1.293,+0.149,-0.056,-0.537,-24.0,+21.8,-34.6,-0.235,-0.196,+0.952,29.0
2025-06-01T15:00:03.266,3.267,196,WD,L_Wrist,0x03,2,196,1.293,+0.138,-0.037,-0.526,-42.6,+9.1,-11.0,-0.237,-0.204,+0.950,29.0
2025-06-01T15:00:03.283,3.283,197,WD,L_Wrist,0x03,2,197,1.293,+0.101,-0.005,-0.505,-40.3,+5.2,-10.0,-0.238,-0.221,+0.946,29.0
2025-06-01T15:00:03.300,3.300,198,WD,L_Wrist,0x03,2,198,1.292,+0.053,+0.015,-0.485,-4.3,-5.3,-5.6,-0.238,-0.227,+0.944,29.0
2025-06-01T15:00:03.316,3.317,199,WD,L_Wrist,0x03,2,199,1.292,+0.001,+0.018,-0.472,+7.0,-14.4,+2.7,-0.235,-0.224,+0.946,29.0
2025-06-01T15:00:03.333,3.333,200,WD,L_Wrist,0x03,2,200,1.292,-0.026,+0.017,-0.473,-18.3,-38.3,+10.5,-0.231,-0.223,+0.947,29.0
2025-06-01T15:00:03.350,3.350,201,WD,L_Wrist,0x03,2,201,1.292,-0.078,+0.017,-0.496,-62.1,-74.3,+11.0,-0.215,-0.233,+0.949,29.0
2025-06-01T15:00:03.366,3.367,202,WD,L_Wrist,0x03,2,202,1.292,-0.124,+0.024,-0.540,-90.9,-97.4,+11.7,-0.191,-0.256,+0.948,29.0
2025-06-01T15:00:03.383,3.383,203,WD,L_Wrist,0x03,2,203,1.292,-0.159,+0.025,-0.596,-66.2,-80.4,+16.4,-0.163,-0.281,+0.946,29.0
2025-06-01T15:00:03.400,3.400,204,WD,L_Wrist,0x03,2,204,1.291,-0.172,+0.019,-0.624,-46.7,-84.0,+34.4,-0.149,-0.291,+0.945,29.0
2025-06-01T15:00:03.416,3.417,205,WD,L_Wrist,0x03,2,205,1.291,-0.187,-0.003,-0.678,-51.3,-113.5,+50.1,-0.123,-0.304,+0.945,29.0
2025-06-01T15:00:03.433,3.433,206,WD,L_Wrist,0x03,2,206,1.291,-0.184,-0.028,-0.731,-34.6,-85.9,+35.1,-0.096,-0.315,+0.944,29.0
2025-06-01T15:00:03.450,3.450,207,WD,L_Wrist,0x03,2,207,1.289,-0.177,-0.039,-0.755,-23.3,-89.5,+31.1,-0.082,-0.321,+0.943,29.0
2025-06-01T15:00:03.466,3.467,208,WD,L_Wrist,0x03,2,208,1.289,-0.158,-0.066,-0.794,-1.1,-126.9,+45.9,-0.053,-0.327,+0.944,29.0
2025-06-01T15:00:03.483,3.483,209,WD,L_Wrist,0x03,2,209,1.289,-0.150,-0.106,-0.818,+35.2,-133.9,+55.0,-0.021,-0.320,+0.947,29.0
2025-06-01T15:00:03.500,3.500,210,WD,L_Wrist,0x03,2,210,1.288,-0.163,-0.154,-0.826,+38.2,-100.6,+44.1,+0.011,-0.307,+0.952,29.0
2025-06-01T15:00:03.516,3.517,211,WD,L_Wrist,0x03,2,211,1.288,-0.176,-0.178,-0.826,+48.7,-92.6,+38.6,+0.027,-0.299,+0.954,29.0
2025-06-01T15:00:03.533,3.533,212,WD,L_Wrist,0x03,2,212,1.288,-0.211,-0.230,-0.817,+97.6,-112.9,+46.0,+0.056,-0.280,+0.958,29.0
2025-06-01T15:00:03.550,3.550,213,WD,L_Wrist,0x03,2,213,1.287,-0.250,-0.297,-0.799,+103.9,-78.7,+32.8,+0.082,-0.246,+0.966,29.0
2025-06-01T15:00:03.566,3.567,214,WD,L_Wrist,0x03,2,214,1.287,-0.271,-0.338,-0.788,+132.0,-75.2,+32.9,+0.095,-0.224,+0.970,29.0
2025-06-01T15:00:03.583,3.583,215,WD,L_Wrist,0x03,2,215,1.287,-0.316,-0.423,-0.766,+169.8,-98.5,+47.3,+0.121,-0.174,+0.977,29.0
2025-06-01T15:00:03.600,3.600,216,WD,L_Wrist,0x03,2,216,1.287,-0.361,-0.501,-0.751,+144.3,-90.5,+46.0,+0.146,-0.130,+0.981,29.0
2025-06-01T15:00:03.616,3.617,217,WD,L_Wrist,0x03,2,217,1.287,-0.401,-0.568,-0.744,+95.2,-60.2,+31.6,+0.169,-0.095,+0.981,29.0
2025-06-01T15:00:03.633,3.633,218,WD,L_Wrist,0x03,2,218,1.287,-0.418,-0.599,-0.742,+90.2,-48.0,+25.3,+0.179,-0.079,+0.981,29.0
2025-06-01T15:00:03.650,3.650,219,WD,L_Wrist,0x03,2,219,1.287,-0.445,-0.659,-0.740,+119.9,-58.1,+31.2,+0.195,-0.046,+0.980,29.0
2025-06-01T15:00:03.666,3.667,220,WD,L_Wrist,0x03,2,220,1.287,-0.468,-0.716,-0.739,+109.8,-51.7,+27.7,+0.211,-0.014,+0.977,29.0
2025-06-01T15:00:03.683,3.683,221,WD,L_Wrist,0x03,2,221,1.287,-0.486,-0.763,-0.742,+69.8,-34.6,+18.4,+0.225,+0.013,+0.974,29.0
2025-06-01T15:00:03.700,3.700,222,WD,L_Wrist,0x03,2,222,1.286,-0.493,-0.782,-0.746,+46.3,-28.9,+14.2,+0.230,+0.023,+0.973,29.0
2025-06-01T15:00:03.716,3.717,223,WD,L_Wrist,0x03,2,223,1.286,-0.503,-0.811,-0.758,+40.4,-36.5,+16.9,+0.241,+0.037,+0.970,29.0
2025-06-01T15:00:03.733,3.733,224,WD,L_Wrist,0x03,2,224,1.286,-0.509,-0.830,-0.775,+17.1,-34.5,+14.5,+0.251,+0.043,+0.967,29.0
2025-06-01T15:00:03.750,3.750,225,WD,L_Wrist,0x03,2,225,1.286,-0.510,-0.841,-0.792,+1.9,-23.2,+9.1,+0.261,+0.044,+0.964,29.0
2025-06-01T15:00:03.766,3.767,226,WD,L_Wrist,0x03,2,226,1.286,-0.509,-0.844,-0.801,-11.3,-15.5,+5.5,+0.265,+0.043,+0.963,29.0
2025-06-01T15:00:03.783,3.783,227,WD,L_Wrist,0x03,2,227,1.286,-0.503,-0.844,-0.814,-23.4,-14.8,+3.9,+0.270,+0.037,+0.962,29.0
2025-06-01T15:00:03.800,3.800,228,WD,L_Wrist,0x03,2,228,1.285,-0.497,-0.839,-0.822,-26.6,-12.0,-0.1,+0.273,+0.029,+0.962,29.0
2025-06-01T15:00:03.816,3.817,229,WD,L_Wrist,0x03,2,229,1.285,-0.494,-0.833,-0.822,-17.8,-9.1,-2.6,+0.276,+0.022,+0.961,29.0
2025-06-01T15:00:03.833,3.833,230,WD,L_Wrist,0x03,2,230,1.285,-0.494,-0.830,-0.818,-11.5,-6.2,-7.6,+0.278,+0.020,+0.960,29.0
2025-06-01T15:00:03.850,3.850,231,WD,L_Wrist,0x03,2,231,1.285,-0.493,-0.823,-0.806,-8.8,-1.0,-15.6,+0.280,+0.017,+0.960,29.0
2025-06-01T15:00:03.866,3.867,232,WD,L_Wrist,0x03,2,232,1.285,-0.491,-0.816,-0.789,-2.9,+5.2,-15.3,+0.278,+0.017,+0.960,29.0
2025-06-01T15:00:03.883,3.883,233,WD,L_Wrist,0x03,2,233,1.285,-0.489,-0.813,-0.780,-4.0,+11.3,-17.7,+0.277,+0.018,+0.961,29.0
2025-06-01T15:00:03.900,3.900,234,WD,L_Wrist,0x03,2,234,1.285,-0.486,-0.802,-0.765,-12.1,+19.3,-24.8,+0.272,+0.018,+0.962,29.0
2025-06-01T15:00:03.916,3.917,235,WD,L_Wrist,0x03,2,235,1.285,-0.481,-0.787,-0.758,-14.5,+17.3,-19.7,+0.266,+0.015,+0.964,29.0
2025-06-01T15:00:03.933,3.933,236,WD,L_Wrist,0x03,2,236,1.285,-0.479,-0.778,-0.758,-20.0,+20.9,-21.7,+0.262,+0.013,+0.965,29.0
2025-06-01T15:00:03.950,3.950,237,WD,L_Wrist,0x03,2,237,1.285,-0.473,-0.757,-0.762,-33.4,+29.9,-28.9,+0.254,+0.007,+0.967,29.0
2025-06-01T15:00:03.966,3.967,238,WD,L_Wrist,0x03,2,238,1.285,-0.468,-0.732,-0.775,-49.0,+31.6,-25.8,+0.245,-0.002,+0.969,29.0
2025-06-01T15:00:03.983,3.983,239,WD,L_Wrist,0x03,2,239,1.285,-0.465,-0.701,-0.795,-49.2,+25.1,-16.7,+0.236,-0.017,+0.972,29.0
2025-06-01T15:00:04.000,4.000,240,WD,L_Wrist,0x03,2,240,1.285,-0.462,-0.683,-0.808,-66.1,+30.7,-16.4,+0.231,-0.027,+0.973,29.0
2025-06-01T15:00:04.016,4.017,241,WD,L_Wrist,0x03,2,241,1.285,-0.453,-0.640,-0.836,-99.4,+46.7,-23.7,+0.219,-0.052,+0.974,29.0
2025-06-01T15:00:04.033,4.033,242,WD,L_Wrist,0x03,2,242,1.285,-0.438,-0.592,-0.865,-80.7,+37.4,-19.0,+0.205,-0.080,+0.975,29.0
2025-06-01T15:00:04.050,4.050,243,WD,L_Wrist,0x03,2,243,1.284,-0.430,-0.566,-0.878,-87.8,+35.5,-18.7,+0.199,-0.095,+0.975,29.0
2025-06-01T15:00:04.066,4.067,244,WD,L_Wrist,0x03,2,244,1.284,-0.414,-0.513,-0.905,-126.4,+44.6,-21.7,+0.186,-0.128,+0.974,29.0
2025-06-01T15:00:04.083,4.083,245,WD,L_Wrist,0x03,2,245,1.284,-0.398,-0.457,-0.930,-143.5,+47.8,-18.5,+0.175,-0.165,+0.971,29.0
2025-06-01T15:00:04.100,4.100,246,WD,L_Wrist,0x03,2,246,1.285,-0.379,-0.395,-0.951,-122.1,+41.3,-11.5,+0.161,-0.207,+0.965,29.0
2025-06-01T15:00:04.116,4.117,247,WD,L_Wrist,0x03,2,247,1.285,-0.367,-0.360,-0.960,-154.7,+48.8,-6.5,+0.153,-0.232,+0.961,29.0
2025-06-01T15:00:04.133,4.133,248,WD,L_Wrist,0x03,2,248,1.285,-0.344,-0.279,-0.976,-235.8,+69.2,+0.2,+0.135,-0.293,+0.947,29.0
2025-06-01T15:00:04.150,4.150,249,WD,L_Wrist,0x03,2,249,1.285,-0.323,-0.187,-0.983,-184.0,+55.6,+5.3,+0.115,-0.362,+0.925,29.0
2025-06-01T15:00:04.166,4.167,250,WD,L_Wrist,0x03,2,250,1.285,-0.312,-0.145,-0.981,-140.0,+63.9,+0.2,+0.104,-0.393,+0.914,29.0
2025-06-01T15:00:04.183,4.183,251,WD,L_Wrist,0x03,2,251,1.285,-0.283,-0.081,-0.962,-127.8,+96.4,-4.4,+0.081,-0.436,+0.896,29.0
2025-06-01T15:00:04.200,4.200,252,WD,L_Wrist,0x03,2,252,1.285,-0.246,-0.040,-0.927,-93.3,+112.7,-8.3,+0.055,-0.460,+0.886,29.0
2025-06-01T15:00:04.216,4.217,253,WD,L_Wrist,0x03,2,253,1.285,-0.200,+0.004,-0.881,-79.3,+94.4,-5.0,+0.025,-0.484,+0.875,29.0
2025-06-01T15:00:04.233,4.233,254,WD,L_Wrist,0x03,2,254,1.285,-0.175,+0.031,-0.855,-95.6,+107.4,-7.7,+0.008,-0.500,+0.866,29.0
2025-06-01T15:00:04.250,4.250,255,WD,L_Wrist,0x03,2,255,1.285,-0.120,+0.087,-0.796,-110.6,+146.9,-11.7,-0.027,-0.532,+0.846,29.0
2025-06-01T15:00:04.266,4.267,256,WD,L_Wrist,0x03,2,256,1.285,-0.063,+0.131,-0.731,-61.1,+107.4,-10.1,-0.061,-0.555,+0.830,29.0
2025-06-01T15:00:04.283,4.283,257,WD,L_Wrist,0x03,2,257,1.285,-0.037,+0.149,-0.698,-26.4,+104.0,-10.3,-0.076,-0.562,+0.824,29.0
2025-06-01T15:00:04.300,4.300,258,WD,L_Wrist,0x03,2,258,1.285,+0.011,+0.170,-0.628,+1.7,+141.8,-10.6,-0.107,-0.568,+0.816,29.0
2025-06-01T15:00:04.316,4.317,259,WD,L_Wrist,0x03,2,259,1.285,+0.051,+0.175,-0.556,+39.0,+132.4,-7.7,-0.140,-0.562,+0.815,29.0
2025-06-01T15:00:04.333,4.333,260,WD,L_Wrist,0x03,2,260,1.285,+0.077,+0.169,-0.495,+37.7,+82.3,-5.2,-0.167,-0.550,+0.818,29.0
2025-06-01T15:00:04.350,4.350,261,WD,L_Wrist,0x03,2,261,1.285,+0.084,+0.166,-0.474,+27.2,+48.9,-4.9,-0.177,-0.545,+0.820,29.0
2025-06-01T15:00:04.366,4.367,262,WD,L_Wrist,0x03,2,262,1.285,+0.089,+0.161,-0.451,+40.9,+58.1,-4.4,-0.189,-0.538,+0.822,29.0
2025-06-01T15:00:04.383,4.383,263,WD,L_Wrist,0x03,2,263,1.285,+0.096,+0.148,-0.437,+60.8,+65.3,+3.1,-0.204,-0.525,+0.826,29.0
2025-06-01T15:00:04.400,4.400,264,WD,L_Wrist,0x03,2,264,1.285,+0.104,+0.124,-0.430,+49.1,+47.0,+7.2,-0.221,-0.508,+0.832,29.0
2025-06-01T15:00:04.416,4.417,265,WD,L_Wrist,0x03,2,265,1.285,+0.106,+0.112,-0.432,+20.9,+23.9,+11.6,-0.229,-0.501,+0.835,29.0
2025-06-01T15:00:04.433,4.433,266,WD,L_Wrist,0x03,2,266,1.285,+0.107,+0.096,-0.451,-16.0,+4.2,+16.6,-0.236,-0.496,+0.835,29.0
2025-06-01T15:00:04.450,4.450,267,WD,L_Wrist,0x03,2,267,1.285,+0.107,+0.094,-0.489,-39.0,-12.6,+13.3,-0.236,-0.506,+0.830,29.0
2025-06-01T15:00:04.466,4.467,268,WD,L_Wrist,0x03,2,268,1.285,+0.110,+0.095,-0.509,-47.9,-23.2,+16.5,-0.234,-0.513,+0.826,29.0
2025-06-01T15:00:04.483,4.483,269,WD,L_Wrist,0x03,2,269,1.285,+0.116,+0.095,-0.551,-58.2,-43.4,+24.0,-0.229,-0.527,+0.818,29.0
2025-06-01T15:00:04.500,4.500,270,WD,L_Wrist,0x03,2,270,1.286,+0.119,+0.091,-0.591,-45.7,-55.6,+25.4,-0.221,-0.538,+0.814,29.0
2025-06-01T15:00:04.516,4.517,271,WD,L_Wrist,0x03,2,271,1.286,+0.121,+0.084,-0.625,-28.6,-44.2,+20.3,-0.211,-0.545,+0.811,29.0
2025-06-01T15:00:04.533,4.533,272,WD,L_Wrist,0x03,2,272,1.286,+0.121,+0.080,-0.639,-30.6,-45.8,+24.8,-0.206,-0.549,+0.810,29.0
2025-06-01T15:00:04.550,4.550,273,WD,L_Wrist,0x03,2,273,1.286,+0.116,+0.073,-0.659,-44.0,-67.3,+34.5,-0.197,-0.557,+0.807,29.0
2025-06-01T15:00:04.566,4.567,274,WD,L_Wrist,0x03,2,274,1.286,+0.099,+0.068,-0.671,-39.9,-81.3,+31.4,-0.186,-0.565,+0.804,29.0
2025-06-01T15:00:04.583,4.583,275,WD,L_Wrist,0x03,2,275,1.286,+0.068,+0.062,-0.682,-22.0,-69.7,+19.7,-0.170,-0.572,+0.802,29.0
2025-06-01T15:00:04.600,4.600,276,WD,L_Wrist,0x03,2,276,1.286,+0.049,+0.059,-0.689,-8.3,-75.6,+16.5,-0.160,-0.574,+0.803,29.0
2025-06-01T15:00:04.616,4.617,277,WD,L_Wrist,0x03,2,277,1.286,+0.008,+0.051,-0.703,+1.1,-102.1,+20.5,-0.140,-0.574,+0.807,29.0
2025-06-01T15:00:04.633,4.633,278,WD,L_Wrist,0x03,2,278,1.286,-0.036,+0.042,-0.722,+15.4,-103.8,+18.4,-0.119,-0.572,+0.812,29.0
2025-06-01T15:00:04.650,4.650,279,WD,L_Wrist,0x03,2,279,1.287,-0.081,+0.033,-0.747,+18.8,-78.8,+12.5,-0.097,-0.566,+0.819,29.0
2025-06-01T15:00:04.666,4.667,280,WD,L_Wrist,0x03,2,280,1.287,-0.103,+0.028,-0.763,+25.6,-76.9,+11.3,-0.086,-0.562,+0.823,29.0
2025-06-01T15:00:04.683,4.683,281,WD,L_Wrist,0x03,2,281,1.287,-0.143,+0.017,-0.796,+39.7,-97.2,+16.1,-0.064,-0.553,+0.831,29.0
2025-06-01T15:00:04.700,4.700,282,WD,L_Wrist,0x03,2,282,1.288,-0.178,+0.005,-0.833,+47.5,-94.5,+17.4,-0.044,-0.542,+0.839,29.0
2025-06-01T15:00:04.716,4.717,283,WD,L_Wrist,0x03,2,283,1.288,-0.213,-0.010,-0.873,+40.0,-73.5,+13.9,-0.023,-0.529,+0.848,29.0
2025-06-01T15:00:04.733,4.733,284,WD,L_Wrist,0x03,2,284,1.288,-0.230,-0.017,-0.894,+40.4,-77.6,+13.5,-0.012,-0.522,+0.853,29.0
2025-06-01T15:00:04.750,4.750,285,WD,L_Wrist,0x03,2,285,1.289,-0.265,-0.030,-0.937,+48.2,-101.3,+19.5,+0.011,-0.509,+0.861,29.0
2025-06-01T15:00:04.766,4.767,286,WD,L_Wrist,0x03,2,286,1.289,-0.297,-0.039,-0.977,+31.1,-72.1,+16.4,+0.033,-0.498,+0.866,29.0
2025-06-01T15:00:04.783,4.783,287,WD,L_Wrist,0x03,2,287,1.289,-0.311,-0.043,-0.996,+26.5,-64.5,+19.3,+0.043,-0.494,+0.869,29.0
2025-06-01T15:00:04.800,4.800,288,WD,L_Wrist,0x03,2,288,1.291,-0.337,-0.052,-1.028,+34.1,-77.7,+26.6,+0.060,-0.485,+0.872,29.0
2025-06-01T15:00:04.816,4.817,289,WD,L_Wrist,0x03,2,289,1.291,-0.356,-0.060,-1.054,+26.7,-52.7,+18.3,+0.075,-0.477,+0.876,29.0
2025-06-01T15:00:04.833,4.833,290,WD,L_Wrist,0x03,2,290,1.291,-0.363,-0.065,-1.064,+31.3,-45.7,+11.3,+0.082,-0.473,+0.877,29.0
2025-06-01T15:00:04.850,4.850,291,WD,L_Wrist,0x03,2,291,1.292,-0.371,-0.075,-1.079,+42.2,-50.6,+8.6,+0.095,-0.462,+0.882,29.0
2025-06-01T15:00:04.866,4.867,292,WD,L_Wrist,0x03,2,292,1.292,-0.369,-0.083,-1.085,+34.8,-34.4,+3.2,+0.106,-0.451,+0.886,29.0
2025-06-01T15:00:04.883,4.883,293,WD,L_Wrist,0x03,2,293,1.292,-0.361,-0.088,-1.087,+19.5,-17.0,+1.1,+0.112,-0.444,+0.889,29.0
2025-06-01T15:00:04.900,4.900,294,WD,L_Wrist,0x03,2,294,1.293,-0.355,-0.089,-1.086,+20.7,-10.6,-1.8,+0.114,-0.441,+0.890,29.0
2025-06-01T15:00:04.916,4.917,295,WD,L_Wrist,0x03,2,295,1.293,-0.343,-0.096,-1.082,+35.1,-9.9,-6.7,+0.118,-0.433,+0.893,29.0
2025-06-01T15:00:04.933,4.933,296,WD,L_Wrist,0x03,2,296,1.293,-0.330,-0.107,-1.076,+29.0,-3.1,-7.8,+0.121,-0.423,+0.898,29.0
2025-06-01T15:00:04.950,4.950,297,WD,L_Wrist,0x03,2,297,1.294,-0.323,-0.113,-1.073,+25.9,+8.7,-10.4,+0.122,-0.418,+0.900,29.0
2025-06-01T15:00:04.966,4.967,298,WD,L_Wrist,0x03,2,298,1.294,-0.305,-0.123,-1.065,+31.9,+31.7,-17.7,+0.119,-0.408,+0.905,29.0
2025-06-01T15:00:04.983,4.983,299,WD,L_Wrist,0x03,2,299,1.294,-0.281,-0.132,-1.052,+31.0,+52.7,-22.7,+0.109,-0.400,+0.910,29.0
2025-06-01T15:00:05.000,5.000,300,WD,L_Wrist,0x03,2,300,1.295,-0.256,-0.141,-1.036,+21.3,+43.0,-18.2,+0.096,-0.391,+0.916,29.0
2025-06-01T15:00:05.016,5.017,301,WD,L_Wrist,0x03,2,301,1.295,-0.247,-0.144,-1.028,+11.2,+30.0,-13.7,+0.090,-0.387,+0.918,29.0
2025-06-01T15:00:05.033,5.033,302,WD,L_Wrist,0x03,2,302,1.295,-0.239,-0.148,-1.018,+5.9,+30.2,-15.6,+0.083,-0.384,+0.920,29.0
2025-06-01T15:00:05.050,5.050,303,WD,L_Wrist,0x03,2,303,1.295,-0.238,-0.148,-1.008,-2.4,+26.3,-14.3,+0.078,-0.383,+0.920,29.0
2025-06-01T15:00:05.066,5.067,304,WD,L_Wrist,0x03,2,304,1.295,-0.234,-0.146,-1.002,-14.4,+51.1,-26.2,+0.072,-0.385,+0.920,29.0
2025-06-01T15:00:05.083,5.083,305,WD,L_Wrist,0x03,2,305,1.295,-0.217,-0.134,-0.984,-21.7,+84.9,-40.7,+0.056,-0.390,+0.919,29.0
2025-06-01T15:00:05.100,5.100,306,WD,L_Wrist,0x03,2,306,1.298,-0.194,-0.122,-0.962,-9.7,+88.9,-36.8,+0.036,-0.395,+0.918,29.0
2025-06-01T15:00:05.116,5.117,307,WD,L_Wrist,0x03,2,307,1.298,-0.175,-0.118,-0.936,+1.0,+60.8,-21.4,+0.017,-0.394,+0.919,29.0
2025-06-01T15:00:05.133,5.133,308,WD,L_Wrist,0x03,2,308,1.298,-0.167,-0.117,-0.925,-14.0,+53.5,-18.6,+0.009,-0.394,+0.919,29.0
2025-06-01T15:00:05.150,5.150,309,WD,L_Wrist,0x03,2,309,1.299,-0.154,-0.104,-0.906,-58.7,+68.4,-28.8,-0.007,-0.402,+0.916,29.0
2025-06-01T15:00:05.166,5.167,310,WD,L_Wrist,0x03,2,310,1.299,-0.140,-0.070,-0.894,-98.6,+65.2,-30.8,-0.021,-0.425,+0.905,29.0
2025-06-01T15:00:05.183,5.183,311,WD,L_Wrist,0x03,2,311,1.299,-0.128,-0.030,-0.885,-75.0,+47.8,-20.2,-0.034,-0.454,+0.890,29.0
2025-06-01T15:00:05.200,5.200,312,WD,L_Wrist,0x03,2,312,1.302,-0.121,-0.015,-0.879,-39.4,+48.8,-14.9,-0.041,-0.465,+0.884,29.0
2025-06-01T15:00:05.216,5.217,313,WD,L_Wrist,0x03,2,313,1.302,-0.107,+0.000,-0.863,-10.6,+63.5,-17.9,-0.055,-0.475,+0.879,29.0
2025-06-01T15:00:05.233,5.233,314,WD,L_Wrist,0x03,2,314,1.302,-0.092,-0.001,-0.843,+23.7,+55.7,-18.8,-0.068,-0.471,+0.880,29.0
2025-06-01T15:00:05.250,5.250,315,WD,L_Wrist,0x03,2,315,1.303,-0.079,-0.006,-0.824,+21.5,+34.1,-13.7,-0.078,-0.463,+0.883,29.0
2025-06-01T15:00:05.266,5.267,316,WD,L_Wrist,0x03,2,316,1.303,-0.074,-0.007,-0.816,+8.1,+22.4,-7.8,-0.082,-0.460,+0.884,29.0
2025-06-01T15:00:05.283,5.283,317,WD,L_Wrist,0x03,2,317,1.303,-0.067,-0.007,-0.804,-3.3,+25.4,-5.3,-0.088,-0.459,+0.884,29.0
2025-06-01T15:00:05.300,5.300,318,WD,L_Wrist,0x03,2,318,1.304,-0.060,-0.002,-0.795,-10.3,+28.4,-4.6,-0.094,-0.462,+0.882,29.0
2025-06-01T15:00:05.316,5.317,319,WD,L_Wrist,0x03,2,319,1.304,-0.047,+0.003,-0.783,-4.0,+25.0,-5.9,-0.101,-0.465,+0.880,29.0
2025-06-01T15:00:05.333,5.333,320,WD,L_Wrist,0x03,2,320,1.304,-0.040,+0.005,-0.776,+5.7,+24.7,-7.3,-0.105,-0.465,+0.879,29.0
2025-06-01T15:00:05.350,5.350,321,WD,L_Wrist,0x03,2,321,1.305,-0.025,+0.005,-0.763,+11.3,+25.3,-6.4,-0.112,-0.462,+0.880,29.0
2025-06-01T15:00:05.366,5.367,322,WD,L_Wrist,0x03,2,322,1.305,-0.013,+0.003,-0.752,+8.4,+11.8,-2.0,-0.116,-0.459,+0.881,29.0
2025-06-01T15:00:05.383,5.383,323,WD,L_Wrist,0x03,2,323,1.305,-0.009,+0.002,-0.748,+5.8,+3.8,-1.9,-0.117,-0.458,+0.881,29.0
2025-06-01T15:00:05.400,5.400,324,WD,L_Wrist,0x03,2,324,1.306,-0.002,+0.002,-0.742,+2.9,+1.8,-5.1,-0.117,-0.457,+0.882,29.0
2025-06-01T15:00:05.416,5.417,325,WD,L_Wrist,0x03,2,325,1.306,+0.003,+0.004,-0.739,-11.6,+1.4,-5.8,-0.117,-0.457,+0.882,29.0
2025-06-01T15:00:05.433,5.433,326,WD,L_Wrist,0x03,2,326,1.306,+0.008,+0.011,-0.738,-20.6,+2.1,-2.6,-0.117,-0.463,+0.879,29.0
2025-06-01T15:00:05.450,5.450,327,WD,L_Wrist,0x03,2,327,1.308,+0.010,+0.016,-0.739,-32.3,+2.5,+0.1,-0.117,-0.468,+0.876,29.0
2025-06-01T15:00:05.466,5.467,328,WD,L_Wrist,0x03,2,328,1.308,+0.013,+0.029,-0.741,-41.7,+0.9,-0.2,-0.118,-0.479,+0.870,29.0
2025-06-01T15:00:05.483,5.483,329,WD,L_Wrist,0x03,2,329,1.308,+0.013,+0.039,-0.744,-25.6,-2.3,-1.0,-0.117,-0.489,+0.864,29.0
2025-06-01T15:00:05.500,5.500,330,WD,L_Wrist,0x03,2,330,1.309,+0.013,+0.042,-0.747,-13.2,-8.4,+1.7,-0.116,-0.492,+0.863,29.0
2025-06-01T15:00:05.516,5.517,331,WD,L_Wrist,0x03,2,331,1.309,+0.009,+0.043,-0.752,-8.1,-16.5,+8.2,-0.114,-0.496,+0.861,29.0
2025-06-01T15:00:05.533,5.533,332,WD,L_Wrist,0x03,2,332,1.309,+0.002,+0.038,-0.760,-0.7,-18.3,+13.4,-0.111,-0.496,+0.861,29.0
2025-06-01T15:00:05.550,5.550,333,WD,L_Wrist,0x03,2,333,1.309,-0.005,+0.031,-0.767,+1.0,-13.2,+10.7,-0.108,-0.495,+0.862,29.0
2025-06-01T15:00:05.566,5.567,334,WD,L_Wrist,0x03,2,334,1.309,-0.009,+0.028,-0.771,+2.2,-17.1,+8.6,-0.107,-0.495,+0.862,29.0
2025-06-01T15:00:05.583,5.583,335,WD,L_Wrist,0x03,2,335,1.309,-0.018,+0.021,-0.782,+7.4,-32.5,+7.1,-0.102,-0.493,+0.864,29.0
2025-06-01T15:00:05.600,5.600,336,WD,L_Wrist,0x03,2,336,1.310,-0.031,+0.014,-0.797,+9.1,-31.1,+1.8,-0.093,-0.490,+0.867,29.0
2025-06-01T15:00:05.616,5.617,337,WD,L_Wrist,0x03,2,337,1.310,-0.038,+0.011,-0.805,+8.5,-30.8,-0.6,-0.087,-0.489,+0.868,29.0
2025-06-01T15:00:05.633,5.633,338,WD,L_Wrist,0x03,2,338,1.310,-0.050,+0.006,-0.818,+3.1,-34.0,+4.2,-0.077,-0.486,+0.870,29.0
2025-06-01T15:00:05.650,5.650,339,WD,L_Wrist,0x03,2,339,1.310,-0.060,+0.002,-0.829,-7.1,-28.1,+11.9,-0.071,-0.487,+0.871,29.0
2025-06-01T15:00:05.666,5.667,340,WD,L_Wrist,0x03,2,340,1.310,-0.070,-0.000,-0.840,-6.8,-21.2,+10.0,-0.066,-0.489,+0.870,29.0
2025-06-01T15:00:05.683,5.683,341,WD,L_Wrist,0x03,2,341,1.310,-0.075,-0.002,-0.845,-0.2,-24.8,+5.5,-0.063,-0.490,+0.869,29.0
2025-06-01T15:00:05.700,5.700,342,WD,L_Wrist,0x03,2,342,1.310,-0.086,-0.005,-0.855,+6.1,-35.7,+7.4,-0.055,-0.489,+0.870,29.0
2025-06-01T15:00:05.716,5.717,343,WD,L_Wrist,0x03,2,343,1.310,-0.097,-0.012,-0.865,+8.9,-34.8,+13.0,-0.047,-0.487,+0.872,29.0
2025-06-01T15:00:05.733,5.733,344,WD,L_Wrist,0x03,2,344,1.310,-0.107,-0.019,-0.873,+5.9,-23.0,+12.7,-0.041,-0.484,+0.874,29.0
2025-06-01T15:00:05.750,5.750,345,WD,L_Wrist,0x03,2,345,1.309,-0.111,-0.022,-0.876,+6.2,-17.6,+9.1,-0.039,-0.483,+0.875,29.0
2025-06-01T15:00:05.766,5.767,346,WD,L_Wrist,0x03,2,346,1.309,-0.117,-0.027,-0.882,+10.9,-20.2,+5.8,-0.035,-0.481,+0.876,29.0
2025-06-01T15:00:05.783,5.783,347,WD,L_Wrist,0x03,2,347,1.309,-0.121,-0.032,-0.887,+10.3,-13.0,+1.1,-0.030,-0.478,+0.878,29.0
2025-06-01T15:00:05.800,5.800,348,WD,L_Wrist,0x03,2,348,1.309,-0.122,-0.035,-0.889,+12.2,-11.6,+1.7,-0.028,-0.476,+0.879,29.0
2025-06-01T15:00:05.816,5.817,349,WD,L_Wrist,0x03,2,349,1.309,-0.126,-0.040,-0.894,+17.5,-20.9,+3.0,-0.025,-0.471,+0.882,29.0
2025-06-01T15:00:05.833,5.833,350,WD,L_Wrist,0x03,2,350,1.309,-0.134,-0.047,-0.901,+18.5,-32.3,+1.9,-0.019,-0.467,+0.884,29.0
2025-06-01T15:00:05.850,5.850,351,WD,L_Wrist,0x03,2,351,1.309,-0.145,-0.052,-0.912,+13.6,-27.2,+0.8,-0.009,-0.462,+0.887,29.0
2025-06-01T15:00:05.866,5.867,352,WD,L_Wrist,0x03,2,352,1.309,-0.150,-0.055,-0.916,+10.8,-11.3,+2.7,-0.005,-0.460,+0.888,29.0
2025-06-01T15:00:05.883,5.883,353,WD,L_Wrist,0x03,2,353,1.309,-0.152,-0.060,-0.920,+12.0,+8.2,+6.5,-0.004,-0.456,+0.890,29.0
2025-06-01T15:00:05.900,5.900,354,WD,L_Wrist,0x03,2,354,1.308,-0.144,-0.065,-0.917,+8.3,+17.4,+5.9,-0.011,-0.453,+0.891,29.0
2025-06-01T15:00:05.916,5.917,355,WD,L_Wrist,0x03,2,355,1.308,-0.140,-0.067,-0.915,+10.3,+8.9,+4.0,-0.014,-0.452,+0.892,29.0
2025-06-01T15:00:05.933,5.933,356,WD,L_Wrist,0x03,2,356,1.308,-0.138,-0.073,-0.915,+15.0,-2.5,+3.0,-0.016,-0.448,+0.894,29.0
2025-06-01T15:00:05.950,5.950,357,WD,L_Wrist,0x03,2,357,1.308,-0.141,-0.078,-0.918,+11.8,-7.5,+1.5,-0.014,-0.444,+0.896,29.0
2025-06-01T15:00:05.966,5.967,358,WD,L_Wrist,0x03,2,358,1.308,-0.143,-0.080,-0.919,+3.9,-0.3,+0.4,-0.013,-0.442,+0.897,29.0
2025-06-01T15:00:05.983,5.983,359,WD,L_Wrist,0x03,2,359,1.308,-0.141,-0.080,-0.918,-3.4,+5.6,-2.8,-0.014,-0.442,+0.897,29.0
2025-06-01T15:00:06.000,6.000,360,WD,L_Wrist,0x03,2,360,1.308,-0.138,-0.075,-0.916,-5.7,+2.5,-6.8,-0.015,-0.444,+0.896,29.0
2025-06-01T15:00:06.016,6.017,361,WD,L_Wrist,0x03,2,361,1.308,-0.139,-0.071,-0.916,-2.3,-3.7,-5.8,-0.013,-0.445,+0.895,29.0
2025-06-01T15:00:06.033,6.033,362,WD,L_Wrist,0x03,2,362,1.308,-0.140,-0.070,-0.917,+1.5,-5.3,-2.9,-0.012,-0.445,+0.895,29.0
2025-06-01T15:00:06.050,6.050,363,WD,L_Wrist,0x03,2,363,1.307,-0.143,-0.069,-0.916,+1.6,-0.2,-1.1,-0.010,-0.444,+0.896,29.0
2025-06-01T15:00:06.066,6.067,364,WD,L_Wrist,0x03,2,364,1.307,-0.142,-0.068,-0.913,-0.1,+11.3,-1.1,-0.011,-0.444,+0.896,29.0
2025-06-01T15:00:06.083,6.083,365,WD,L_Wrist,0x03,2,365,1.307,-0.137,-0.066,-0.907,+0.5,+22.3,-4.9,-0.015,-0.444,+0.896,29.0
2025-06-01T15:00:06.100,6.100,366,WD,L_Wrist,0x03,2,366,1.307,-0.128,-0.064,-0.897,+1.4,+22.1,-5.9,-0.022,-0.444,+0.896,29.0
2025-06-01T15:00:06.116,6.117,367,WD,L_Wrist,0x03,2,367,1.307,-0.122,-0.063,-0.891,+1.2,+23.1,-6.2,-0.025,-0.444,+0.896,29.0
2025-06-01T15:00:06.133,6.133,368,WD,L_Wrist,0x03,2,368,1.307,-0.112,-0.060,-0.881,+3.4,+19.0,-4.6,-0.032,-0.443,+0.896,29.0
2025-06-01T15:00:06.150,6.150,369,WD,L_Wrist,0x03,2,369,1.306,-0.109,-0.061,-0.876,+4.9,+2.5,+0.1,-0.034,-0.442,+0.896,29.0
2025-06-01T15:00:06.166,6.167,370,WD,L_Wrist,0x03,2,370,1.306,-0.110,-0.062,-0.875,+3.4,-5.1,+2.7,-0.033,-0.441,+0.897,29.0
2025-06-01T15:00:06.183,6.183,371,WD,L_Wrist,0x03,2,371,1.306,-0.112,-0.064,-0.874,-10.8,+3.0,+0.0,-0.032,-0.440,+0.897,29.0
2025-06-01T15:00:06.200,6.200,372,WD,L_Wrist,0x03,2,372,1.306,-0.108,-0.056,-0.871,-37.1,+18.4,-5.7,-0.035,-0.446,+0.894,29.0
2025-06-01T15:00:06.216,6.217,373,WD,L_Wrist,0x03,2,373,1.306,-0.100,-0.039,-0.867,-39.4,+16.2,-4.6,-0.040,-0.460,+0.887,29.0
2025-06-01T15:00:06.233,6.233,374,WD,L_Wrist,0x03,2,374,1.306,-0.098,-0.030,-0.867,-37.2,+5.7,+1.5,-0.042,-0.467,+0.883,29.0
2025-06-01T15:00:06.250,6.250,375,WD,L_Wrist,0x03,2,375,1.306,-0.098,-0.017,-0.867,-25.4,+4.4,+5.5,-0.044,-0.479,+0.877,29.0
2025-06-01T15:00:06.266,6.267,376,WD,L_Wrist,0x03,2,376,1.306,-0.099,-0.019,-0.863,+13.1,+13.3,+3.1,-0.046,-0.480,+0.876,29.0
2025-06-01T15:00:06.283,6.283,377,WD,L_Wrist,0x03,2,377,1.306,-0.094,-0.031,-0.853,+25.5,+17.2,-1.5,-0.051,-0.472,+0.880,29.0
2025-06-01T15:00:06.300,6.300,378,WD,L_Wrist,0x03,2,378,1.307,-0.091,-0.038,-0.847,+24.7,+17.3,-3.6,-0.054,-0.467,+0.883,29.0
2025-06-01T15:00:06.316,6.317,379,WD,L_Wrist,0x03,2,379,1.307,-0.087,-0.048,-0.837,+19.4,+15.1,-3.5,-0.059,-0.459,+0.886,29.0
2025-06-01T15:00:06.333,6.333,380,WD,L_Wrist,0x03,2,380,1.307,-0.088,-0.052,-0.832,+7.0,+6.9,-1.4,-0.061,-0.457,+0.887,29.0
2025-06-01T15:00:06.350,6.350,381,WD,L_Wrist,0x03,2,381,1.307,-0.087,-0.054,-0.830,+4.8,+9.1,-1.2,-0.062,-0.456,+0.888,29.0
2025-06-01T15:00:06.366,6.367,382,WD,L_Wrist,0x03,2,382,1.307,-0.086,-0.056,-0.827,-7.3,+8.1,-0.4,-0.065,-0.455,+0.888,29.0
2025-06-01T15:00:06.383,6.383,383,WD,L_Wrist,0x03,2,383,1.307,-0.088,-0.052,-0.831,-17.7,-0.2,+1.2,-0.066,-0.459,+0.886,29.0
2025-06-01T15:00:06.400,6.400,384,WD,L_Wrist,0x03,2,384,1.308,-0.091,-0.048,-0.835,-24.0,-8.5,+2.9,-0.066,-0.464,+0.884,29.0
2025-06-01T15:00:06.416,6.417,385,WD,L_Wrist,0x03,2,385,1.308,-0.098,-0.041,-0.846,-22.0,-12.3,+4.2,-0.063,-0.472,+0.880,29.0
2025-06-01T15:00:06.433,6.433,386,WD,L_Wrist,0x03,2,386,1.308,-0.103,-0.040,-0.856,-6.4,-8.6,+7.4,-0.061,-0.475,+0.878,29.0
2025-06-01T15:00:06.450,6.450,387,WD,L_Wrist,0x03,2,387,1.310,-0.107,-0.044,-0.865,-2.9,-5.3,+9.4,-0.060,-0.475,+0.878,29.0
2025-06-01T15:00:06.466,6.467,388,WD,L_Wrist,0x03,2,388,1.310,-0.110,-0.046,-0.871,-11.0,-7.8,+13.4,-0.060,-0.476,+0.877,29.0
2025-06-01T15:00:06.483,6.483,389,WD,L_Wrist,0x03,2,389,1.310,-0.116,-0.047,-0.883,-21.1,-11.2,+17.1,-0.060,-0.480,+0.875,29.0
2025-06-01T15:00:06.500,6.500,390,WD,L_Wrist,0x03,2,390,1.311,-0.122,-0.045,-0.895,-22.2,-9.7,+10.7,-0.060,-0.486,+0.872,29.0
2025-06-01T15:00:06.516,6.517,391,WD,L_Wrist,0x03,2,391,1.311,-0.125,-0.041,-0.902,-36.2,-15.3,+7.7,-0.058,-0.491,+0.869,29.0
2025-06-01T15:00:06.533,6.533,392,WD,L_Wrist,0x03,2,392,1.311,-0.133,-0.028,-0.917,-61.0,-23.3,+11.5,-0.054,-0.504,+0.862,29.0
2025-06-01T15:00:06.550,6.550,393,WD,L_Wrist,0x03,2,393,1.312,-0.142,-0.010,-0.933,-67.1,-19.9,+16.7,-0.050,-0.521,+0.852,29.0
2025-06-01T15:00:06.566,6.567,394,WD,L_Wrist,0x03,2,394,1.312,-0.148,+0.006,-0.945,-45.9,-9.7,+16.2,-0.049,-0.537,+0.842,29.0
2025-06-01T15:00:06.583,6.583,395,WD,L_Wrist,0x03,2,395,1.312,-0.151,+0.012,-0.949,-38.6,-6.2,+18.2,-0.050,-0.543,+0.838,29.0
2025-06-01T15:00:06.600,6.600,396,WD,L_Wrist,0x03,2,396,1.316,-0.154,+0.023,-0.957,-51.5,-9.3,+20.5,-0.052,-0.555,+0.830,29.0
2025-06-01T15:00:06.616,6.617,397,WD,L_Wrist,0x03,2,397,1.316,-0.157,+0.038,-0.964,-55.2,-8.8,+13.4,-0.052,-0.567,+0.822,29.0
2025-06-01T15:00:06.633,6.633,398,WD,L_Wrist,0x03,2,398,1.316,-0.157,+0.056,-0.970,-43.6,-3.9,+7.4,-0.052,-0.581,+0.812,29.0
2025-06-01T15:00:06.650,6.650,399,WD,L_Wrist,0x03,2,399,1.318,-0.155,+0.066,-0.973,-42.8,+1.8,+8.2,-0.053,-0.588,+0.807,29.0
2025-06-01T15:00:06.666,6.667,400,WD,L_Wrist,0x03,2,400,1.318,-0.148,+0.084,-0.976,-55.9,+8.0,+13.7,-0.056,-0.601,+0.797,29.0
2025-06-01T15:00:06.683,6.683,401,WD,L_Wrist,0x03,2,401,1.318,-0.137,+0.101,-0.977,-61.2,+18.7,+14.6,-0.061,-0.613,+0.787,29.0
2025-06-01T15:00:06.700,6.700,402,WD,L_Wrist,0x03,2,402,1.320,-0.122,+0.122,-0.975,-50.5,+20.8,+9.3,-0.070,-0.628,+0.775,29.0
2025-06-01T15:00:06.716,6.717,403,WD,L_Wrist,0x03,2,403,1.320,-0.113,+0.133,-0.972,-45.4,+22.7,+4.1,-0.074,-0.636,+0.768,29.0
2025-06-01T15:00:06.733,6.733,404,WD,L_Wrist,0x03,2,404,1.320,-0.097,+0.152,-0.966,-54.2,+31.7,+1.2,-0.081,-0.648,+0.757,29.0
2025-06-01T15:00:06.750,6.750,405,WD,L_Wrist,0x03,2,405,1.323,-0.078,+0.171,-0.958,-58.4,+42.0,-2.5,-0.089,-0.660,+0.746,29.0
2025-06-01T15:00:06.766,6.767,406,WD,L_Wrist,0x03,2,406,1.323,-0.054,+0.194,-0.943,-51.3,+40.3,-2.2,-0.099,-0.674,+0.732,29.0
2025-06-01T15:00:06.783,6.783,407,WD,L_Wrist,0x03,2,407,1.323,-0.040,+0.207,-0.933,-53.4,+44.9,-1.5,-0.105,-0.682,+0.724,29.0
2025-06-01T15:00:06.800,6.800,408,WD,L_Wrist,0x03,2,408,1.325,-0.014,+0.231,-0.912,-58.6,+55.1,-1.4,-0.117,-0.696,+0.708,29.0
2025-06-01T15:00:06.816,6.817,409,WD,L_Wrist,0x03,2,409,1.325,+0.004,+0.248,-0.891,-34.8,+40.1,-2.4,-0.127,-0.706,+0.697,29.0
2025-06-01T15:00:06.833,6.833,410,WD,L_Wrist,0x03,2,410,1.325,+0.013,+0.257,-0.878,-32.4,+51.5,-8.3,-0.132,-0.711,+0.691,29.0
2025-06-01T15:00:06.850,6.850,411,WD,L_Wrist,0x03,2,411,1.328,+0.031,+0.277,-0.848,-40.3,+77.2,-15.1,-0.144,-0.720,+0.679,29.0
2025-06-01T15:00:06.866,6.867,412,WD,L_Wrist,0x03,2,412,1.328,+0.048,+0.296,-0.816,-26.2,+59.5,-13.2,-0.156,-0.728,+0.668,29.0
2025-06-01T15:00:06.883,6.883,413,WD,L_Wrist,0x03,2,413,1.328,+0.056,+0.305,-0.802,-23.6,+55.9,-14.9,-0.162,-0.731,+0.663,29.0
2025-06-01T15:00:06.900,6.900,414,WD,L_Wrist,0x03,2,414,1.331,+0.069,+0.324,-0.774,-36.5,+75.8,-21.9,-0.172,-0.738,+0.652,29.0
2025-06-01T15:00:06.916,6.917,415,WD,L_Wrist,0x03,2,415,1.331,+0.084,+0.347,-0.748,-32.5,+59.5,-17.7,-0.181,-0.747,+0.639,29.0
2025-06-01T15:00:06.933,6.933,416,WD,L_Wrist,0x03,2,416,1.331,+0.092,+0.359,-0.734,-35.6,+60.4,-17.9,-0.186,-0.752,+0.632,29.0
2025-06-01T15:00:06.950,6.950,417,WD,L_Wrist,0x03,2,417,1.334,+0.107,+0.382,-0.706,-45.7,+76.3,-21.1,-0.195,-0.762,+0.617,29.0
2025-06-01T15:00:06.966,6.967,418,WD,L_Wrist,0x03,2,418,1.334,+0.119,+0.403,-0.681,-43.1,+70.3,-17.9,-0.204,-0.771,+0.603,29.0
2025-06-01T15:00:06.983,6.983,419,WD,L_Wrist,0x03,2,419,1.334,+0.130,+0.422,-0.656,-30.7,+49.7,-12.2,-0.212,-0.779,+0.590,29.0
2025-06-01T15:00:07.000,7.000,420,WD,L_Wrist,0x03,2,420,1.336,+0.136,+0.431,-0.645,-26.4,+44.2,-12.1,-0.216,-0.783,+0.583,29.0
2025-06-01T15:00:07.016,7.017,421,WD,L_Wrist,0x03,2,421,1.336,+0.145,+0.447,-0.625,-30.9,+52.1,-16.0,-0.222,-0.790,+0.572,29.0
2025-06-01T15:00:07.033,7.033,422,WD,L_Wrist,0x03,2,422,1.336,+0.154,+0.462,-0.608,-21.3,+34.3,-12.2,-0.226,-0.796,+0.562,29.0
2025-06-01T15:00:07.050,7.050,423,WD,L_Wrist,0x03,2,423,1.342,+0.158,+0.470,-0.600,-20.7,+28.0,-12.8,-0.227,-0.798,+0.558,29.0
2025-06-01T15:00:07.066,7.067,424,WD,L_Wrist,0x03,2,424,1.342,+0.164,+0.485,-0.585,-25.8,+28.8,-14.4,-0.229,-0.804,+0.549,29.0
2025-06-01T15:00:07.083,7.083,425,WD,L_Wrist,0x03,2,425,1.342,+0.168,+0.498,-0.572,-25.4,+20.4,-5.7,-0.230,-0.809,+0.542,29.0
2025-06-01T15:00:07.100,7.100,426,WD,L_Wrist,0x03,2,426,1.345,+0.171,+0.508,-0.560,-21.2,+14.2,+2.6,-0.233,-0.813,+0.534,29.0
2025-06-01T15:00:07.116,7.117,427,WD,L_Wrist,0x03,2,427,1.345,+0.173,+0.513,-0.554,-24.9,+16.0,+7.5,-0.235,-0.815,+0.530,29.0
2025-06-01T15:00:07.133,7.133,428,WD,L_Wrist,0x03,2,428,1.345,+0.179,+0.522,-0.541,-30.5,+15.4,+6.1,-0.241,-0.819,+0.520,29.0
2025-06-01T15:00:07.150,7.150,429,WD,L_Wrist,0x03,2,429,1.348,+0.185,+0.533,-0.533,-18.2,+3.0,-1.0,-0.243,-0.823,+0.513,29.0
2025-06-01T15:00:07.166,7.167,430,WD,L_Wrist,0x03,2,430,1.348,+0.187,+0.539,-0.533,-11.7,-10.2,-7.3,-0.241,-0.825,+0.511,29.0
2025-06-01T15:00:07.183,7.183,431,WD,L_Wrist,0x03,2,431,1.348,+0.190,+0.551,-0.537,-13.1,-17.9,-8.6,-0.236,-0.828,+0.509,29.0
2025-06-01T15:00:07.200,7.200,432,WD,L_Wrist,0x03,2,432,1.350,+0.192,+0.560,-0.543,-10.0,-16.5,-0.4,-0.232,-0.830,+0.507,29.0
2025-06-01T15:00:07.216,7.217,433,WD,L_Wrist,0x03,2,433,1.350,+0.194,+0.565,-0.547,-4.4,-10.9,+6.3,-0.231,-0.831,+0.506,29.0
2025-06-01T15:00:07.233,7.233,434,WD,L_Wrist,0x03,2,434,1.350,+0.194,+0.565,-0.550,+1.7,-15.1,+13.6,-0.232,-0.830,+0.507,29.0
2025-06-01T15:00:07.250,7.250,435,WD,L_Wrist,0x03,2,435,1.356,+0.192,+0.560,-0.561,+8.0,-29.6,+20.2,-0.233,-0.828,+0.509,29.0
2025-06-01T15:00:07.266,7.267,436,WD,L_Wrist,0x03,2,436,1.356,+0.183,+0.553,-0.580,+14.0,-41.4,+17.8,-0.233,-0.825,+0.514,29.0
2025-06-01T15:00:07.283,7.283,437,WD,L_Wrist,0x03,2,437,1.356,+0.169,+0.545,-0.603,+12.3,-35.1,+10.6,-0.229,-0.822,+0.521,29.0
2025-06-01T15:00:07.300,7.300,438,WD,L_Wrist,0x03,2,438,1.358,+0.161,+0.541,-0.615,+9.4,-33.9,+9.2,-0.227,-0.820,+0.525,29.0
2025-06-01T15:00:07.316,7.317,439,WD,L_Wrist,0x03,2,439,1.358,+0.144,+0.534,-0.639,+6.8,-41.7,+15.2,-0.223,-0.818,+0.530,29.0
2025-06-01T15:00:07.333,7.333,440,WD,L_Wrist,0x03,2,440,1.358,+0.129,+0.526,-0.660,+3.1,-40.8,+20.5,-0.222,-0.816,+0.534,29.0
2025-06-01T15:00:07.350,7.350,441,WD,L_Wrist,0x03,2,441,1.360,+0.114,+0.515,-0.682,+4.0,-33.2,+17.9,-0.221,-0.814,+0.537,29.0
2025-06-01T15:00:07.366,7.367,442,WD,L_Wrist,0x03,2,442,1.360,+0.107,+0.508,-0.694,+10.2,-38.7,+20.2,-0.220,-0.813,+0.540,29.0
2025-06-01T15:00:07.383,7.383,443,WD,L_Wrist,0x03,2,443,1.360,+0.093,+0.491,-0.718,+17.5,-54.2,+30.5,-0.218,-0.808,+0.547,29.0
2025-06-01T15:00:07.400,7.400,444,WD,L_Wrist,0x03,2,444,1.363,+0.082,+0.471,-0.741,+13.7,-40.4,+25.5,-0.217,-0.803,+0.555,29.0
2025-06-01T15:00:07.416,7.417,445,WD,L_Wrist,0x03,2,445,1.363,+0.078,+0.461,-0.751,+9.9,-37.0,+24.7,-0.217,-0.801,+0.558,29.0
2025-06-01T15:00:07.433,7.433,446,WD,L_Wrist,0x03,2,446,1.363,+0.071,+0.443,-0.769,+12.4,-49.5,+27.2,-0.216,-0.797,+0.564,29.0
2025-06-01T15:00:07.450,7.450,447,WD,L_Wrist,0x03,2,447,1.365,+0.064,+0.428,-0.786,+17.9,-54.1,+19.9,-0.213,-0.793,+0.570,29.0
2025-06-01T15:00:07.466,7.467,448,WD,L_Wrist,0x03,2,448,1.365,+0.053,+0.412,-0.803,+19.2,-43.8,+13.3,-0.208,-0.788,+0.579,29.0
2025-06-01T15:00:07.483,7.483,449,WD,L_Wrist,0x03,2,449,1.365,+0.047,+0.403,-0.812,+23.2,-42.1,+14.5,-0.205,-0.785,+0.585,29.0
2025-06-01T15:00:07.500,7.500,450,WD,L_Wrist,0x03,2,450,1.368,+0.036,+0.384,-0.828,+27.6,-47.1,+20.2,-0.200,-0.779,+0.595,29.0
2025-06-01T15:00:07.516,7.517,451,WD,L_Wrist,0x03,2,451,1.368,+0.029,+0.367,-0.840,+21.1,-33.5,+19.1,-0.197,-0.773,+0.603,29.0
2025-06-01T15:00:07.533,7.533,452,WD,L_Wrist,0x03,2,452,1.368,+0.025,+0.352,-0.847,+13.9,-19.2,+12.8,-0.197,-0.769,+0.608,29.0
2025-06-01T15:00:07.550,7.550,453,WD,L_Wrist,0x03,2,453,1.369,+0.023,+0.345,-0.851,+15.6,-17.8,+9.7,-0.196,-0.767,+0.611,29.0
2025-06-01T15:00:07.566,7.567,454,WD,L_Wrist,0x03,2,454,1.369,+0.019,+0.332,-0.858,+23.2,-26.2,+10.4,-0.195,-0.762,+0.617,29.0
2025-06-01T15:00:07.583,7.583,455,WD,L_Wrist,0x03,2,455,1.369,+0.013,+0.319,-0.867,+18.7,-20.6,+6.8,-0.192,-0.757,+0.624,29.0
2025-06-01T15:00:07.600,7.600,456,WD,L_Wrist,0x03,2,456,1.371,+0.010,+0.312,-0.871,+18.2,-15.8,+6.9,-0.190,-0.755,+0.628,29.0
2025-06-01T15:00:07.616,7.617,457,WD,L_Wrist,0x03,2,457,1.371,+0.005,+0.299,-0.878,+21.0,-13.6,+7.7,-0.189,-0.750,+0.634,29.0
2025-06-01T15:00:07.633,7.633,458,WD,L_Wrist,0x03,2,458,1.371,+0.004,+0.289,-0.883,+14.7,-8.5,+2.7,-0.189,-0.746,+0.638,29.0
2025-06-01T15:00:07.650,7.650,459,WD,L_Wrist,0x03,2,459,1.372,+0.003,+0.284,-0.888,+7.6,-7.2,-1.4,-0.187,-0.744,+0.641,29.0
2025-06-01T15:00:07.666,7.667,460,WD,L_Wrist,0x03,2,460,1.372,+0.002,+0.282,-0.891,+5.9,-9.8,-3.0,-0.185,-0.744,+0.642,29.0
2025-06-01T15:00:07.683,7.683,461,WD,L_Wrist,0x03,2,461,1.372,-0.001,+0.279,-0.896,+7.6,-11.2,-3.7,-0.182,-0.742,+0.645,29.0
2025-06-01T15:00:07.700,7.700,462,WD,L_Wrist,0x03,2,462,1.373,-0.002,+0.277,-0.900,+6.6,-4.4,-4.5,-0.180,-0.741,+0.647,29.0
2025-06-01T15:00:07.716,7.717,463,WD,L_Wrist,0x03,2,463,1.373,-0.001,+0.277,-0.899,+4.1,+1.6,-4.9,-0.178,-0.740,+0.648,29.0
2025-06-01T15:00:07.733,7.733,464,WD,L_Wrist,0x03,2,464,1.373,+0.000,+0.278,-0.898,+5.1,+6.9,-5.7,-0.178,-0.740,+0.649,29.0
2025-06-01T15:00:07.750,7.750,465,WD,L_Wrist,0x03,2,465,1.373,+0.004,+0.280,-0.892,+10.6,+10.6,-6.0,-0.178,-0.739,+0.650,29.0
2025-06-01T15:00:07.766,7.767,466,WD,L_Wrist,0x03,2,466,1.373,+0.009,+0.280,-0.886,+14.3,+9.5,-4.8,-0.179,-0.737,+0.652,29.0
2025-06-01T15:00:07.783,7.783,467,WD,L_Wrist,0x03,2,467,1.373,+0.012,+0.281,-0.880,+10.6,+6.6,-4.5,-0.180,-0.734,+0.655,29.0
2025-06-01T15:00:07.800,7.800,468,WD,L_Wrist,0x03,2,468,1.374,+0.014,+0.283,-0.877,+7.6,+10.0,-7.8,-0.180,-0.733,+0.656,29.0
2025-06-01T15:00:07.816,7.817,469,WD,L_Wrist,0x03,2,469,1.374,+0.019,+0.288,-0.868,+7.6,+18.0,-13.4,-0.180,-0.732,+0.657,29.0
2025-06-01T15:00:07.833,7.833,470,WD,L_Wrist,0x03,2,470,1.374,+0.026,+0.296,-0.859,+4.3,+15.6,-12.2,-0.181,-0.732,+0.657,29.0
2025-06-01T15:00:07.850,7.850,471,WD,L_Wrist,0x03,2,471,1.373,+0.028,+0.301,-0.854,+4.1,+14.2,-14.6,-0.181,-0.732,+0.657,29.0
2025-06-01T15:00:07.866,7.867,472,WD,L_Wrist,0x03,2,472,1.373,+0.032,+0.310,-0.846,+8.0,+18.2,-19.2,-0.180,-0.732,+0.657,29.0
2025-06-01T15:00:07.883,7.883,473,WD,L_Wrist,0x03,2,473,1.373,+0.034,+0.317,-0.839,+8.5,+14.4,-12.6,-0.180,-0.731,+0.659,29.0
2025-06-01T15:00:07.900,7.900,474,WD,L_Wrist,0x03,2,474,1.372,+0.035,+0.320,-0.835,+9.4,+17.9,-8.6,-0.181,-0.730,+0.659,29.0
2025-06-01T15:00:07.916,7.917,475,WD,L_Wrist,0x03,2,475,1.372,+0.038,+0.324,-0.827,+8.6,+26.2,-9.6,-0.183,-0.728,+0.661,29.0
2025-06-01T15:00:07.933,7.933,476,WD,L_Wrist,0x03,2,476,1.372,+0.042,+0.328,-0.820,+3.3,+26.3,-8.4,-0.187,-0.727,+0.660,29.0
2025-06-01T15:00:07.950,7.950,477,WD,L_Wrist,0x03,2,477,1.372,+0.045,+0.333,-0.813,+1.0,+18.4,-6.0,-0.190,-0.728,+0.659,29.0
2025-06-01T15:00:07.966,7.967,478,WD,L_Wrist,0x03,2,478,1.372,+0.046,+0.335,-0.810,-1.3,+15.8,-6.5,-0.191,-0.728,+0.659,29.0
2025-06-01T15:00:07.983,7.983,479,WD,L_Wrist,0x03,2,479,1.372,+0.048,+0.340,-0.805,-7.8,+18.6,-10.9,-0.193,-0.729,+0.657,29.0
2025-06-01T15:00:08.000,8.000,480,WD,L_Wrist,0x03,2,480,1.371,+0.050,+0.348,-0.799,-9.9,+12.0,-9.9,-0.194,-0.732,+0.653,29.0
2025-06-01T15:00:08.016,8.017,481,WD,L_Wrist,0x03,2,481,1.371,+0.051,+0.353,-0.796,-7.6,+7.8,-10.3,-0.193,-0.734,+0.651,29.0
2025-06-01T15:00:08.033,8.033,482,WD,L_Wrist,0x03,2,482,1.371,+0.051,+0.359,-0.792,-1.8,+4.5,-11.0,-0.192,-0.736,+0.649,29.0
2025-06-01T15:00:08.050,8.050,483,WD,L_Wrist,0x03,2,483,1.369,+0.049,+0.360,-0.790,+3.8,-2.4,-5.6,-0.190,-0.736,+0.650,29.0
2025-06-01T15:00:08.066,8.067,484,WD,L_Wrist,0x03,2,484,1.369,+0.046,+0.360,-0.789,+0.7,-3.8,-0.9,-0.189,-0.735,+0.651,29.0
2025-06-01T15:00:08.083,8.083,485,WD,L_Wrist,0x03,2,485,1.369,+0.045,+0.360,-0.788,-6.1,-1.8,+1.2,-0.189,-0.735,+0.651,29.0
2025-06-01T15:00:08.100,8.100,486,WD,L_Wrist,0x03,2,486,1.366,+0.045,+0.362,-0.786,-10.0,+1.8,-0.1,-0.189,-0.737,+0.649,29.0
2025-06-01T15:00:08.116,8.117,487,WD,L_Wrist,0x03,2,487,1.366,+0.048,+0.365,-0.783,-7.3,+6.4,-3.3,-0.189,-0.739,+0.646,29.0
2025-06-01T15:00:08.133,8.133,488,WD,L_Wrist,0x03,2,488,1.366,+0.052,+0.367,-0.779,-3.2,+5.9,-3.0,-0.190,-0.740,+0.645,29.0
2025-06-01T15:00:08.150,8.150,489,WD,L_Wrist,0x03,2,489,1.366,+0.055,+0.368,-0.777,-3.4,+4.4,-0.4,-0.190,-0.741,+0.644,29.0
2025-06-01T15:00:08.166,8.167,490,WD,L_Wrist,0x03,2,490,1.366,+0.058,+0.368,-0.775,-5.9,+2.5,+2.0,-0.191,-0.742,+0.643,29.0
2025-06-01T15:00:08.183,8.183,491,WD,L_Wrist,0x03,2,491,1.366,+0.060,+0.369,-0.774,-4.4,-0.5,+2.5,-0.192,-0.743,+0.641,29.0
2025-06-01T15:00:08.200,8.200,492,WD,L_Wrist,0x03,2,492,1.364,+0.061,+0.369,-0.774,-0.8,-1.4,+2.7,-0.192,-0.743,+0.641,29.0
2025-06-01T15:00:08.216,8.217,493,WD,L_Wrist,0x03,2,493,1.364,+0.063,+0.367,-0.774,+1.4,-1.3,+4.6,-0.193,-0.743,+0.641,29.0
2025-06-01T15:00:08.233,8.233,494,WD,L_Wrist,0x03,2,494,1.364,+0.065,+0.364,-0.775,+0.7,-2.3,+5.4,-0.194,-0.742,+0.642,29.0
2025-06-01T15:00:08.250,8.250,495,WD,L_Wrist,0x03,2,495,1.362,+0.067,+0.362,-0.777,-1.0,-4.1,+3.4,-0.194,-0.742,+0.642,29.0
2025-06-01T15:00:08.266,8.267,496,WD,L_Wrist,0x03,2,496,1.362,+0.067,+0.361,-0.779,+0.5,-8.2,+0.4,-0.193,-0.742,+0.642,29.0
2025-06-01T15:00:08.283,8.283,497,WD,L_Wrist,0x03,2,497,1.362,+0.064,+0.358,-0.784,+5.2,-11.7,-1.5,-0.191,-0.742,+0.643,29.0
2025-06-01T15:00:08.300,8.300,498,WD,L_Wrist,0x03,2,498,1.359,+0.058,+0.354,-0.789,+8.2,-9.7,-1.1,-0.188,-0.740,+0.645,29.0
2025-06-01T15:00:08.316,8.317,499,WD,L_Wrist,0x03,2,499,1.359,+0.051,+0.350,-0.793,+4.7,-5.9,+1.0,-0.187,-0.739,+0.648,29.0
2025-06-01T15:00:08.333,8.333,500,WD,L_Wrist,0x03,2,500,1.359,+0.048,+0.347,-0.795,+2.5,-6.3,+5.2,-0.187,-0.738,+0.648,29.0
2025-06-01T15:00:08.350,8.350,501,WD,L_Wrist,0x03,2,501,1.357,+0.042,+0.342,-0.801,+7.4,-10.9,+10.1,-0.187,-0.737,+0.649,29.0
2025-06-01T15:00:08.366,8.367,502,WD,L_Wrist,0x03,2,502,1.357,+0.037,+0.333,-0.809,+13.3,-13.8,+9.8,-0.187,-0.734,+0.653,29.0
2025-06-01T15:00:08.383,8.383,503,WD,L_Wrist,0x03,2,503,1.357,+0.034,+0.324,-0.818,+8.9,-10.5,+4.4,-0.186,-0.731,+0.657,29.0
2025-06-01T15:00:08.400,8.400,504,WD,L_Wrist,0x03,2,504,1.351,+0.033,+0.322,-0.822,-4.5,-6.6,-0.3,-0.185,-0.731,+0.657,29.0
2025-06-01T15:00:08.416,8.417,505,WD,L_Wrist,0x03,2,505,1.351,+0.032,+0.324,-0.829,-18.0,-4.0,-1.2,-0.183,-0.733,+0.655,29.0
2025-06-01T15:00:08.433,8.433,506,WD,L_Wrist,0x03,2,506,1.351,+0.034,+0.329,-0.833,-17.8,-1.3,-0.2,-0.183,-0.737,+0.650,29.0
2025-06-01T15:00:08.450,8.450,507,WD,L_Wrist,0x03,2,507,1.348,+0.035,+0.331,-0.834,-13.0,-5.2,+0.1,-0.183,-0.740,+0.648,29.0
2025-06-01T15:00:08.466,8.467,508,WD,L_Wrist,0x03,2,508,1.348,+0.036,+0.333,-0.839,-11.8,-11.7,-0.3,-0.181,-0.742,+0.645,29.0
2025-06-01T15:00:08.483,8.483,509,WD,L_Wrist,0x03,2,509,1.348,+0.039,+0.333,-0.844,-8.0,-11.9,+1.1,-0.178,-0.744,+0.644,29.0
2025-06-01T15:00:08.500,8.500,510,WD,L_Wrist,0x03,2,510,1.345,+0.045,+0.331,-0.845,-5.2,-5.2,+2.6,-0.177,-0.745,+0.643,29.0
2025-06-01T15:00:08.516,8.517,511,WD,L_Wrist,0x03,2,511,1.345,+0.049,+0.329,-0.845,-4.0,+0.3,+3.2,-0.177,-0.746,+0.642,29.0
2025-06-01T15:00:08.533,8.533,512,WD,L_Wrist,0x03,2,512,1.345,+0.058,+0.325,-0.839,-2.4,+1.7,+1.3,-0.178,-0.746,+0.641,29.0
2025-06-01T15:00:08.550,8.550,513,WD,L_Wrist,0x03,2,513,1.342,+0.065,+0.320,-0.831,+3.9,+1.0,-3.7,-0.178,-0.746,+0.641,29.0
2025-06-01T15:00:08.566,8.567,514,WD,L_Wrist,0x03,2,514,1.342,+0.068,+0.315,-0.820,+7.4,+0.5,-5.5,-0.177,-0.745,+0.643,29.0
2025-06-01T15:00:08.583,8.583,515,WD,L_Wrist,0x03,2,515,1.342,+0.068,+0.312,-0.814,+12.1,+2.3,-9.2,-0.176,-0.744,+0.644,29.0
2025-06-01T15:00:08.600,8.600,516,WD,L_Wrist,0x03,2,516,1.339,+0.070,+0.307,-0.801,+18.8,+6.3,-15.5,-0.174,-0.742,+0.648,29.0
2025-06-01T15:00:08.616,8.617,517,WD,L_Wrist,0x03,2,517,1.339,+0.071,+0.302,-0.788,+23.5,+11.3,-18.3,-0.172,-0.739,+0.652,29.0
2025-06-01T15:00:08.633,8.633,518,WD,L_Wrist,0x03,2,518,1.339,+0.072,+0.298,-0.775,+21.8,+11.6,-14.8,-0.170,-0.735,+0.657,29.0
2025-06-01T15:00:08.650,8.650,519,WD,L_Wrist,0x03,2,519,1.333,+0.073,+0.295,-0.769,+27.8,+14.8,-16.7,-0.170,-0.732,+0.660,29.0
2025-06-01T15:00:08.666,8.667,520,WD,L_Wrist,0x03,2,520,1.333,+0.073,+0.291,-0.757,+39.1,+20.0,-25.4,-0.169,-0.726,+0.667,29.0
2025-06-01T15:00:08.683,8.683,521,WD,L_Wrist,0x03,2,521,1.333,+0.071,+0.290,-0.748,+37.8,+15.6,-29.2,-0.167,-0.719,+0.674,29.0
2025-06-01T15:00:08.700,8.700,522,WD,L_Wrist,0x03,2,522,1.329,+0.065,+0.292,-0.745,+27.4,+6.9,-23.3,-0.163,-0.714,+0.681,29.0
2025-06-01T15:00:08.716,8.717,523,WD,L_Wrist,0x03,2,523,1.329,+0.061,+0.294,-0.745,+30.2,-0.2,-23.0,-0.160,-0.711,+0.685,29.0
2025-06-01T15:00:08.733,8.733,524,WD,L_Wrist,0x03,2,524,1.329,+0.051,+0.296,-0.750,+45.4,-2.6,-27.3,-0.153,-0.704,+0.694,29.0
2025-06-01T15:00:08.750,8.750,525,WD,L_Wrist,0x03,2,525,1.326,+0.044,+0.295,-0.757,+36.8,-0.9,-16.8,-0.148,-0.695,+0.704,29.0
2025-06-01T15:00:08.766,8.767,526,WD,L_Wrist,0x03,2,526,1.326,+0.042,+0.293,-0.759,+35.6,+3.2,-10.7,-0.146,-0.690,+0.709,29.0
2025-06-01T15:00:08.783,8.783,527,WD,L_Wrist,0x03,2,527,1.326,+0.041,+0.289,-0.763,+44.1,+3.7,-10.1,-0.145,-0.681,+0.718,29.0
2025-06-01T15:00:08.800,8.800,528,WD,L_Wrist,0x03,2,528,1.323,+0.040,+0.285,-0.767,+31.8,-0.9,-5.8,-0.144,-0.672,+0.726,29.0
2025-06-01T15:00:08.816,8.817,529,WD,L_Wrist,0x03,2,529,1.323,+0.039,+0.282,-0.770,+35.7,-9.7,-6.4,-0.142,-0.668,+0.730,29.0
2025-06-01T15:00:08.833,8.833,530,WD,L_Wrist,0x03,2,530,1.323,+0.032,+0.273,-0.778,+52.9,-17.4,-9.7,-0.137,-0.658,+0.741,29.0
2025-06-01T15:00:08.850,8.850,531,WD,L_Wrist,0x03,2,531,1.317,+0.024,+0.262,-0.786,+55.1,-16.5,-9.0,-0.131,-0.646,+0.752,29.0
2025-06-01T15:00:08.866,8.867,532,WD,L_Wrist,0x03,2,532,1.317,+0.016,+0.250,-0.793,+39.6,-9.6,-4.4,-0.127,-0.634,+0.763,29.0
2025-06-01T15:00:08.883,8.883,533,WD,L_Wrist,0x03,2,533,1.317,+0.013,+0.243,-0.796,+36.9,-7.9,+0.4,-0.125,-0.629,+0.767,29.0
2025-06-01T15:00:08.900,8.900,534,WD,L_Wrist,0x03,2,534,1.314,+0.006,+0.228,-0.802,+47.4,-14.1,+2.4,-0.123,-0.618,+0.777,29.0
2025-06-01T15:00:08.916,8.917,535,WD,L_Wrist,0x03,2,535,1.314,-0.001,+0.212,-0.809,+33.3,-14.8,+1.5,-0.120,-0.607,+0.786,29.0
2025-06-01T15:00:08.933,8.933,536,WD,L_Wrist,0x03,2,536,1.314,-0.005,+0.205,-0.813,+28.2,-19.9,-0.8,-0.117,-0.602,+0.790,29.0
2025-06-01T15:00:08.950,8.950,537,WD,L_Wrist,0x03,2,537,1.311,-0.014,+0.191,-0.823,+36.7,-25.5,+0.5,-0.110,-0.594,+0.797,29.0
2025-06-01T15:00:08.966,8.967,538,WD,L_Wrist,0x03,2,538,1.311,-0.022,+0.175,-0.829,+41.5,-19.0,+5.2,-0.105,-0.585,+0.804,29.0
2025-06-01T15:00:08.983,8.983,539,WD,L_Wrist,0x03,2,539,1.311,-0.027,+0.154,-0.831,+35.1,-10.6,+6.1,-0.103,-0.574,+0.812,29.0
2025-06-01T15:00:09.000,9.000,540,WD,L_Wrist,0x03,2,540,1.307,-0.030,+0.143,-0.831,+37.9,-13.3,+3.8,-0.102,-0.569,+0.816,29.0
2025-06-01T15:00:09.016,9.017,541,WD,L_Wrist,0x03,2,541,1.307,-0.037,+0.119,-0.832,+58.0,-27.2,+0.9,-0.098,-0.556,+0.825,29.0
2025-06-01T15:00:09.033,9.033,542,WD,L_Wrist,0x03,2,542,1.307,-0.049,+0.091,-0.835,+75.9,-37.3,-1.1,-0.090,-0.541,+0.837,29.0
2025-06-01T15:00:09.050,9.050,543,WD,L_Wrist,0x03,2,543,1.304,-0.061,+0.055,-0.840,+65.5,-29.3,+0.5,-0.080,-0.519,+0.851,29.0
2025-06-01T15:00:09.066,9.067,544,WD,L_Wrist,0x03,2,544,1.304,-0.066,+0.035,-0.842,+51.3,-24.2,+2.8,-0.075,-0.508,+0.858,29.0
2025-06-01T15:00:09.083,9.083,545,WD,L_Wrist,0x03,2,545,1.304,-0.071,+0.005,-0.848,+31.1,-27.1,+6.4,-0.068,-0.493,+0.867,29.0
2025-06-01T15:00:09.100,9.100,546,WD,L_Wrist,0x03,2,546,1.301,-0.067,-0.009,-0.860,-2.3,-18.2,+6.7,-0.063,-0.492,+0.868,29.0
2025-06-01T15:00:09.116,9.117,547,WD,L_Wrist,0x03,2,547,1.301,-0.061,-0.014,-0.867,-2.9,-19.8,+8.2,-0.061,-0.494,+0.867,29.0
2025-06-01T15:00:09.133,9.133,548,WD,L_Wrist,0x03,2,548,1.301,-0.040,-0.029,-0.884,+26.5,-29.6,+8.9,-0.056,-0.494,+0.868,29.0
2025-06-01T15:00:09.150,9.150,549,WD,L_Wrist,0x03,2,549,1.298,-0.004,-0.058,-0.901,+58.4,-34.1,+4.2,-0.049,-0.481,+0.876,29.0
2025-06-01T15:00:09.166,9.167,550,WD,L_Wrist,0x03,2,550,1.298,+0.050,-0.091,-0.919,+45.2,-28.1,+1.6,-0.040,-0.464,+0.885,29.0
2025-06-01T15:00:09.183,9.183,551,WD,L_Wrist,0x03,2,551,1.298,+0.083,-0.105,-0.930,+24.2,-31.8,+5.5,-0.035,-0.457,+0.889,29.0
2025-06-01T15:00:09.200,9.200,552,WD,L_Wrist,0x03,2,552,1.295,+0.161,-0.128,-0.957,+24.8,-47.6,+16.4,-0.025,-0.451,+0.892,29.0
2025-06-01T15:00:09.216,9.217,553,WD,L_Wrist,0x03,2,553,1.295,+0.245,-0.155,-0.983,+41.7,-55.3,+25.0,-0.014,-0.444,+0.896,29.0
2025-06-01T15:00:09.233,9.233,554,WD,L_Wrist,0x03,2,554,1.295,+0.322,-0.192,-1.003,+48.7,-44.7,+18.2,-0.002,-0.429,+0.903,29.0
2025-06-01T15:00:09.250,9.250,555,WD,L_Wrist,0x03,2,555,1.290,+0.352,-0.211,-1.009,+59.5,-40.5,+3.8,+0.005,-0.419,+0.908,29.0
2025-06-01T15:00:09.266,9.267,556,WD,L_Wrist,0x03,2,556,1.290,+0.394,-0.239,-1.010,+78.9,-40.7,-10.0,+0.018,-0.397,+0.917,29.0
2025-06-01T15:00:09.283,9.283,557,WD,L_Wrist,0x03,2,557,1.290,+0.407,-0.255,-0.997,+59.3,-18.9,-14.4,+0.029,-0.377,+0.926,29.0
2025-06-01T15:00:09.300,9.300,558,WD,L_Wrist,0x03,2,558,1.289,+0.401,-0.261,-0.985,+63.7,-7.9,-10.3,+0.032,-0.365,+0.930,29.0
2025-06-01T15:00:09.316,9.317,559,WD,L_Wrist,0x03,2,559,1.289,+0.356,-0.272,-0.953,+75.5,-6.5,-7.3,+0.035,-0.342,+0.939,29.0
2025-06-01T15:00:09.333,9.333,560,WD,L_Wrist,0x03,2,560,1.289,+0.263,-0.272,-0.910,+44.0,-4.1,-7.4,+0.037,-0.324,+0.945,29.0
2025-06-01T15:00:09.350,9.350,561,WD,L_Wrist,0x03,2,561,1.284,+0.120,-0.252,-0.856,+12.7,-0.8,-10.2,+0.039,-0.317,+0.947,29.0
2025-06-01T15:00:09.366,9.367,562,WD,L_Wrist,0x03,2,562,1.284,+0.034,-0.236,-0.825,+10.1,+5.3,-15.6,+0.039,-0.317,+0.948,29.0
2025-06-01T15:00:09.383,9.383,563,WD,L_Wrist,0x03,2,563,1.284,-0.162,-0.206,-0.756,+40.3,+10.7,-18.4,+0.038,-0.312,+0.949,29.0
2025-06-01T15:00:09.400,9.400,564,WD,L_Wrist,0x03,2,564,1.281,-0.380,-0.190,-0.685,+83.7,+6.6,-8.9,+0.036,-0.294,+0.955,29.0
2025-06-01T15:00:09.416,9.417,565,WD,L_Wrist,0x03,2,565,1.281,-0.614,-0.192,-0.620,+78.4,-3.4,+0.1,+0.036,-0.265,+0.964,29.0
2025-06-01T15:00:09.433,9.433,566,WD,L_Wrist,0x03,2,566,1.281,-0.733,-0.194,-0.594,+58.7,-21.6,+4.8,+0.038,-0.250,+0.967,29.0
2025-06-01T15:00:09.450,9.450,567,WD,L_Wrist,0x03,2,567,1.279,-0.967,-0.192,-0.560,+29.3,-47.7,+5.6,+0.048,-0.232,+0.972,29.0
2025-06-01T15:00:09.466,9.467,568,WD,L_Wrist,0x03,2,568,1.279,-1.184,-0.172,-0.553,-18.4,-64.5,+2.7,+0.065,-0.234,+0.970,29.0
2025-06-01T15:00:09.483,9.483,569,WD,L_Wrist,0x03,2,569,1.279,-1.374,-0.148,-0.558,-15.3,-50.1,+0.9,+0.084,-0.242,+0.967,29.0
2025-06-01T15:00:09.500,9.500,570,WD,L_Wrist,0x03,2,570,1.274,-1.456,-0.143,-0.559,+20.3,-36.9,-0.2,+0.093,-0.242,+0.966,29.0
2025-06-01T15:00:09.516,9.517,571,WD,L_Wrist,0x03,2,571,1.274,-1.587,-0.146,-0.553,+44.9,-27.1,-4.6,+0.105,-0.231,+0.967,29.0
2025-06-01T15:00:09.533,9.533,572,WD,L_Wrist,0x03,2,572,1.274,-1.664,-0.152,-0.545,+29.1,-3.9,-7.8,+0.108,-0.217,+0.970,29.0
2025-06-01T15:00:09.550,9.550,573,WD,L_Wrist,0x03,2,573,1.270,-1.678,-0.151,-0.545,+0.6,+11.0,-10.5,+0.108,-0.214,+0.971,29.0
2025-06-01T15:00:09.566,9.567,574,WD,L_Wrist,0x03,2,574,1.270,-1.652,-0.142,-0.559,-9.5,+20.3,-8.4,+0.104,-0.216,+0.971,29.0
2025-06-01T15:00:09.583,9.583,575,WD,L_Wrist,0x03,2,575,1.270,-1.554,-0.137,-0.587,-13.7,+20.9,+4.6,+0.097,-0.219,+0.971,29.0
2025-06-01T15:00:09.600,9.600,576,WD,L_Wrist,0x03,2,576,1.269,-1.387,-0.133,-0.625,-21.5,+13.4,+10.7,+0.091,-0.224,+0.970,29.0
2025-06-01T15:00:09.616,9.617,577,WD,L_Wrist,0x03,2,577,1.269,-1.279,-0.125,-0.650,-65.6,+8.6,+14.0,+0.089,-0.232,+0.969,29.0
2025-06-01T15:00:09.633,9.633,578,WD,L_Wrist,0x03,2,578,1.269,-1.020,-0.093,-0.713,-123.8,+6.1,+18.7,+0.084,-0.261,+0.962,29.0
2025-06-01T15:00:09.650,9.650,579,WD,L_Wrist,0x03,2,579,1.265,-0.718,-0.050,-0.788,-130.0,-3.0,+20.4,+0.082,-0.302,+0.950,29.0
2025-06-01T15:00:09.666,9.667,580,WD,L_Wrist,0x03,2,580,1.265,-0.398,-0.021,-0.866,-78.1,-8.7,+17.8,+0.082,-0.334,+0.939,29.0
2025-06-01T15:00:09.683,9.683,581,WD,L_Wrist,0x03,2,581,1.265,-0.240,-0.016,-0.904,-38.3,-20.6,+23.3,+0.084,-0.345,+0.935,29.0
2025-06-01T15:00:09.700,9.700,582,WD,L_Wrist,0x03,2,582,1.264,+0.055,-0.026,-0.973,-16.4,-39.5,+36.1,+0.089,-0.356,+0.930,29.0
2025-06-01T15:00:09.716,9.717,583,WD,L_Wrist,0x03,2,583,1.264,+0.307,-0.058,-1.029,+9.2,-37.9,+30.3,+0.098,-0.356,+0.929,29.0
2025-06-01T15:00:09.733,9.733,584,WD,L_Wrist,0x03,2,584,1.264,+0.413,-0.080,-1.052,+25.4,-46.1,+31.7,+0.103,-0.353,+0.930,29.0
2025-06-01T15:00:09.750,9.750,585,WD,L_Wrist,0x03,2,585,1.261,+0.576,-0.131,-1.085,+37.2,-68.1,+43.7,+0.116,-0.344,+0.932,29.0
2025-06-01T15:00:09.766,9.767,586,WD,L_Wrist,0x03,2,586,1.261,+0.671,-0.183,-1.105,+26.0,-55.7,+35.5,+0.131,-0.336,+0.933,29.0
2025-06-01T15:00:09.783,9.783,587,WD,L_Wrist,0x03,2,587,1.261,+0.693,-0.210,-1.110,+19.5,-59.9,+42.7,+0.139,-0.333,+0.933,29.0
2025-06-01T15:00:09.800,9.800,588,WD,L_Wrist,0x03,2,588,1.260,+0.690,-0.262,-1.113,+24.3,-78.8,+60.7,+0.156,-0.329,+0.932,29.0
2025-06-01T15:00:09.816,9.817,589,WD,L_Wrist,0x03,2,589,1.260,+0.641,-0.313,-1.109,+27.5,-73.3,+57.0,+0.170,-0.325,+0.930,29.0
2025-06-01T15:00:09.833,9.833,590,WD,L_Wrist,0x03,2,590,1.260,+0.569,-0.361,-1.104,+24.7,-51.7,+37.5,+0.184,-0.319,+0.929,29.0
2025-06-01T15:00:09.850,9.850,591,WD,L_Wrist,0x03,2,591,1.259,+0.530,-0.384,-1.102,+33.2,-49.7,+33.0,+0.191,-0.316,+0.929,29.0
2025-06-01T15:00:09.866,9.867,592,WD,L_Wrist,0x03,2,592,1.259,+0.454,-0.429,-1.100,+62.8,-67.0,+46.0,+0.205,-0.305,+0.930,29.0
2025-06-01T15:00:09.883,9.883,593,WD,L_Wrist,0x03,2,593,1.259,+0.384,-0.481,-1.096,+66.9,-51.8,+37.6,+0.220,-0.287,+0.932,29.0
2025-06-01T15:00:09.900,9.900,594,WD,L_Wrist,0x03,2,594,1.259,+0.353,-0.512,-1.092,+97.6,-53.1,+39.0,+0.227,-0.274,+0.935,29.0
2025-06-01T15:00:09.916,9.917,595,WD,L_Wrist,0x03,2,595,1.259,+0.300,-0.581,-1.076,+143.2,-69.0,+50.6,+0.243,-0.239,+0.940,29.0
2025-06-01T15:00:09.933,9.933,596,WD,L_Wrist,0x03,2,596,1.259,+0.258,-0.652,-1.058,+133.1,-61.2,+47.3,+0.258,-0.203,+0.945,29.0
2025-06-01T15:00:09.950,9.950,597,WD,L_Wrist,0x03,2,597,1.259,+0.234,-0.716,-1.049,+83.9,-41.3,+35.1,+0.271,-0.173,+0.947,29.0
2025-06-01T15:00:09.966,9.967,598,WD,L_Wrist,0x03,2,598,1.259,+0.233,-0.744,-1.051,+66.2,-41.6,+38.3,+0.277,-0.162,+0.947,29.0
2025-06-01T15:00:09.983,9.983,599,WD,L_Wrist,0x03,2,599,1.259,+0.251,-0.794,-1.060,+81.7,-61.9,+56.7,+0.290,-0.143,+0.946,29.0
2025-06-01T15:00:10.000,10.000,600,WD,L_Wrist,0x03,2,600,1.260,+0.274,-0.834,-1.065,+75.1,-65.3,+58.2,+0.306,-0.126,+0.944,29.0
2025-06-01T15:00:10.016,10.017,601,WD,L_Wrist,0x03,2,601,1.260,+0.244,-0.861,-1.050,+51.8,-45.7,+37.9,+0.322,-0.112,+0.940,29.0
2025-06-01T15:00:10.033,10.033,602,WD,L_Wrist,0x03,2,602,1.260,+0.194,-0.870,-1.033,+44.0,-27.6,+8.8,+0.328,-0.105,+0.939,29.0
2025-06-01T15:00:10.050,10.050,603,WD,L_Wrist,0x03,2,603,1.261,+0.025,-0.884,-0.980,+50.5,+1.8,-29.4,+0.336,-0.090,+0.938,29.0
2025-06-01T15:00:10.066,10.067,604,WD,L_Wrist,0x03,2,604,1.261,-0.210,-0.898,-0.909,+29.8,+41.4,-50.5,+0.329,-0.072,+0.942,29.0
2025-06-01T15:00:10.083,10.083,605,WD,L_Wrist,0x03,2,605,1.261,-0.342,-0.905,-0.871,+4.5,+110.6,-67.5,+0.316,-0.064,+0.947,29.0
2025-06-01T15:00:10.100,10.100,606,WD,L_Wrist,0x03,2,606,1.262,-0.625,-0.909,-0.803,-43.8,+202.8,-100.4,+0.270,-0.057,+0.961,29.0
2025-06-01T15:00:10.116,10.117,607,WD,L_Wrist,0x03,2,607,1.262,-0.932,-0.875,-0.757,-140.3,+241.4,-134.3,+0.206,-0.073,+0.976,29.0
2025-06-01T15:00:10.133,10.133,608,WD,L_Wrist,0x03,2,608,1.262,-1.243,-0.773,-0.740,-164.2,+182.2,-128.7,+0.140,-0.121,+0.983,29.0
2025-06-01T15:00:10.150,10.150,609,WD,L_Wrist,0x03,2,609,1.264,-1.390,-0.695,-0.738,-223.6,+183.3,-168.1,+0.110,-0.156,+0.982,29.0
2025-06-01T15:00:10.166,10.167,610,WD,L_Wrist,0x03,2,610,1.264,-1.648,-0.507,-0.723,-280.6,+236.7,-207.8,+0.055,-0.237,+0.970,29.0
2025-06-01T15:00:10.183,10.183,611,WD,L_Wrist,0x03,2,611,1.264,-1.831,-0.328,-0.669,-166.1,+173.3,-130.2,+0.003,-0.308,+0.951,29.0
2025-06-01T15:00:10.200,10.200,612,WD,L_Wrist,0x03,2,612,1.265,-1.885,-0.260,-0.627,-55.8,+159.6,-100.2,-0.021,-0.330,+0.944,29.0
2025-06-01T15:00:10.216,10.217,613,WD,L_Wrist,0x03,2,613,1.265,-1.900,-0.174,-0.535,+54.4,+182.3,-122.4,-0.065,-0.340,+0.938,29.0
2025-06-01T15:00:10.233,10.233,614,WD,L_Wrist,0x03,2,614,1.265,-1.770,-0.139,-0.463,+187.1,+144.6,-124.7,-0.098,-0.305,+0.947,29.0
2025-06-01T15:00:10.250,10.250,615,WD,L_Wrist,0x03,2,615,1.268,-1.502,-0.123,-0.435,+179.8,+93.9,-95.2,-0.124,-0.244,+0.962,29.0
2025-06-01T15:00:10.266,10.267,616,WD,L_Wrist,0x03,2,616,1.268,-1.334,-0.113,-0.437,+155.1,+82.1,-83.9,-0.136,-0.212,+0.968,29.0
2025-06-01T15:00:10.283,10.283,617,WD,L_Wrist,0x03,2,617,1.268,-0.974,-0.076,-0.462,+131.1,+115.8,-111.3,-0.161,-0.163,+0.973,29.0
2025-06-01T15:00:10.300,10.300,618,WD,L_Wrist,0x03,2,618,1.270,-0.622,-0.014,-0.504,+31.5,+92.9,-86.0,-0.190,-0.148,+0.971,29.0
2025-06-01T15:00:10.316,10.317,619,WD,L_Wrist,0x03,2,619,1.270,-0.454,+0.025,-0.527,-60.0,+101.7,-93.6,-0.205,-0.154,+0.966,29.0
2025-06-01T15:00:10.333,10.333,620,WD,L_Wrist,0x03,2,620,1.270,-0.129,+0.109,-0.568,-152.5,+133.4,-121.2,-0.237,-0.192,+0.952,29.0
2025-06-01T15:00:10.350,10.350,621,WD,L_Wrist,0x03,2,621,1.273,+0.171,+0.195,-0.597,-219.2,+117.9,-103.0,-0.265,-0.255,+0.930,29.0
2025-06-01T15:00:10.366,10.367,622,WD,L_Wrist,0x03,2,622,1.273,+0.422,+0.278,-0.606,-179.8,+75.8,-61.1,-0.286,-0.327,+0.901,29.0
2025-06-01T15:00:10.383,10.383,623,WD,L_Wrist,0x03,2,623,1.273,+0.523,+0.317,-0.599,-157.7,+67.1,-41.9,-0.294,-0.361,+0.885,29.0
2025-06-01T15:00:10.400,10.400,624,WD,L_Wrist,0x03,2,624,1.276,+0.678,+0.389,-0.556,-150.5,+82.1,-34.5,-0.311,-0.414,+0.855,29.0
2025-06-01T15:00:10.416,10.417,625,WD,L_Wrist,0x03,2,625,1.276,+0.772,+0.441,-0.469,-58.8,+70.2,-12.6,-0.328,-0.443,+0.835,29.0
2025-06-01T15:00:10.433,10.433,626,WD,L_Wrist,0x03,2,626,1.276,+0.803,+0.463,-0.336,+5.0,+41.3,-0.0,-0.342,-0.446,+0.827,29.0
2025-06-01T15:00:10.450,10.450,627,WD,L_Wrist,0x03,2,627,1.279,+0.795,+0.461,-0.258,+47.4,+21.5,+8.2,-0.347,-0.440,+0.828,29.0
2025-06-01T15:00:10.466,10.467,628,WD,L_Wrist,0x03,2,628,1.279,+0.735,+0.436,-0.095,+85.6,+11.5,+17.9,-0.354,-0.421,+0.835,29.0
2025-06-01T15:00:10.483,10.483,629,WD,L_Wrist,0x03,2,629,1.279,+0.634,+0.388,+0.039,+108.3,-11.5,+34.6,-0.357,-0.395,+0.846,29.0
2025-06-01T15:00:10.500,10.500,630,WD,L_Wrist,0x03,2,630,1.280,+0.514,+0.317,+0.106,+91.5,-25.1,+41.9,-0.356,-0.361,+0.862,29.0
2025-06-01T15:00:10.516,10.517,631,WD,L_Wrist,0x03,2,631,1.280,+0.450,+0.274,+0.108,+92.9,-52.3,+67.5,-0.354,-0.340,+0.871,29.0
2025-06-01T15:00:10.533,10.533,632,WD,L_Wrist,0x03,2,632,1.280,+0.318,+0.176,+0.057,+102.2,-94.7,+103.2,-0.342,-0.299,+0.891,29.0
2025-06-01T15:00:10.550,10.550,633,WD,L_Wrist,0x03,2,633,1.283,+0.191,+0.080,-0.047,+52.5,-84.8,+78.3,-0.323,-0.267,+0.908,29.0
2025-06-01T15:00:10.566,10.567,634,WD,L_Wrist,0x03,2,634,1.283,+0.132,+0.036,-0.109,+14.9,-95.4,+65.2,-0.311,-0.257,+0.915,29.0
2025-06-01T15:00:10.583,10.583,635,WD,L_Wrist,0x03,2,635,1.283,+0.026,-0.041,-0.239,+1.3,-142.4,+82.1,-0.282,-0.247,+0.927,29.0
2025-06-01T15:00:10.600,10.600,636,WD,L_Wrist,0x03,2,636,1.289,-0.069,-0.112,-0.367,-3.5,-165.1,+86.9,-0.246,-0.243,+0.938,29.0
2025-06-01T15:00:10.616,10.617,637,WD,L_Wrist,0x03,2,637,1.289,-0.155,-0.183,-0.479,+3.3,-133.8,+70.7,-0.204,-0.237,+0.950,29.0
2025-06-01T15:00:10.633,10.633,638,WD,L_Wrist,0x03,2,638,1.289,-0.192,-0.219,-0.527,+4.3,-136.8,+74.5,-0.182,-0.233,+0.955,29.0
2025-06-01T15:00:10.650,10.650,639,WD,L_Wrist,0x03,2,639,1.290,-0.252,-0.285,-0.610,-2.0,-184.2,+103.1,-0.137,-0.226,+0.964,29.0
2025-06-01T15:00:10.666,10.667,640,WD,L_Wrist,0x03,2,640,1.290,-0.296,-0.341,-0.680,-9.0,-140.0,+79.9,-0.092,-0.226,+0.970,29.0
2025-06-01T15:00:10.683,10.683,641,WD,L_Wrist,0x03,2,641,1.290,-0.316,-0.365,-0.710,-12.0,-139.2,+80.0,-0.069,-0.227,+0.971,29.0
2025-06-01T15:00:10.700,10.700,642,WD,L_Wrist,0x03,2,642,1.296,-0.361,-0.406,-0.755,-0.1,-179.6,+99.1,-0.024,-0.229,+0.973,29.0
2025-06-01T15:00:10.716,10.717,643,WD,L_Wrist,0x03,2,643,1.296,-0.417,-0.445,-0.778,+12.4,-174.0,+87.9,+0.020,-0.226,+0.974,29.0
2025-06-01T15:00:10.733,10.733,644,WD,L_Wrist,0x03,2,644,1.296,-0.479,-0.476,-0.794,+6.7,-128.9,+60.5,+0.063,-0.223,+0.973,29.0
2025-06-01T15:00:10.750,10.750,645,WD,L_Wrist,0x03,2,645,1.299,-0.508,-0.488,-0.804,-6.2,-123.4,+54.0,+0.085,-0.224,+0.971,29.0
2025-06-01T15:00:10.766,10.767,646,WD,L_Wrist,0x03,2,646,1.299,-0.552,-0.504,-0.825,+1.6,-151.3,+63.6,+0.126,-0.229,+0.965,29.0
2025-06-01T15:00:10.783,10.783,647,WD,L_Wrist,0x03,2,647,1.299,-0.576,-0.524,-0.843,+16.5,-103.4,+42.2,+0.161,-0.228,+0.960,29.0
2025-06-01T15:00:10.800,10.800,648,WD,L_Wrist,0x03,2,648,1.302,-0.583,-0.537,-0.849,+35.2,-96.2,+37.6,+0.178,-0.224,+0.958,29.0
2025-06-01T15:00:10.816,10.817,649,WD,L_Wrist,0x03,2,649,1.302,-0.595,-0.568,-0.860,+49.0,-124.9,+46.6,+0.210,-0.213,+0.954,29.0
2025-06-01T15:00:10.833,10.833,650,WD,L_Wrist,0x03,2,650,1.302,-0.608,-0.597,-0.869,+44.6,-115.2,+35.5,+0.241,-0.203,+0.949,29.0
2025-06-01T15:00:10.850,10.850,651,WD,L_Wrist,0x03,2,651,1.305,-0.623,-0.621,-0.875,+33.5,-78.0,+17.9,+0.270,-0.193,+0.943,29.0
2025-06-01T15:00:10.866,10.867,652,WD,L_Wrist,0x03,2,652,1.305,-0.631,-0.632,-0.876,+38.8,-67.6,+8.2,+0.282,-0.187,+0.941,29.0
2025-06-01T15:00:10.883,10.883,653,WD,L_Wrist,0x03,2,653,1.305,-0.649,-0.653,-0.879,+51.8,-86.7,+9.3,+0.306,-0.173,+0.936,29.0
2025-06-01T15:00:10.900,10.900,654,WD,L_Wrist,0x03,2,654,1.309,-0.670,-0.669,-0.887,+44.9,-85.5,+8.6,+0.329,-0.160,+0.931,29.0
2025-06-01T15:00:10.916,10.917,655,WD,L_Wrist,0x03,2,655,1.309,-0.690,-0.677,-0.903,+27.9,-62.4,+4.7,+0.351,-0.150,+0.924,29.0
2025-06-01T15:00:10.933,10.933,656,WD,L_Wrist,0x03,2,656,1.309,-0.697,-0.678,-0.913,+22.2,-55.3,-0.8,+0.362,-0.146,+0.921,29.0
2025-06-01T15:00:10.950,10.950,657,WD,L_Wrist,0x03,2,657,1.310,-0.707,-0.675,-0.934,+26.8,-65.1,-5.4,+0.381,-0.138,+0.914,29.0
2025-06-01T15:00:10.966,10.967,658,WD,L_Wrist,0x03,2,658,1.310,-0.710,-0.666,-0.951,+18.4,-42.5,-6.9,+0.397,-0.131,+0.909,29.0
2025-06-01T15:00:10.983,10.983,659,WD,L_Wrist,0x03,2,659,1.310,-0.708,-0.660,-0.957,+17.2,-35.1,-11.6,+0.404,-0.127,+0.906,29.0
2025-06-01T15:00:11.000,11.000,660,WD,L_Wrist,0x03,2,660,1.311,-0.702,-0.644,-0.965,+24.0,-38.3,-21.3,+0.416,-0.119,+0.901,29.0
2025-06-01T15:00:11.016,11.017,661,WD,L_Wrist,0x03,2,661,1.311,-0.689,-0.623,-0.967,+28.7,-24.4,-28.2,+0.425,-0.109,+0.898,29.0
2025-06-01T15:00:11.033,11.033,662,WD,L_Wrist,0x03,2,662,1.311,-0.670,-0.601,-0.964,+25.1,-8.9,-24.2,+0.431,-0.097,+0.897,29.0
2025-06-01T15:00:11.050,11.050,663,WD,L_Wrist,0x03,2,663,1.312,-0.659,-0.590,-0.962,+26.6,+6.1,-28.8,+0.432,-0.090,+0.898,29.0
2025-06-01T15:00:11.066,11.067,664,WD,L_Wrist,0x03,2,664,1.312,-0.632,-0.569,-0.957,+29.9,+25.3,-44.3,+0.429,-0.076,+0.900,29.0
2025-06-01T15:00:11.083,11.083,665,WD,L_Wrist,0x03,2,665,1.312,-0.599,-0.546,-0.956,+16.2,+47.2,-52.4,+0.420,-0.063,+0.905,29.0
2025-06-01T15:00:11.100,11.100,666,WD,L_Wrist,0x03,2,666,1.313,-0.562,-0.519,-0.959,+2.6,+46.2,-43.1,+0.406,-0.055,+0.912,29.0
2025-06-01T15:00:11.116,11.117,667,WD,L_Wrist,0x03,2,667,1.313,-0.544,-0.506,-0.962,-11.6,+56.2,-44.8,+0.397,-0.052,+0.916,29.0
2025-06-01T15:00:11.133,11.133,668,WD,L_Wrist,0x03,2,668,1.313,-0.512,-0.479,-0.969,-26.8,+83.6,-60.5,+0.377,-0.050,+0.925,29.0
2025-06-01T15:00:11.150,11.150,669,WD,L_Wrist,0x03,2,669,1.313,-0.483,-0.452,-0.976,-37.8,+97.5,-63.7,+0.354,-0.053,+0.934,29.0
2025-06-01T15:00:11.166,11.167,670,WD,L_Wrist,0x03,2,670,1.313,-0.447,-0.422,-0.979,-32.0,+83.6,-50.3,+0.326,-0.058,+0.943,29.0
2025-06-01T15:00:11.183,11.183,671,WD,L_Wrist,0x03,2,671,1.313,-0.423,-0.404,-0.979,-39.7,+103.1,-50.9,+0.310,-0.061,+0.949,29.0
2025-06-01T15:00:11.200,11.200,672,WD,L_Wrist,0x03,2,672,1.312,-0.365,-0.365,-0.974,-59.8,+146.4,-60.1,+0.271,-0.071,+0.960,29.0
2025-06-01T15:00:11.216,11.217,673,WD,L_Wrist,0x03,2,673,1.312,-0.302,-0.323,-0.963,-48.5,+107.7,-39.0,+0.231,-0.085,+0.969,29.0
2025-06-01T15:00:11.233,11.233,674,WD,L_Wrist,0x03,2,674,1.312,-0.272,-0.301,-0.957,-55.1,+96.7,-35.1,+0.212,-0.093,+0.973,29.0
2025-06-01T15:00:11.250,11.250,675,WD,L_Wrist,0x03,2,675,1.310,-0.211,-0.253,-0.942,-96.5,+138.3,-26.9,+0.178,-0.112,+0.978,29.0
2025-06-01T15:00:11.266,11.267,676,WD,L_Wrist,0x03,2,676,1.310,-0.146,-0.196,-0.926,-90.8,+113.8,+0.9,+0.135,-0.145,+0.980,29.0
2025-06-01T15:00:11.283,11.283,677,WD,L_Wrist,0x03,2,677,1.310,-0.113,-0.167,-0.918,-87.9,+103.0,+18.9,+0.113,-0.164,+0.980,29.0
2025-06-01T15:00:11.300,11.300,678,WD,L_Wrist,0x03,2,678,1.309,-0.049,-0.118,-0.903,-85.3,+99.0,+26.7,+0.074,-0.196,+0.978,29.0
2025-06-01T15:00:11.316,11.317,679,WD,L_Wrist,0x03,2,679,1.309,+0.011,-0.085,-0.891,-39.7,+49.6,+12.5,+0.054,-0.213,+0.976,29.0
2025-06-01T15:00:11.333,11.333,680,WD,L_Wrist,0x03,2,680,1.309,+0.065,-0.059,-0.879,-16.9,+24.7,+3.8,+0.045,-0.219,+0.975,29.0
2025-06-01T15:00:11.350,11.350,681,WD,L_Wrist,0x03,2,681,1.307,+0.089,-0.047,-0.873,-19.6,+28.1,+7.3,+0.039,-0.223,+0.974,29.0
2025-06-01T15:00:11.366,11.367,682,WD,L_Wrist,0x03,2,682,1.307,+0.117,-0.023,-0.865,-20.9,+33.7,+8.6,+0.028,-0.230,+0.973,29.0
2025-06-01T15:00:11.383,11.383,683,WD,L_Wrist,0x03,2,683,1.307,+0.108,-0.003,-0.862,-30.7,+41.0,+17.8,+0.019,-0.235,+0.972,29.0
2025-06-01T15:00:11.400,11.400,684,WD,L_Wrist,0x03,2,684,1.306,+0.060,+0.023,-0.858,-46.6,+46.0,+30.9,+0.002,-0.248,+0.969,29.0
2025-06-01T15:00:11.416,11.417,685,WD,L_Wrist,0x03,2,685,1.306,+0.022,+0.042,-0.855,-84.9,+59.3,+59.7,-0.011,-0.261,+0.965,29.0
2025-06-01T15:00:11.433,11.433,686,WD,L_Wrist,0x03,2,686,1.306,-0.085,+0.089,-0.846,-121.0,+62.5,+90.8,-0.041,-0.295,+0.955,29.0
2025-06-01T15:00:11.450,11.450,687,WD,L_Wrist,0x03,2,687,1.302,-0.232,+0.141,-0.832,-97.4,+18.5,+84.4,-0.062,-0.326,+0.943,29.0
2025-06-01T15:00:11.466,11.467,688,WD,L_Wrist,0x03,2,688,1.302,-0.420,+0.186,-0.809,-55.3,-8.4,+57.3,-0.067,-0.346,+0.936,29.0
2025-06-01T15:00:11.483,11.483,689,WD,L_Wrist,0x03,2,689,1.302,-0.524,+0.206,-0.792,-57.8,-8.5,+66.5,-0.068,-0.354,+0.933,29.0
2025-06-01T15:00:11.500,11.500,690,WD,L_Wrist,0x03,2,690,1.299,-0.742,+0.243,-0.745,-77.1,-3.8,+92.1,-0.076,-0.374,+0.924,29.0
2025-06-01T15:00:11.516,11.517,691,WD,L_Wrist,0x03,2,691,1.299,-0.964,+0.270,-0.682,-49.9,-0.4,+64.7,-0.086,-0.392,+0.916,29.0
2025-06-01T15:00:11.533,11.533,692,WD,L_Wrist,0x03,2,692,1.299,-1.073,+0.278,-0.646,-28.6,-1.7,+52.6,-0.090,-0.398,+0.913,29.0
2025-06-01T15:00:11.550,11.550,693,WD,L_Wrist,0x03,2,693,1.297,-1.271,+0.275,-0.575,-23.0,-1.4,+65.8,-0.098,-0.404,+0.909,29.0
2025-06-01T15:00:11.566,11.567,694,WD,L_Wrist,0x03,2,694,1.297,-1.425,+0.249,-0.512,-12.2,-1.4,+66.0,-0.105,-0.406,+0.908,29.0
2025-06-01T15:00:11.583,11.583,695,WD,L_Wrist,0x03,2,695,1.297,-1.521,+0.202,-0.462,-5.7,-2.8,+49.2,-0.112,-0.407,+0.907,29.0
2025-06-01T15:00:11.600,11.600,696,WD,L_Wrist,0x03,2,696,1.291,-1.546,+0.172,-0.444,+2.1,-8.7,+41.7,-0.115,-0.406,+0.907,29.0
2025-06-01T15:00:11.616,11.617,697,WD,L_Wrist,0x03,2,697,1.291,-1.545,+0.101,-0.428,+8.8,-19.3,+46.6,-0.118,-0.403,+0.908,29.0
2025-06-01T15:00:11.633,11.633,698,WD,L_Wrist,0x03,2,698,1.291,-1.472,+0.022,-0.447,-1.2,-29.9,+40.5,-0.116,-0.398,+0.910,29.0
2025-06-01T15:00:11.650,11.650,699,WD,L_Wrist,0x03,2,699,1.288,-1.321,-0.052,-0.505,-17.9,-28.2,+30.5,-0.111,-0.400,+0.910,29.0
2025-06-01T15:00:11.666,11.667,700,WD,L_Wrist,0x03,2,700,1.288,-1.219,-0.083,-0.545,-43.8,-36.7,+31.9,-0.108,-0.406,+0.908,29.0
2025-06-01T15:00:11.683,11.683,701,WD,L_Wrist,0x03,2,701,1.288,-0.972,-0.134,-0.641,-61.8,-55.3,+37.5,-0.100,-0.422,+0.901,29.0
2025-06-01T15:00:11.700,11.700,702,WD,L_Wrist,0x03,2,702,1.285,-0.683,-0.182,-0.739,-38.7,-44.1,+22.2,-0.088,-0.436,+0.896,29.0
2025-06-01T15:00:11.716,11.717,703,WD,L_Wrist,0x03,2,703,1.285,-0.529,-0.206,-0.785,-18.7,-42.7,+15.7,-0.082,-0.441,+0.894,29.0
2025-06-01T15:00:11.733,11.733,704,WD,L_Wrist,0x03,2,704,1.285,-0.219,-0.258,-0.865,-6.7,-54.7,+18.8,-0.070,-0.445,+0.893,29.0
2025-06-01T15:00:11.750,11.750,705,WD,L_Wrist,0x03,2,705,1.281,+0.070,-0.314,-0.931,+19.3,-54.9,+19.0,-0.058,-0.443,+0.894,29.0
2025-06-01T15:00:11.766,11.767,706,WD,L_Wrist,0x03,2,706,1.281,+0.312,-0.373,-0.984,+32.0,-43.6,+15.4,-0.046,-0.434,+0.900,29.0
2025-06-01T15:00:11.783,11.783,707,WD,L_Wrist,0x03,2,707,1.281,+0.410,-0.405,-1.008,+52.1,-46.6,+16.6,-0.040,-0.426,+0.904,29.0
2025-06-01T15:00:11.800,11.800,708,WD,L_Wrist,0x03,2,708,1.275,+0.557,-0.470,-1.050,+70.6,-62.1,+21.5,-0.026,-0.406,+0.913,29.0
2025-06-01T15:00:11.816,11.817,709,WD,L_Wrist,0x03,2,709,1.275,+0.641,-0.527,-1.090,+50.4,-59.1,+15.5,-0.012,-0.388,+0.921,29.0
2025-06-01T15:00:11.833,11.833,710,WD,L_Wrist,0x03,2,710,1.275,+0.669,-0.569,-1.131,+18.9,-40.9,+6.4,+0.002,-0.379,+0.925,29.0
2025-06-01T15:00:11.850,11.850,711,WD,L_Wrist,0x03,2,711,1.272,+0.665,-0.584,-1.150,-0.5,-34.2,+2.4,+0.009,-0.378,+0.926,29.0
2025-06-01T15:00:11.866,11.867,712,WD,L_Wrist,0x03,2,712,1.272,+0.632,-0.607,-1.185,-4.2,-39.2,+5.3,+0.020,-0.380,+0.925,29.0
2025-06-01T15:00:11.883,11.883,713,WD,L_Wrist,0x03,2,713,1.272,+0.577,-0.626,-1.213,-0.5,-25.5,+6.8,+0.029,-0.381,+0.924,29.0
2025-06-01T15:00:11.900,11.900,714,WD,L_Wrist,0x03,2,714,1.270,+0.546,-0.634,-1.225,+8.0,-24.6,+9.7,+0.032,-0.380,+0.924,29.0
2025-06-01T15:00:11.916,11.917,715,WD,L_Wrist,0x03,2,715,1.270,+0.488,-0.651,-1.245,+16.1,-33.6,+14.2,+0.040,-0.376,+0.926,29.0
2025-06-01T15:00:11.933,11.933,716,WD,L_Wrist,0x03,2,716,1.270,+0.443,-0.666,-1.260,+17.9,-32.6,+15.8,+0.047,-0.372,+0.927,29.0
2025-06-01T15:00:11.950,11.950,717,WD,L_Wrist,0x03,2,717,1.267,+0.422,-0.679,-1.274,+11.9,-23.0,+13.0,+0.054,-0.367,+0.929,29.0
2025-06-01T15:00:11.966,11.967,718,WD,L_Wrist,0x03,2,718,1.267,+0.423,-0.684,-1.279,+7.8,-24.0,+15.0,+0.057,-0.366,+0.929,29.0
2025-06-01T15:00:11.983,11.983,719,WD,L_Wrist,0x03,2,719,1.267,+0.429,-0.688,-1.282,+4.9,-37.4,+17.8,+0.064,-0.363,+0.929,29.0
2025-06-01T15:00:12.000,12.000,720,WD,L_Wrist,0x03,2,720,1.264,+0.399,-0.685,-1.266,-2.6,-45.8,-2.3,+0.074,-0.364,+0.929,29.0
2025-06-01T15:00:12.016,12.017,721,WD,L_Wrist,0x03,2,721,1.264,+0.286,-0.680,-1.225,-4.6,-36.9,-25.7,+0.089,-0.365,+0.927,29.0
2025-06-01T15:00:12.033,12.033,722,WD,L_Wrist,0x03,2,722,1.264,+0.195,-0.678,-1.197,+1.8,-27.6,-68.9,+0.099,-0.365,+0.926,29.0
2025-06-01T15:00:12.050,12.050,723,WD,L_Wrist,0x03,2,723,1.262,-0.031,-0.672,-1.133,+15.6,-4.2,-116.1,+0.118,-0.360,+0.926,29.0
2025-06-01T15:00:12.066,12.067,724,WD,L_Wrist,0x03,2,724,1.262,-0.280,-0.656,-1.064,+19.5,+31.9,-92.2,+0.125,-0.348,+0.929,29.0
2025-06-01T15:00:12.083,12.083,725,WD,L_Wrist,0x03,2,725,1.262,-0.403,-0.639,-1.030,+6.7,+85.3,-82.5,+0.120,-0.343,+0.932,29.0
2025-06-01T15:00:12.100,12.100,726,WD,L_Wrist,0x03,2,726,1.260,-0.645,-0.574,-0.955,-19.2,+146.2,-122.4,+0.095,-0.339,+0.936,29.0
2025-06-01T15:00:12.116,12.117,727,WD,L_Wrist,0x03,2,727,1.260,-0.881,-0.465,-0.858,-40.5,+159.2,-164.7,+0.065,-0.346,+0.936,29.0
2025-06-01T15:00:12.133,12.133,728,WD,L_Wrist,0x03,2,728,1.260,-1.103,-0.335,-0.724,-19.0,+115.0,-149.8,+0.042,-0.354,+0.934,29.0
2025-06-01T15:00:12.150,12.150,729,WD,L_Wrist,0x03,2,729,1.257,-1.204,-0.274,-0.644,+37.6,+109.8,-156.7,+0.033,-0.353,+0.935,29.0
2025-06-01T15:00:12.166,12.167,730,WD,L_Wrist,0x03,2,730,1.257,-1.375,-0.180,-0.480,+146.5,+143.9,-186.3,+0.013,-0.330,+0.944,29.0
2025-06-01T15:00:12.183,12.183,731,WD,L_Wrist,0x03,2,731,1.257,-1.481,-0.135,-0.343,+182.8,+106.9,-119.9,-0.012,-0.271,+0.962,29.0
2025-06-01T15:00:12.200,12.200,732,WD,L_Wrist,0x03,2,732,1.255,-1.501,-0.127,-0.295,+236.8,+91.2,-92.9,-0.026,-0.229,+0.973,29.0
2025-06-01T15:00:12.216,12.217,733,WD,L_Wrist,0x03,2,733,1.255,-1.458,-0.119,-0.253,+274.2,+108.6,-120.9,-0.054,-0.138,+0.989,29.0
2025-06-01T15:00:12.233,12.233,734,WD,L_Wrist,0x03,2,734,1.255,-1.304,-0.081,-0.287,+125.1,+84.2,-123.7,-0.077,-0.075,+0.994,29.0
2025-06-01T15:00:12.250,12.250,735,WD,L_Wrist,0x03,2,735,1.252,-1.069,+0.001,-0.388,-13.2,+48.5,-95.9,-0.095,-0.071,+0.993,29.0
2025-06-01T15:00:12.266,12.267,736,WD,L_Wrist,0x03,2,736,1.252,-0.940,+0.052,-0.450,-119.8,+38.3,-92.1,-0.101,-0.088,+0.991,29.0
2025-06-01T15:00:12.283,12.283,737,WD,L_Wrist,0x03,2,737,1.252,-0.684,+0.150,-0.573,-204.5,+48.9,-107.3,-0.111,-0.145,+0.983,29.0
2025-06-01T15:00:12.300,12.300,738,WD,L_Wrist,0x03,2,738,1.250,-0.439,+0.228,-0.671,-238.5,+49.8,-84.6,-0.120,-0.212,+0.970,29.0
2025-06-01T15:00:12.316,12.317,739,WD,L_Wrist,0x03,2,739,1.250,-0.188,+0.298,-0.748,-188.8,+33.6,-49.7,-0.128,-0.285,+0.950,29.0
2025-06-01T15:00:12.333,12.333,740,WD,L_Wrist,0x03,2,740,1.250,-0.059,+0.333,-0.777,-167.5,+26.6,-34.1,-0.132,-0.321,+0.938,29.0
2025-06-01T15:00:12.350,12.350,741,WD,L_Wrist,0x03,2,741,1.249,+0.191,+0.397,-0.807,-156.0,+32.8,-29.2,-0.136,-0.379,+0.915,29.0
2025-06-01T15:00:12.366,12.367,742,WD,L_Wrist,0x03,2,742,1.249,+0.407,+0.436,-0.780,-54.9,+27.0,-10.8,-0.143,-0.407,+0.902,29.0
2025-06-01T15:00:12.383,12.383,743,WD,L_Wrist,0x03,2,743,1.249,+0.493,+0.441,-0.740,+17.5,+31.5,-0.3,-0.148,-0.409,+0.900,29.0
2025-06-01T15:00:12.400,12.400,744,WD,L_Wrist,0x03,2,744,1.247,+0.610,+0.426,-0.614,+65.6,+38.3,+5.4,-0.160,-0.398,+0.904,29.0
2025-06-01T15:00:12.416,12.417,745,WD,L_Wrist,0x03,2,745,1.247,+0.646,+0.382,-0.464,+99.3,+24.5,+10.6,-0.169,-0.374,+0.912,29.0
2025-06-01T15:00:12.433,12.433,746,WD,L_Wrist,0x03,2,746,1.247,+0.607,+0.322,-0.341,+84.0,+7.2,+11.5,-0.175,-0.344,+0.923,29.0
2025-06-01T15:00:12.450,12.450,747,WD,L_Wrist,0x03,2,747,1.246,+0.564,+0.288,-0.303,+88.2,-10.6,+23.6,-0.176,-0.328,+0.928,29.0
2025-06-01T15:00:12.466,12.467,748,WD,L_Wrist,0x03,2,748,1.246,+0.447,+0.215,-0.279,+115.4,-32.8,+48.6,-0.173,-0.294,+0.940,29.0
2025-06-01T15:00:12.483,12.483,749,WD,L_Wrist,0x03,2,749,1.246,+0.307,+0.134,-0.311,+81.8,-38.0,+48.3,-0.166,-0.260,+0.951,29.0
2025-06-01T15:00:12.500,12.500,750,WD,L_Wrist,0x03,2,750,1.243,+0.235,+0.093,-0.340,+63.5,-50.2,+53.9,-0.160,-0.244,+0.957,29.0
2025-06-01T15:00:12.516,12.517,751,WD,L_Wrist,0x03,2,751,1.243,+0.097,+0.012,-0.415,+57.9,-75.9,+71.4,-0.145,-0.219,+0.965,29.0
2025-06-01T15:00:12.533,12.533,752,WD,L_Wrist,0x03,2,752,1.243,-0.023,-0.063,-0.503,+24.2,-88.6,+73.2,-0.127,-0.205,+0.970,29.0
2025-06-01T15:00:12.550,12.550,753,WD,L_Wrist,0x03,2,753,1.241,-0.124,-0.136,-0.593,+4.1,-76.2,+59.6,-0.104,-0.200,+0.974,29.0
2025-06-01T15:00:12.566,12.567,754,WD,L_Wrist,0x03,2,754,1.241,-0.167,-0.171,-0.636,-9.5,-90.8,+68.3,-0.091,-0.200,+0.976,29.0
2025-06-01T15:00:12.583,12.583,755,WD,L_Wrist,0x03,2,755,1.241,-0.240,-0.238,-0.714,-18.8,-129.3,+96.7,-0.060,-0.202,+0.978,29.0
2025-06-01T15:00:12.600,12.600,756,WD,L_Wrist,0x03,2,756,1.240,-0.293,-0.296,-0.776,-24.0,-128.1,+96.9,-0.028,-0.207,+0.978,29.0
2025-06-01T15:00:12.616,12.617,757,WD,L_Wrist,0x03,2,757,1.240,-0.324,-0.343,-0.821,-21.7,-90.4,+68.6,+0.001,-0.214,+0.977,29.0
2025-06-01T15:00:12.633,12.633,758,WD,L_Wrist,0x03,2,758,1.240,-0.334,-0.362,-0.840,-40.6,-88.2,+63.0,+0.015,-0.219,+0.976,29.0
2025-06-01T15:00:12.650,12.650,759,WD,L_Wrist,0x03,2,759,1.236,-0.350,-0.388,-0.873,-73.1,-119.9,+79.9,+0.043,-0.237,+0.970,29.0
2025-06-01T15:00:12.666,12.667,760,WD,L_Wrist,0x03,2,760,1.236,-0.370,-0.400,-0.903,-61.3,-89.4,+56.5,+0.071,-0.262,+0.962,29.0
2025-06-01T15:00:12.683,12.683,761,WD,L_Wrist,0x03,2,761,1.236,-0.383,-0.405,-0.916,-44.1,-77.9,+50.2,+0.084,-0.274,+0.958,29.0
2025-06-01T15:00:12.700,12.700,762,WD,L_Wrist,0x03,2,762,1.236,-0.406,-0.416,-0.937,-29.9,-82.5,+55.1,+0.106,-0.289,+0.951,29.0
2025-06-01T15:00:12.716,12.717,763,WD,L_Wrist,0x03,2,763,1.236,-0.420,-0.431,-0.951,-7.3,-60.6,+44.1,+0.121,-0.294,+0.948,29.0
2025-06-01T15:00:12.733,12.733,764,WD,L_Wrist,0x03,2,764,1.236,-0.425,-0.444,-0.965,-2.7,-40.9,+32.0,+0.132,-0.297,+0.946,29.0
2025-06-01T15:00:12.750,12.750,765,WD,L_Wrist,0x03,2,765,1.234,-0.427,-0.449,-0.974,+3.2,-34.1,+26.7,+0.138,-0.298,+0.944,29.0
2025-06-01T15:00:12.766,12.767,766,WD,L_Wrist,0x03,2,766,1.234,-0.419,-0.458,-0.988,+23.9,-16.7,+8.6,+0.146,-0.297,+0.944,29.0
2025-06-01T15:00:12.783,12.783,767,WD,L_Wrist,0x03,2,767,1.234,-0.388,-0.467,-0.990,+30.7,+11.6,-15.9,+0.146,-0.286,+0.947,29.0
2025-06-01T15:00:12.800,12.800,768,WD,L_Wrist,0x03,2,768,1.231,-0.366,-0.470,-0.988,+28.5,+28.3,-29.7,+0.143,-0.279,+0.950,29.0
2025-06-01T15:00:12.816,12.817,769,WD,L_Wrist,0x03,2,769,1.231,-0.326,-0.469,-0.984,+21.1,+28.6,-29.1,+0.135,-0.268,+0.954,29.0
2025-06-01T15:00:12.833,12.833,770,WD,L_Wrist,0x03,2,770,1.231,-0.306,-0.462,-0.987,+3.4,+10.1,-10.7,+0.131,-0.265,+0.955,29.0
2025-06-01T15:00:12.850,12.850,771,WD,L_Wrist,0x03,2,771,1.229,-0.301,-0.453,-0.992,+0.3,+3.9,-4.7,+0.131,-0.265,+0.955,29.0
2025-06-01T15:00:12.866,12.867,772,WD,L_Wrist,0x03,2,772,1.229,-0.299,-0.449,-0.993,+2.5,+6.7,-7.7,+0.130,-0.264,+0.956,29.0
2025-06-01T15:00:12.883,12.883,773,WD,L_Wrist,0x03,2,773,1.229,-0.296,-0.443,-0.995,+3.5,+9.3,-10.7,+0.128,-0.263,+0.956,29.0
2025-06-01T15:00:12.900,12.900,774,WD,L_Wrist,0x03,2,774,1.226,-0.295,-0.439,-0.997,+3.6,+9.6,-11.1,+0.126,-0.262,+0.957,29.0
2025-06-01T15:00:12.916,12.917,775,WD,L_Wrist,0x03,2,775,1.226,-0.294,-0.435,-1.001,+2.6,+7.4,-8.6,+0.125,-0.260,+0.958,29.0
2025-06-01T15:00:12.933,12.933,776,WD,L_Wrist,0x03,2,776,1.226,-0.293,-0.432,-1.003,+2.6,+8.1,-9.3,+0.124,-0.259,+0.958,29.0
2025-06-01T15:00:12.950,12.950,777,WD,L_Wrist,0x03,2,777,1.223,-0.290,-0.427,-1.006,+2.0,+8.4,-10.4,+0.121,-0.258,+0.958,29.0
2025-06-01T15:00:12.966,12.967,778,WD,L_Wrist,0x03,2,778,1.223,-0.290,-0.419,-1.012,+1.2,+5.9,-7.8,+0.120,-0.258,+0.959,29.0
2025-06-01T15:00:12.983,12.983,779,WD,L_Wrist,0x03,2,779,1.223,-0.290,-0.415,-1.014,+9.8,+28.4,-27.3,+0.119,-0.257,+0.959,29.0
2025-06-01T15:00:13.000,13.000,780,WD,L_Wrist,0x03,2,780,1.220,-0.271,-0.404,-1.007,+22.8,+74.8,-64.3,+0.109,-0.250,+0.962,29.0
2025-06-01T15:00:13.016,13.017,781,WD,L_Wrist,0x03,2,781,1.220,-0.235,-0.388,-0.984,+25.1,+107.0,-83.3,+0.087,-0.240,+0.967,29.0
2025-06-01T15:00:13.033,13.033,782,WD,L_Wrist,0x03,2,782,1.220,-0.198,-0.366,-0.953,+14.1,+82.5,-59.4,+0.060,-0.232,+0.971,29.0
2025-06-01T15:00:13.050,13.050,783,WD,L_Wrist,0x03,2,783,1.213,-0.186,-0.355,-0.936,+4.9,+63.9,-42.3,+0.048,-0.230,+0.972,29.0
2025-06-01T15:00:13.066,13.067,784,WD,L_Wrist,0x03,2,784,1.213,-0.173,-0.334,-0.906,+12.2,+77.8,-53.8,+0.030,-0.228,+0.973,29.0
2025-06-01T15:00:13.083,13.083,785,WD,L_Wrist,0x03,2,785,1.213,-0.160,-0.316,-0.871,+24.0,+76.2,-57.3,+0.011,-0.222,+0.975,29.0
2025-06-01T15:00:13.100,13.100,786,WD,L_Wrist,0x03,2,786,1.209,-0.145,-0.299,-0.834,+21.6,+54.9,-42.6,-0.006,-0.214,+0.977,29.0
2025-06-01T15:00:13.116,13.117,787,WD,L_Wrist,0x03,2,787,1.209,-0.137,-0.291,-0.816,+16.4,+50.1,-38.5,-0.014,-0.210,+0.978,29.0
2025-06-01T15:00:13.133,13.133,788,WD,L_Wrist,0x03,2,788,1.209,-0.114,-0.274,-0.784,+12.6,+64.7,-48.0,-0.030,-0.205,+0.978,29.0
2025-06-01T15:00:13.150,13.150,789,WD,L_Wrist,0x03,2,789,1.205,-0.078,-0.254,-0.759,+2.1,+47.4,-33.2,-0.046,-0.204,+0.978,29.0
2025-06-01T15:00:13.166,13.167,790,WD,L_Wrist,0x03,2,790,1.205,-0.055,-0.243,-0.749,-8.5,+46.5,-28.4,-0.053,-0.204,+0.977,29.0
2025-06-01T15:00:13.183,13.183,791,WD,L_Wrist,0x03,2,791,1.205,+0.005,-0.219,-0.734,-23.5,+59.5,-33.3,-0.069,-0.209,+0.975,29.0
2025-06-01T15:00:13.200,13.200,792,WD,L_Wrist,0x03,2,792,1.204,+0.079,-0.192,-0.723,-38.7,+55.0,-30.0,-0.083,-0.219,+0.972,29.0
2025-06-01T15:00:13.216,13.217,793,WD,L_Wrist,0x03,2,793,1.204,+0.164,-0.163,-0.712,-34.1,+38.8,-22.3,-0.096,-0.233,+0.968,29.0
2025-06-01T15:00:13.233,13.233,794,WD,L_Wrist,0x03,2,794,1.204,+0.208,-0.148,-0.706,-30.4,+36.4,-22.3,-0.102,-0.240,+0.966,29.0
2025-06-01T15:00:13.250,13.250,795,WD,L_Wrist,0x03,2,795,1.196,+0.293,-0.118,-0.695,-29.0,+44.9,-24.4,-0.113,-0.251,+0.961,29.0
2025-06-01T15:00:13.266,13.267,796,WD,L_Wrist,0x03,2,796,1.196,+0.369,-0.093,-0.686,-13.7,+30.6,-11.8,-0.123,-0.258,+0.958,29.0
2025-06-01T15:00:13.283,13.283,797,WD,L_Wrist,0x03,2,797,1.196,+0.402,-0.083,-0.683,-14.7,+26.0,+0.0,-0.128,-0.260,+0.957,29.0
2025-06-01T15:00:13.300,13.300,798,WD,L_Wrist,0x03,2,798,1.192,+0.451,-0.066,-0.675,-40.8,+29.0,+7.5,-0.138,-0.266,+0.954,29.0
2025-06-01T15:00:13.316,13.317,799,WD,L_Wrist,0x03,2,799,1.192,+0.474,-0.043,-0.664,-89.8,+14.5,+10.9,-0.146,-0.282,+0.948,29.0
2025-06-01T15:00:13.333,13.333,800,WD,L_Wrist,0x03,2,800,1.192,+0.461,-0.003,-0.650,-143.6,-9.2,+12.1,-0.148,-0.314,+0.938,29.0
2025-06-01T15:00:13.350,13.350,801,WD,L_Wrist,0x03,2,801,1.188,+0.411,+0.053,-0.636,-125.6,-21.4,+12.4,-0.143,-0.359,+0.922,29.0
2025-06-01T15:00:13.366,13.367,802,WD,L_Wrist,0x03,2,802,1.188,+0.372,+0.082,-0.627,-111.2,-41.2,+27.1,-0.139,-0.381,+0.914,29.0
2025-06-01T15:00:13.383,13.383,803,WD,L_Wrist,0x03,2,803,1.188,+0.267,+0.128,-0.601,-114.3,-82.9,+51.7,-0.127,-0.416,+0.901,29.0
2025-06-01T15:00:13.400,13.400,804,WD,L_Wrist,0x03,2,804,1.184,+0.127,+0.161,-0.566,-66.0,-89.8,+48.6,-0.108,-0.437,+0.893,29.0
2025-06-01T15:00:13.416,13.417,805,WD,L_Wrist,0x03,2,805,1.184,+0.043,+0.178,-0.546,-71.9,-136.6,+57.6,-0.093,-0.447,+0.890,29.0
2025-06-01T15:00:13.433,13.433,806,WD,L_Wrist,0x03,2,806,1.184,-0.151,+0.220,-0.498,-101.0,-217.2,+79.4,-0.052,-0.471,+0.881,29.0
2025-06-01T15:00:13.450,13.450,807,WD,L_Wrist,0x03,2,807,1.176,-0.385,+0.267,-0.424,-71.0,-258.7,+84.9,-0.003,-0.496,+0.868,29.0
2025-06-01T15:00:13.466,13.467,808,WD,L_Wrist,0x03,2,808,1.176,-0.673,+0.289,-0.317,-11.2,-218.4,+68.0,+0.054,-0.507,+0.860,29.0
2025-06-01T15:00:13.483,13.483,809,WD,L_Wrist,0x03,2,809,1.176,-0.839,+0.287,-0.254,+48.9,-247.2,+72.3,+0.086,-0.504,+0.859,29.0
2025-06-01T15:00:13.500,13.500,810,WD,L_Wrist,0x03,2,810,1.173,-1.204,+0.257,-0.121,+114.0,-346.0,+107.4,+0.157,-0.486,+0.860,29.0
2025-06-01T15:00:13.516,13.517,811,WD,L_Wrist,0x03,2,811,1.173,-1.577,+0.202,+0.010,+117.2,-266.5,+94.9,+0.230,-0.457,+0.859,29.0
2025-06-01T15:00:13.533,13.533,812,WD,L_Wrist,0x03,2,812,1.173,-1.754,+0.166,+0.071,+142.1,-262.5,+107.6,+0.265,-0.440,+0.858,29.0
2025-06-01T15:00:13.550,13.550,813,WD,L_Wrist,0x03,2,813,1.170,-2.072,+0.079,+0.184,+208.7,-351.0,+167.2,+0.334,-0.403,+0.852,29.0
2025-06-01T15:00:13.566,13.567,814,WD,L_Wrist,0x03,2,814,1.170,-2.329,-0.017,+0.282,+161.9,-261.4,+140.4,+0.400,-0.369,+0.839,29.0
2025-06-01T15:00:13.583,13.583,815,WD,L_Wrist,0x03,2,815,1.170,-2.427,-0.064,+0.319,+138.3,-236.3,+132.0,+0.431,-0.355,+0.829,29.0
2025-06-01T15:00:13.600,13.600,816,WD,L_Wrist,0x03,2,816,1.165,-2.547,-0.148,+0.358,+176.0,-294.1,+160.8,+0.487,-0.336,+0.806,29.0
2025-06-01T15:00:13.616,13.617,817,WD,L_Wrist,0x03,2,817,1.165,-2.561,-0.228,+0.339,+170.9,-265.6,+129.1,+0.538,-0.318,+0.781,29.0
2025-06-01T15:00:13.633,13.633,818,WD,L_Wrist,0x03,2,818,1.165,-2.473,-0.309,+0.263,+131.5,-184.5,+88.7,+0.584,-0.298,+0.755,29.0
2025-06-01T15:00:13.650,13.650,819,WD,L_Wrist,0x03,2,819,1.165,-2.399,-0.349,+0.210,+127.9,-162.4,+92.4,+0.604,-0.289,+0.743,29.0
2025-06-01T15:00:13.666,13.667,820,WD,L_Wrist,0x03,2,820,1.165,-2.210,-0.424,+0.082,+143.5,-207.0,+115.6,+0.638,-0.277,+0.718,29.0
2025-06-01T15:00:13.683,13.683,821,WD,L_Wrist,0x03,2,821,1.165,-1.979,-0.490,-0.068,+66.8,-201.0,+57.3,+0.671,-0.272,+0.689,29.0
2025-06-01T15:00:13.700,13.700,822,WD,L_Wrist,0x03,2,822,1.164,-1.727,-0.552,-0.236,-4.2,-149.3,-2.7,+0.710,-0.271,+0.650,29.0
2025-06-01T15:00:13.716,13.717,823,WD,L_Wrist,0x03,2,823,1.164,-1.606,-0.583,-0.322,-43.2,-139.9,-24.5,+0.729,-0.272,+0.628,29.0
2025-06-01T15:00:13.733,13.733,824,WD,L_Wrist,0x03,2,824,1.164,-1.400,-0.648,-0.488,-47.8,-170.8,-8.5,+0.764,-0.276,+0.583,29.0
2025-06-01T15:00:13.750,13.750,825,WD,L_Wrist,0x03,2,825,1.163,-1.260,-0.714,-0.631,-20.5,-117.8,+16.3,+0.789,-0.285,+0.545,29.0
2025-06-01T15:00:13.766,13.767,826,WD,L_Wrist,0x03,2,826,1.163,-1.213,-0.747,-0.693,-20.5,-110.1,+19.7,+0.799,-0.290,+0.526,29.0
2025-06-01T15:00:13.783,13.783,827,WD,L_Wrist,0x03,2,827,1.163,-1.143,-0.808,-0.804,-44.0,-138.1,+7.6,+0.819,-0.300,+0.490,29.0
2025-06-01T15:00:13.800,13.800,828,WD,L_Wrist,0x03,2,828,1.163,-1.093,-0.865,-0.888,-58.7,-120.1,-9.5,+0.837,-0.306,+0.453,29.0
2025-06-01T15:00:13.816,13.817,829,WD,L_Wrist,0x03,2,829,1.163,-1.059,-0.914,-0.938,-42.7,-74.5,-7.8,+0.852,-0.311,+0.421,29.0
2025-06-01T15:00:13.833,13.833,830,WD,L_Wrist,0x03,2,830,1.163,-1.049,-0.935,-0.952,-31.5,-49.7,-0.7,+0.857,-0.313,+0.408,29.0
2025-06-01T15:00:13.850,13.850,831,WD,L_Wrist,0x03,2,831,1.164,-1.035,-0.970,-0.965,-30.0,-46.4,-2.6,+0.864,-0.318,+0.390,29.0
2025-06-01T15:00:13.866,13.867,832,WD,L_Wrist,0x03,2,832,1.164,-1.023,-0.996,-0.970,-13.5,-25.8,-11.2,+0.868,-0.319,+0.380,29.0
2025-06-01T15:00:13.883,13.883,833,WD,L_Wrist,0x03,2,833,1.164,-1.011,-1.013,-0.969,-1.9,-10.2,-12.3,+0.872,-0.315,+0.375,29.0
2025-06-01T15:00:13.900,13.900,834,WD,L_Wrist,0x03,2,834,1.166,-1.006,-1.015,-0.964,+4.1,+1.7,-7.5,+0.873,-0.313,+0.374,29.0
2025-06-01T15:00:13.916,13.917,835,WD,L_Wrist,0x03,2,835,1.166,-1.008,-1.009,-0.946,+4.8,+14.3,-2.3,+0.873,-0.311,+0.376,29.0
2025-06-01T15:00:13.933,13.933,836,WD,L_Wrist,0x03,2,836,1.166,-1.017,-0.994,-0.923,-3.9,+28.7,-2.7,+0.870,-0.311,+0.382,29.0
2025-06-01T15:00:13.950,13.950,837,WD,L_Wrist,0x03,2,837,1.169,-1.023,-0.982,-0.911,-12.1,+28.6,-9.1,+0.867,-0.310,+0.390,29.0
2025-06-01T15:00:13.966,13.967,838,WD,L_Wrist,0x03,2,838,1.169,-1.022,-0.978,-0.913,-29.9,+35.7,-23.2,+0.865,-0.309,+0.394,29.0
2025-06-01T15:00:13.983,13.983,839,WD,L_Wrist,0x03,2,839,1.169,-1.009,-0.969,-0.930,-54.8,+55.7,-45.3,+0.863,-0.306,+0.403,29.0
2025-06-01T15:00:14.000,14.000,840,WD,L_Wrist,0x03,2,840,1.172,-0.979,-0.954,-0.954,-61.5,+72.0,-61.8,+0.860,-0.299,+0.413,29.0
2025-06-01T15:00:14.016,14.017,841,WD,L_Wrist,0x03,2,841,1.172,-0.936,-0.919,-0.952,-40.0,+65.8,-49.6,+0.856,-0.289,+0.428,29.0
2025-06-01T15:00:14.033,14.033,842,WD,L_Wrist,0x03,2,842,1.172,-0.917,-0.889,-0.932,-18.8,+91.9,-43.4,+0.852,-0.284,+0.439,29.0
2025-06-01T15:00:14.050,14.050,843,WD,L_Wrist,0x03,2,843,1.175,-0.893,-0.812,-0.860,-11.0,+194.2,-88.3,+0.839,-0.273,+0.470,29.0
2025-06-01T15:00:14.066,14.067,844,WD,L_Wrist,0x03,2,844,1.175,-0.873,-0.735,-0.792,-6.7,+218.1,-115.4,+0.811,-0.244,+0.531,29.0
2025-06-01T15:00:14.083,14.083,845,WD,L_Wrist,0x03,2,845,1.175,-0.866,-0.700,-0.768,-37.8,+286.7,-192.9,+0.789,-0.220,+0.573,29.0
2025-06-01T15:00:14.100,14.100,846,WD,L_Wrist,0x03,2,846,1.184,-0.911,-0.619,-0.708,-90.1,+404.1,-312.1,+0.735,-0.168,+0.657,29.0
2025-06-01T15:00:14.116,14.117,847,WD,L_Wrist,0x03,2,847,1.184,-1.053,-0.502,-0.610,-106.3,+315.3,-266.6,+0.665,-0.123,+0.736,29.0
2025-06-01T15:00:14.133,14.133,848,WD,L_Wrist,0x03,2,848,1.184,-1.153,-0.422,-0.545,-198.2,+356.6,-295.9,+0.623,-0.110,+0.774,29.0
2025-06-01T15:00:14.150,14.150,849,WD,L_Wrist,0x03,2,849,1.190,-1.377,-0.230,-0.390,-285.9,+506.6,-356.4,+0.521,-0.110,+0.846,29.0
2025-06-01T15:00:14.166,14.167,850,WD,L_Wrist,0x03,2,850,1.190,-1.587,-0.024,-0.205,-261.3,+503.3,-237.1,+0.396,-0.144,+0.907,29.0
2025-06-01T15:00:14.183,14.183,851,WD,L_Wrist,0x03,2,851,1.190,-1.780,+0.130,-0.022,-157.7,+356.8,-90.0,+0.273,-0.192,+0.943,29.0
2025-06-01T15:00:14.200,14.200,852,WD,L_Wrist,0x03,2,852,1.195,-1.846,+0.182,+0.058,-113.9,+352.0,-54.7,+0.210,-0.214,+0.954,29.0
2025-06-01T15:00:14.216,14.217,853,WD,L_Wrist,0x03,2,853,1.195,-1.885,+0.250,+0.183,-113.6,+437.4,-73.4,+0.083,-0.250,+0.965,29.0
2025-06-01T15:00:14.233,14.233,854,WD,L_Wrist,0x03,2,854,1.195,-1.802,+0.284,+0.246,-61.4,+286.9,-62.1,-0.025,-0.275,+0.961,29.0
2025-06-01T15:00:14.250,14.250,855,WD,L_Wrist,0x03,2,855,1.201,-1.719,+0.293,+0.252,-52.8,+205.6,-61.4,-0.068,-0.285,+0.956,29.0
2025-06-01T15:00:14.266,14.267,856,WD,L_Wrist,0x03,2,856,1.201,-1.473,+0.303,+0.215,-75.5,+198.2,-63.3,-0.129,-0.306,+0.943,29.0
2025-06-01T15:00:14.283,14.283,857,WD,L_Wrist,0x03,2,857,1.201,-1.130,+0.314,+0.134,-85.9,+121.3,-37.5,-0.166,-0.331,+0.929,29.0
2025-06-01T15:00:14.300,14.300,858,WD,L_Wrist,0x03,2,858,1.213,-0.720,+0.329,+0.039,-82.7,+71.4,-16.4,-0.187,-0.356,+0.915,29.0
2025-06-01T15:00:14.316,14.317,859,WD,L_Wrist,0x03,2,859,1.213,-0.297,+0.341,-0.063,-55.9,+35.7,-4.2,-0.200,-0.377,+0.904,29.0
2025-06-01T15:00:14.333,14.333,860,WD,L_Wrist,0x03,2,860,1.213,-0.100,+0.343,-0.117,-49.5,+26.7,-0.5,-0.205,-0.386,+0.899,29.0
2025-06-01T15:00:14.350,14.350,861,WD,L_Wrist,0x03,2,861,1.220,+0.230,+0.337,-0.217,-54.8,+37.9,+1.0,-0.214,-0.403,+0.890,29.0
2025-06-01T15:00:14.366,14.367,862,WD,L_Wrist,0x03,2,862,1.220,+0.437,+0.321,-0.266,-27.8,+34.5,+2.9,-0.225,-0.415,+0.882,29.0
2025-06-01T15:00:14.383,14.383,863,WD,L_Wrist,0x03,2,863,1.220,+0.492,+0.308,-0.261,+2.4,+50.7,+11.5,-0.233,-0.417,+0.879,29.0
2025-06-01T15:00:14.400,14.400,864,WD,L_Wrist,0x03,2,864,1.226,+0.527,+0.264,-0.198,+34.6,+84.6,+25.5,-0.254,-0.412,+0.875,29.0
2025-06-01T15:00:14.416,14.417,865,WD,L_Wrist,0x03,2,865,1.226,+0.512,+0.197,-0.098,+56.8,+99.0,+32.6,-0.282,-0.396,+0.874,29.0
2025-06-01T15:00:14.433,14.433,866,WD,L_Wrist,0x03,2,866,1.226,+0.484,+0.122,-0.003,+38.8,+74.1,+23.9,-0.312,-0.378,+0.872,29.0
2025-06-01T15:00:14.450,14.450,867,WD,L_Wrist,0x03,2,867,1.232,+0.468,+0.089,+0.034,+12.9,+56.4,+19.7,-0.325,-0.371,+0.870,29.0
2025-06-01T15:00:14.466,14.467,868,WD,L_Wrist,0x03,2,868,1.232,+0.434,+0.036,+0.081,+1.1,+49.0,+23.2,-0.344,-0.367,+0.864,29.0
2025-06-01T15:00:14.483,14.483,869,WD,L_Wrist,0x03,2,869,1.232,+0.399,-0.006,+0.093,+12.1,+13.6,+23.6,-0.354,-0.366,+0.860,29.0
2025-06-01T15:00:14.500,14.500,870,WD,L_Wrist,0x03,2,870,1.245,+0.366,-0.049,+0.077,+30.4,-8.5,+20.6,-0.356,-0.356,+0.864,29.0
2025-06-01T15:00:14.516,14.517,871,WD,L_Wrist,0x03,2,871,1.245,+0.351,-0.071,+0.060,+59.1,-31.3,+27.1,-0.354,-0.347,+0.868,29.0
2025-06-01T15:00:14.533,14.533,872,WD,L_Wrist,0x03,2,872,1.245,+0.323,-0.115,+0.007,+83.5,-65.2,+39.1,-0.346,-0.321,+0.882,29.0
2025-06-01T15:00:14.550,14.550,873,WD,L_Wrist,0x03,2,873,1.251,+0.298,-0.151,-0.066,+62.6,-92.8,+35.5,-0.328,-0.296,+0.897,29.0
2025-06-01T15:00:14.566,14.567,874,WD,L_Wrist,0x03,2,874,1.251,+0.270,-0.174,-0.153,+26.8,-84.8,+23.0,-0.303,-0.281,+0.910,29.0
2025-06-01T15:00:14.583,14.583,875,WD,L_Wrist,0x03,2,875,1.251,+0.251,-0.181,-0.199,+8.8,-110.1,+24.0,-0.287,-0.278,+0.917,29.0
2025-06-01T15:00:14.600,14.600,876,WD,L_Wrist,0x03,2,876,1.257,+0.198,-0.195,-0.291,+18.5,-172.0,+39.7,-0.248,-0.273,+0.930,29.0
2025-06-01T15:00:14.616,14.617,877,WD,L_Wrist,0x03,2,877,1.257,+0.122,-0.217,-0.377,+25.2,-145.1,+35.6,-0.200,-0.262,+0.944,29.0
2025-06-01T15:00:14.633,14.633,878,WD,L_Wrist,0x03,2,878,1.257,+0.077,-0.232,-0.417,+26.2,-152.5,+34.6,-0.174,-0.255,+0.951,29.0
2025-06-01T15:00:14.650,14.650,879,WD,L_Wrist,0x03,2,879,1.267,-0.019,-0.259,-0.492,+15.4,-204.8,+44.1,-0.121,-0.244,+0.962,29.0
2025-06-01T15:00:14.666,14.667,880,WD,L_Wrist,0x03,2,880,1.267,-0.119,-0.279,-0.567,-1.5,-217.9,+47.8,-0.066,-0.243,+0.968,29.0
2025-06-01T15:00:14.683,14.683,881,WD,L_Wrist,0x03,2,881,1.267,-0.229,-0.299,-0.642,+4.2,-168.3,+40.5,-0.005,-0.243,+0.970,29.0
2025-06-01T15:00:14.700,14.700,882,WD,L_Wrist,0x03,2,882,1.272,-0.282,-0.311,-0.673,+26.3,-148.1,+40.0,+0.023,-0.241,+0.970,29.0
2025-06-01T15:00:14.716,14.717,883,WD,L_Wrist,0x03,2,883,1.272,-0.378,-0.341,-0.720,+65.1,-182.1,+51.3,+0.073,-0.229,+0.971,29.0
2025-06-01T15:00:14.733,14.733,884,WD,L_Wrist,0x03,2,884,1.272,-0.465,-0.381,-0.752,+66.5,-129.6,+37.6,+0.120,-0.206,+0.971,29.0
2025-06-01T15:00:14.750,14.750,885,WD,L_Wrist,0x03,2,885,1.276,-0.504,-0.402,-0.763,+71.0,-131.3,+35.3,+0.142,-0.194,+0.971,29.0
2025-06-01T15:00:14.766,14.767,886,WD,L_Wrist,0x03,2,886,1.276,-0.581,-0.444,-0.784,+88.5,-174.1,+47.6,+0.190,-0.169,+0.967,29.0
2025-06-01T15:00:14.783,14.783,887,WD,L_Wrist,0x03,2,887,1.276,-0.646,-0.478,-0.801,+77.7,-163.3,+44.3,+0.235,-0.149,+0.960,29.0
2025-06-01T15:00:14.800,14.800,888,WD,L_Wrist,0x03,2,888,1.284,-0.702,-0.508,-0.819,+58.5,-119.8,+32.9,+0.277,-0.132,+0.952,29.0
2025-06-01T15:00:14.816,14.817,889,WD,L_Wrist,0x03,2,889,1.284,-0.728,-0.524,-0.828,+66.2,-118.1,+31.7,+0.299,-0.122,+0.946,29.0
2025-06-01T15:00:14.833,14.833,890,WD,L_Wrist,0x03,2,890,1.284,-0.776,-0.559,-0.849,+85.7,-142.3,+41.0,+0.340,-0.101,+0.935,29.0
2025-06-01T15:00:14.850,14.850,891,WD,L_Wrist,0x03,2,891,1.287,-0.809,-0.589,-0.873,+74.7,-123.7,+35.9,+0.374,-0.083,+0.924,29.0
2025-06-01T15:00:14.866,14.867,892,WD,L_Wrist,0x03,2,892,1.287,-0.831,-0.614,-0.903,+49.3,-86.2,+23.8,+0.405,-0.069,+0.912,29.0
2025-06-01T15:00:14.883,14.883,893,WD,L_Wrist,0x03,2,893,1.287,-0.838,-0.625,-0.919,+38.3,-71.2,+16.7,+0.419,-0.062,+0.906,29.0
2025-06-01T15:00:14.900,14.900,894,WD,L_Wrist,0x03,2,894,1.289,-0.842,-0.643,-0.951,+42.5,-76.2,+16.9,+0.442,-0.053,+0.896,29.0
2025-06-01T15:00:14.916,14.917,895,WD,L_Wrist,0x03,2,895,1.289,-0.832,-0.659,-0.982,+27.3,-43.3,+9.2,+0.458,-0.044,+0.888,29.0
2025-06-01T15:00:14.933,14.933,896,WD,L_Wrist,0x03,2,896,1.289,-0.822,-0.666,-0.997,+24.2,-27.2,+6.6,+0.464,-0.041,+0.885,29.0
2025-06-01T15:00:14.950,14.950,897,WD,L_Wrist,0x03,2,897,1.290,-0.796,-0.679,-1.025,+29.1,-23.0,+6.1,+0.472,-0.034,+0.881,29.0
2025-06-01T15:00:14.966,14.967,898,WD,L_Wrist,0x03,2,898,1.290,-0.762,-0.690,-1.047,+21.1,-1.3,-2.0,+0.475,-0.028,+0.879,29.0
2025-06-01T15:00:14.983,14.983,899,WD,L_Wrist,0x03,2,899,1.290,-0.720,-0.696,-1.063,+10.2,+11.6,-8.2,+0.473,-0.022,+0.881,29.0
2025-06-01T15:00:15.000,15.000,900,WD,L_Wrist,0x03,2,900,1.294,-0.698,-0.698,-1.067,+5.6,+24.7,-17.1,+0.470,-0.020,+0.883,29.0
2025-06-01T15:00:15.016,15.017,901,WD,L_Wrist,0x03,2,901,1.294,-0.652,-0.700,-1.067,+4.5,+49.7,-29.7,+0.460,-0.015,+0.888,29.0
2025-06-01T15:00:15.033,15.033,902,WD,L_Wrist,0x03,2,902,1.294,-0.603,-0.700,-1.058,+1.9,+50.0,-26.3,+0.444,-0.010,+0.896,29.0
2025-06-01T15:00:15.050,15.050,903,WD,L_Wrist,0x03,2,903,1.294,-0.579,-0.699,-1.050,+1.2,+62.2,-30.1,+0.434,-0.007,+0.901,29.0
2025-06-01T15:00:15.066,15.067,904,WD,L_Wrist,0x03,2,904,1.294,-0.535,-0.697,-1.029,+2.3,+91.1,-43.1,+0.412,-0.002,+0.911,29.0
2025-06-01T15:00:15.083,15.083,905,WD,L_Wrist,0x03,2,905,1.294,-0.497,-0.694,-1.002,+1.0,+101.5,-46.5,+0.386,+0.004,+0.923,29.0
2025-06-01T15:00:15.100,15.100,906,WD,L_Wrist,0x03,2,906,1.296,-0.461,-0.687,-0.972,-1.4,+83.8,-37.4,+0.357,+0.009,+0.934,29.0
2025-06-01T15:00:15.116,15.117,907,WD,L_Wrist,0x03,2,907,1.296,-0.440,-0.682,-0.955,-7.1,+95.2,-43.5,+0.340,+0.011,+0.940,29.0
2025-06-01T15:00:15.133,15.133,908,WD,L_Wrist,0x03,2,908,1.296,-0.398,-0.667,-0.919,-11.8,+127.6,-61.2,+0.304,+0.014,+0.952,29.0
2025-06-01T15:00:15.150,15.150,909,WD,L_Wrist,0x03,2,909,1.297,-0.359,-0.650,-0.880,-11.9,+121.3,-61.5,+0.269,+0.016,+0.963,29.0
2025-06-01T15:00:15.166,15.167,910,WD,L_Wrist,0x03,2,910,1.297,-0.321,-0.633,-0.840,-6.8,+88.4,-45.4,+0.236,+0.017,+0.972,29.0
2025-06-01T15:00:15.183,15.183,911,WD,L_Wrist,0x03,2,911,1.297,-0.296,-0.624,-0.821,-4.6,+90.0,-45.7,+0.219,+0.018,+0.976,29.0
2025-06-01T15:00:15.200,15.200,912,WD,L_Wrist,0x03,2,912,1.298,-0.240,-0.607,-0.784,-4.9,+122.5,-61.2,+0.184,+0.020,+0.983,29.0
2025-06-01T15:00:15.216,15.217,913,WD,L_Wrist,0x03,2,913,1.298,-0.180,-0.588,-0.753,-9.9,+123.8,-58.7,+0.148,+0.022,+0.989,29.0
2025-06-01T15:00:15.233,15.233,914,WD,L_Wrist,0x03,2,914,1.298,-0.108,-0.567,-0.729,-14.1,+90.4,-39.5,+0.112,+0.020,+0.993,29.0
2025-06-01T15:00:15.250,15.250,915,WD,L_Wrist,0x03,2,915,1.298,-0.061,-0.556,-0.722,-27.0,+84.9,-34.6,+0.095,+0.016,+0.995,29.0
2025-06-01T15:00:15.266,15.267,916,WD,L_Wrist,0x03,2,916,1.298,+0.059,-0.530,-0.708,-41.2,+104.2,-45.6,+0.063,+0.006,+0.998,29.0
2025-06-01T15:00:15.283,15.283,917,WD,L_Wrist,0x03,2,917,1.298,+0.178,-0.502,-0.695,-40.6,+92.5,-49.7,+0.035,-0.006,+0.999,29.0
2025-06-01T15:00:15.300,15.300,918,WD,L_Wrist,0x03,2,918,1.298,+0.256,-0.471,-0.677,-28.9,+66.2,-40.1,+0.009,-0.017,+1.000,29.0
2025-06-01T15:00:15.316,15.317,919,WD,L_Wrist,0x03,2,919,1.298,+0.279,-0.454,-0.667,-32.3,+67.1,-38.1,-0.003,-0.022,+1.000,29.0
2025-06-01T15:00:15.333,15.333,920,WD,L_Wrist,0x03,2,920,1.298,+0.294,-0.420,-0.643,-40.9,+97.8,-45.1,-0.029,-0.036,+0.999,29.0
2025-06-01T15:00:15.350,15.350,921,WD,L_Wrist,0x03,2,921,1.298,+0.275,-0.388,-0.608,-21.1,+81.3,-31.0,-0.059,-0.047,+0.997,29.0
2025-06-01T15:00:15.366,15.367,922,WD,L_Wrist,0x03,2,922,1.298,+0.249,-0.376,-0.586,+9.0,+72.4,-29.4,-0.076,-0.049,+0.996,29.0
2025-06-01T15:00:15.383,15.383,923,WD,L_Wrist,0x03,2,923,1.298,+0.167,-0.359,-0.541,+31.3,+62.2,-33.1,-0.101,-0.043,+0.994,29.0
2025-06-01T15:00:15.400,15.400,924,WD,L_Wrist,0x03,2,924,1.298,+0.059,-0.350,-0.505,+29.8,+15.6,-20.8,-0.111,-0.033,+0.993,29.0
2025-06-01T15:00:15.416,15.417,925,WD,L_Wrist,0x03,2,925,1.298,-0.066,-0.341,-0.482,+10.8,-5.3,-8.6,-0.109,-0.027,+0.994,29.0
2025-06-01T15:00:15.433,15.433,926,WD,L_Wrist,0x03,2,926,1.298,-0.141,-0.335,-0.473,-1.7,-3.8,-4.9,-0.108,-0.027,+0.994,29.0
2025-06-01T15:00:15.450,15.450,927,WD,L_Wrist,0x03,2,927,1.297,-0.330,-0.324,-0.460,-1.9,-3.1,-5.8,-0.107,-0.028,+0.994,29.0
2025-06-01T15:00:15.466,15.467,928,WD,L_Wrist,0x03,2,928,1.297,-0.573,-0.318,-0.462,+0.5,-3.7,-3.5,-0.106,-0.029,+0.994,29.0
2025-06-01T15:00:15.483,15.483,929,WD,L_Wrist,0x03,2,929,1.297,-0.706,-0.317,-0.470,+0.8,-5.3,-1.5,-0.105,-0.028,+0.994,29.0
2025-06-01T15:00:15.500,15.500,930,WD,L_Wrist,0x03,2,930,1.296,-0.966,-0.320,-0.492,+1.7,-8.2,-0.2,-0.103,-0.028,+0.994,29.0
2025-06-01T15:00:15.516,15.517,931,WD,L_Wrist,0x03,2,931,1.296,-1.187,-0.327,-0.514,-4.4,-31.7,+8.4,-0.100,-0.027,+0.995,29.0
2025-06-01T15:00:15.533,15.533,932,WD,L_Wrist,0x03,2,932,1.296,-1.369,-0.336,-0.542,-15.4,-52.4,+17.2,-0.084,-0.030,+0.996,29.0
2025-06-01T15:00:15.550,15.550,933,WD,L_Wrist,0x03,2,933,1.295,-1.452,-0.339,-0.561,-45.5,-93.7,+42.6,-0.070,-0.036,+0.997,29.0
2025-06-01T15:00:15.566,15.567,934,WD,L_Wrist,0x03,2,934,1.295,-1.598,-0.342,-0.610,-77.3,-143.0,+80.4,-0.031,-0.055,+0.998,29.0
2025-06-01T15:00:15.583,15.583,935,WD,L_Wrist,0x03,2,935,1.295,-1.685,-0.346,-0.663,-57.3,-109.6,+72.6,+0.010,-0.079,+0.997,29.0
2025-06-01T15:00:15.600,15.600,936,WD,L_Wrist,0x03,2,936,1.294,-1.693,-0.350,-0.687,-32.9,-106.2,+72.5,+0.030,-0.089,+0.996,29.0
2025-06-01T15:00:15.616,15.617,937,WD,L_Wrist,0x03,2,937,1.294,-1.636,-0.362,-0.728,-18.4,-140.5,+81.6,+0.068,-0.099,+0.993,29.0
2025-06-01T15:00:15.633,15.633,938,WD,L_Wrist,0x03,2,938,1.294,-1.485,-0.372,-0.765,-1.6,-105.0,+50.2,+0.106,-0.103,+0.989,29.0
2025-06-01T15:00:15.650,15.650,939,WD,L_Wrist,0x03,2,939,1.292,-1.375,-0.376,-0.784,+4.1,-110.2,+47.1,+0.126,-0.103,+0.987,29.0
2025-06-01T15:00:15.666,15.667,940,WD,L_Wrist,0x03,2,940,1.292,-1.093,-0.384,-0.822,+15.6,-159.1,+71.7,+0.167,-0.104,+0.981,29.0
2025-06-01T15:00:15.683,15.683,941,WD,L_Wrist,0x03,2,941,1.292,-0.761,-0.398,-0.862,+37.7,-177.4,+83.8,+0.212,-0.101,+0.972,29.0
2025-06-01T15:00:15.700,15.700,942,WD,L_Wrist,0x03,2,942,1.291,-0.453,-0.423,-0.900,+46.3,-144.1,+67.1,+0.262,-0.093,+0.961,29.0
2025-06-01T15:00:15.716,15.717,943,WD,L_Wrist,0x03,2,943,1.291,-0.327,-0.440,-0.919,+65.8,-160.7,+65.2,+0.289,-0.086,+0.953,29.0
2025-06-01T15:00:15.733,15.733,944,WD,L_Wrist,0x03,2,944,1.291,-0.142,-0.485,-0.960,+100.7,-235.2,+91.0,+0.348,-0.068,+0.935,29.0
2025-06-01T15:00:15.750,15.750,945,WD,L_Wrist,0x03,2,945,1.290,-0.034,-0.540,-1.003,+80.9,-186.5,+73.0,+0.413,-0.049,+0.909,29.0
2025-06-01T15:00:15.766,15.767,946,WD,L_Wrist,0x03,2,946,1.290,-0.002,-0.570,-1.024,+74.8,-174.8,+73.1,+0.445,-0.042,+0.895,29.0
2025-06-01T15:00:15.783,15.783,947,WD,L_Wrist,0x03,2,947,1.290,+0.021,-0.631,-1.067,+94.6,-217.8,+102.7,+0.502,-0.030,+0.864,29.0
2025-06-01T15:00:15.800,15.800,948,WD,L_Wrist,0x03,2,948,1.289,-0.007,-0.693,-1.107,+78.0,-199.7,+108.1,+0.553,-0.024,+0.833,29.0
2025-06-01T15:00:15.816,15.817,949,WD,L_Wrist,0x03,2,949,1.289,-0.064,-0.751,-1.144,+44.0,-139.8,+84.5,+0.598,-0.027,+0.801,29.0
2025-06-01T15:00:15.833,15.833,950,WD,L_Wrist,0x03,2,950,1.289,-0.097,-0.778,-1.163,+14.8,-118.8,+88.1,+0.617,-0.032,+0.786,29.0
2025-06-01T15:00:15.850,15.850,951,WD,L_Wrist,0x03,2,951,1.287,-0.165,-0.827,-1.200,+4.9,-130.1,+119.6,+0.650,-0.052,+0.759,29.0
2025-06-01T15:00:15.866,15.867,952,WD,L_Wrist,0x03,2,952,1.287,-0.229,-0.873,-1.234,+5.0,-95.5,+118.6,+0.671,-0.075,+0.737,29.0
2025-06-01T15:00:15.883,15.883,953,WD,L_Wrist,0x03,2,953,1.287,-0.288,-0.925,-1.260,+11.0,-56.0,+88.8,+0.686,-0.096,+0.722,29.0
2025-06-01T15:00:15.900,15.900,954,WD,L_Wrist,0x03,2,954,1.286,-0.313,-0.950,-1.272,+2.8,-33.3,+91.7,+0.690,-0.106,+0.716,29.0
2025-06-01T15:00:15.916,15.917,955,WD,L_Wrist,0x03,2,955,1.286,-0.350,-0.989,-1.301,-26.2,-22.2,+127.5,+0.693,-0.131,+0.708,29.0
2025-06-01T15:00:15.933,15.933,956,WD,L_Wrist,0x03,2,956,1.286,-0.370,-1.007,-1.344,-60.7,+0.2,+127.4,+0.689,-0.168,+0.705,29.0
2025-06-01T15:00:15.950,15.950,957,WD,L_Wrist,0x03,2,957,1.285,-0.378,-1.007,-1.385,-50.4,+7.6,+88.2,+0.681,-0.207,+0.702,29.0
2025-06-01T15:00:15.966,15.967,958,WD,L_Wrist,0x03,2,958,1.285,-0.381,-1.005,-1.395,-38.1,+15.7,+73.1,+0.676,-0.224,+0.702,29.0
2025-06-01T15:00:15.983,15.983,959,WD,L_Wrist,0x03,2,959,1.285,-0.392,-0.990,-1.387,-54.4,+46.2,+83.7,+0.665,-0.252,+0.704,29.0
2025-06-01T15:00:16.000,16.000,960,WD,L_Wrist,0x03,2,960,1.284,-0.420,-0.948,-1.341,-52.7,+60.7,+49.4,+0.645,-0.279,+0.712,29.0
2025-06-01T15:00:16.016,16.017,961,WD,L_Wrist,0x03,2,961,1.284,-0.445,-0.916,-1.309,-68.1,+105.7,+8.5,+0.632,-0.292,+0.718,29.0
2025-06-01T15:00:16.033,16.033,962,WD,L_Wrist,0x03,2,962,1.284,-0.523,-0.842,-1.235,-80.3,+194.3,-55.6,+0.599,-0.311,+0.738,29.0
2025-06-01T15:00:16.050,16.050,963,WD,L_Wrist,0x03,2,963,1.283,-0.644,-0.770,-1.151,-56.3,+262.8,-144.3,+0.558,-0.307,+0.771,29.0
2025-06-01T15:00:16.066,16.067,964,WD,L_Wrist,0x03,2,964,1.283,-0.814,-0.695,-1.052,-37.1,+232.0,-144.6,+0.506,-0.289,+0.813,29.0
2025-06-01T15:00:16.083,16.083,965,WD,L_Wrist,0x03,2,965,1.283,-0.915,-0.648,-0.996,-83.3,+271.7,-165.2,+0.474,-0.282,+0.834,29.0
2025-06-01T15:00:16.100,16.100,966,WD,L_Wrist,0x03,2,966,1.283,-1.137,-0.531,-0.861,-142.1,+377.3,-209.4,+0.400,-0.285,+0.871,29.0
2025-06-01T15:00:16.116,16.117,967,WD,L_Wrist,0x03,2,967,1.283,-1.368,-0.403,-0.693,-112.1,+285.4,-140.2,+0.318,-0.306,+0.898,29.0
2025-06-01T15:00:16.133,16.133,968,WD,L_Wrist,0x03,2,968,1.283,-1.479,-0.347,-0.598,-68.6,+268.9,-119.0,+0.276,-0.317,+0.908,29.0
2025-06-01T15:00:16.150,16.150,969,WD,L_Wrist,0x03,2,969,1.281,-1.682,-0.270,-0.403,+6.5,+317.2,-131.7,+0.197,-0.323,+0.926,29.0
2025-06-01T15:00:16.166,16.167,970,WD,L_Wrist,0x03,2,970,1.281,-1.837,-0.244,-0.241,+128.8,+264.0,-115.5,+0.128,-0.298,+0.946,29.0
2025-06-01T15:00:16.183,16.183,971,WD,L_Wrist,0x03,2,971,1.281,-1.909,-0.253,-0.146,+145.3,+171.1,-86.4,+0.071,-0.243,+0.967,29.0
2025-06-01T15:00:16.200,16.200,972,WD,L_Wrist,0x03,2,972,1.281,-1.907,-0.259,-0.130,+125.2,+134.5,-82.2,+0.046,-0.213,+0.976,29.0
2025-06-01T15:00:16.216,16.217,973,WD,L_Wrist,0x03,2,973,1.281,-1.817,-0.250,-0.158,+75.7,+156.9,-116.6,+0.003,-0.169,+0.986,29.0
2025-06-01T15:00:16.233,16.233,974,WD,L_Wrist,0x03,2,974,1.281,-1.615,-0.196,-0.244,-66.3,+134.3,-117.2,-0.031,-0.169,+0.985,29.0
2025-06-01T15:00:16.250,16.250,975,WD,L_Wrist,0x03,2,975,1.280,-1.324,-0.104,-0.346,-117.0,+90.9,-80.1,-0.061,-0.209,+0.976,29.0
2025-06-01T15:00:16.266,16.267,976,WD,L_Wrist,0x03,2,976,1.280,-1.157,-0.052,-0.393,-169.5,+86.1,-61.0,-0.074,-0.239,+0.968,29.0
2025-06-01T15:00:16.283,16.283,977,WD,L_Wrist,0x03,2,977,1.280,-0.808,+0.052,-0.469,-239.0,+109.5,-60.1,-0.100,-0.307,+0.947,29.0
2025-06-01T15:00:16.300,16.300,978,WD,L_Wrist,0x03,2,978,1.280,-0.470,+0.142,-0.519,-171.3,+82.2,-35.0,-0.124,-0.374,+0.919,29.0
2025-06-01T15:00:16.316,16.317,979,WD,L_Wrist,0x03,2,979,1.280,-0.313,+0.179,-0.532,-123.9,+93.0,-35.7,-0.137,-0.402,+0.905,29.0
2025-06-01T15:00:16.333,16.333,980,WD,L_Wrist,0x03,2,980,1.280,-0.032,+0.236,-0.524,-105.3,+132.3,-41.4,-0.164,-0.442,+0.882,29.0
2025-06-01T15:00:16.350,16.350,981,WD,L_Wrist,0x03,2,981,1.279,+0.198,+0.266,-0.464,-47.7,+145.7,-34.5,-0.194,-0.460,+0.866,29.0
2025-06-01T15:00:16.366,16.367,982,WD,L_Wrist,0x03,2,982,1.279,+0.382,+0.276,-0.346,-17.2,+119.5,-22.6,-0.229,-0.470,+0.853,29.0
2025-06-01T15:00:16.383,16.383,983,WD,L_Wrist,0x03,2,983,1.279,+0.459,+0.275,-0.267,+2.3,+131.2,-16.8,-0.248,-0.472,+0.846,29.0
2025-06-01T15:00:16.400,16.400,984,WD,L_Wrist,0x03,2,984,1.279,+0.581,+0.262,-0.087,+30.1,+173.1,-12.8,-0.288,-0.471,+0.834,29.0
2025-06-01T15:00:16.416,16.417,985,WD,L_Wrist,0x03,2,985,1.279,+0.657,+0.242,+0.090,+44.7,+121.5,-4.1,-0.328,-0.460,+0.825,29.0
2025-06-01T15:00:16.433,16.433,986,WD,L_Wrist,0x03,2,986,1.279,+0.676,+0.231,+0.163,+72.0,+97.7,-1.9,-0.346,-0.450,+0.823,29.0
2025-06-01T15:00:16.450,16.450,987,WD,L_Wrist,0x03,2,987,1.278,+0.681,+0.215,+0.265,+119.0,+101.3,-5.0,-0.375,-0.426,+0.824,29.0
2025-06-01T15:00:16.466,16.467,988,WD,L_Wrist,0x03,2,988,1.278,+0.648,+0.202,+0.303,+144.8,+53.2,+0.2,-0.393,-0.394,+0.831,29.0
2025-06-01T15:00:16.483,16.483,989,WD,L_Wrist,0x03,2,989,1.278,+0.588,+0.183,+0.285,+118.1,+8.0,+8.1,-0.400,-0.355,+0.845,29.0
2025-06-01T15:00:16.500,16.500,990,WD,L_Wrist,0x03,2,990,1.278,+0.551,+0.170,+0.260,+116.6,-31.4,+20.9,-0.399,-0.334,+0.854,29.0
2025-06-01T15:00:16.516,16.517,991,WD,L_Wrist,0x03,2,991,1.278,+0.469,+0.135,+0.185,+134.9,-76.4,+41.1,-0.388,-0.292,+0.874,29.0
2025-06-01T15:00:16.533,16.533,992,WD,L_Wrist,0x03,2,992,1.278,+0.385,+0.090,+0.084,+80.1,-80.5,+41.2,-0.367,-0.256,+0.894,29.0
2025-06-01T15:00:16.550,16.550,993,WD,L_Wrist,0x03,2,993,1.277,+0.344,+0.065,+0.027,+51.2,-107.4,+54.3,-0.353,-0.242,+0.904,29.0
2025-06-01T15:00:16.566,16.567,994,WD,L_Wrist,0x03,2,994,1.277,+0.262,+0.007,-0.098,+46.9,-168.0,+85.8,-0.318,-0.218,+0.923,29.0
2025-06-01T15:00:16.583,16.583,995,WD,L_Wrist,0x03,2,995,1.277,+0.182,-0.054,-0.225,+16.8,-186.4,+93.4,-0.274,-0.201,+0.941,29.0
2025-06-01T15:00:16.600,16.600,996,WD,L_Wrist,0x03,2,996,1.277,+0.104,-0.106,-0.343,-4.4,-143.1,+69.5,-0.227,-0.194,+0.954,29.0
2025-06-01T15:00:16.616,16.617,997,WD,L_Wrist,0x03,2,997,1.277,+0.065,-0.128,-0.397,-20.2,-143.3,+68.5,-0.202,-0.194,+0.960,29.0
2025-06-01T15:00:16.633,16.633,998,WD,L_Wrist,0x03,2,998,1.277,-0.014,-0.168,-0.490,-15.3,-188.1,+91.6,-0.154,-0.197,+0.968,29.0
2025-06-01T15:00:16.650,16.650,999,WD,L_Wrist,0x03,2,999,1.277,-0.095,-0.211,-0.560,+12.2,-185.7,+94.5,-0.107,-0.195,+0.975,29.0
2025-06-01T15:00:16.666,16.667,1000,WD,L_Wrist,0x03,2,1000,1.277,-0.183,-0.263,-0.607,+25.0,-138.0,+72.7,-0.059,-0.185,+0.981,29.0
2025-06-01T15:00:16.683,16.683,1001,WD,L_Wrist,0x03,2,1001,1.277,-0.228,-0.291,-0.622,+28.2,-132.4,+73.1,-0.036,-0.178,+0.983,29.0
2025-06-01T15:00:16.700,16.700,1002,WD,L_Wrist,0x03,2,1002,1.277,-0.325,-0.346,-0.642,+37.7,-172.0,+101.7,+0.009,-0.167,+0.986,29.0
2025-06-01T15:00:16.716,16.717,1003,WD,L_Wrist,0x03,2,1003,1.277,-0.427,-0.402,-0.656,+39.3,-162.3,+103.7,+0.053,-0.157,+0.986,29.0
2025-06-01T15:00:16.733,16.733,1004,WD,L_Wrist,0x03,2,1004,1.277,-0.528,-0.458,-0.671,+33.0,-114.8,+75.6,+0.093,-0.147,+0.985,29.0
2025-06-01T15:00:16.750,16.750,1005,WD,L_Wrist,0x03,2,1005,1.277,-0.575,-0.486,-0.680,+35.3,-107.7,+67.6,+0.112,-0.142,+0.983,29.0
2025-06-01T15:00:16.766,16.767,1006,WD,L_Wrist,0x03,2,1006,1.277,-0.662,-0.539,-0.701,+48.8,-138.9,+83.8,+0.149,-0.132,+0.980,29.0
2025-06-01T15:00:16.783,16.783,1007,WD,L_Wrist,0x03,2,1007,1.277,-0.736,-0.587,-0.728,+36.8,-102.8,+59.5,+0.185,-0.122,+0.975,29.0
2025-06-01T15:00:16.800,16.800,1008,WD,L_Wrist,0x03,2,1008,1.277,-0.770,-0.608,-0.742,+36.2,-109.5,+57.1,+0.203,-0.117,+0.972,29.0
2025-06-01T15:00:16.816,16.817,1009,WD,L_Wrist,0x03,2,1009,1.277,-0.835,-0.649,-0.774,+53.2,-154.4,+74.9,+0.243,-0.108,+0.964,29.0
2025-06-01T15:00:16.833,16.833,1010,WD,L_Wrist,0x03,2,1010,1.277,-0.894,-0.686,-0.804,+61.6,-160.6,+74.1,+0.285,-0.098,+0.954,29.0
2025-06-01T15:00:16.850,16.850,1011,WD,L_Wrist,0x03,2,1011,1.277,-0.946,-0.720,-0.826,+51.8,-121.5,+57.1,+0.328,-0.086,+0.941,29.0
2025-06-01T15:00:16.866,16.867,1012,WD,L_Wrist,0x03,2,1012,1.277,-0.968,-0.735,-0.835,+50.5,-117.5,+55.8,+0.349,-0.080,+0.934,29.0
2025-06-01T15:00:16.883,16.883,1013,WD,L_Wrist,0x03,2,1013,1.277,-1.006,-0.759,-0.848,+62.0,-154.1,+72.6,+0.389,-0.070,+0.919,29.0
2025-06-01T15:00:16.900,16.900,1014,WD,L_Wrist,0x03,2,1014,1.277,-1.036,-0.771,-0.860,+55.1,-149.5,+67.4,+0.428,-0.063,+0.902,29.0
2025-06-01T15:00:16.916,16.917,1015,WD,L_Wrist,0x03,2,1015,1.277,-1.056,-0.776,-0.870,+40.7,-108.4,+48.0,+0.465,-0.058,+0.884,29.0
2025-06-01T15:00:16.933,16.933,1016,WD,L_Wrist,0x03,2,1016,1.277,-1.063,-0.778,-0.874,+42.8,-102.7,+45.7,+0.482,-0.055,+0.874,29.0
2025-06-01T15:00:16.950,16.950,1017,WD,L_Wrist,0x03,2,1017,1.278,-1.069,-0.779,-0.881,+59.0,-129.9,+61.0,+0.515,-0.049,+0.856,29.0
2025-06-01T15:00:16.966,16.967,1018,WD,L_Wrist,0x03,2,1018,1.278,-1.067,-0.778,-0.884,+43.6,-89.9,+44.8,+0.545,-0.044,+0.837,29.0
2025-06-01T15:00:16.983,16.983,1019,WD,L_Wrist,0x03,2,1019,1.278,-1.062,-0.777,-0.884,+37.4,-72.9,+37.2,+0.558,-0.042,+0.829,29.0
2025-06-01T15:00:17.000,17.000,1020,WD,L_Wrist,0x03,2,1020,1.278,-1.041,-0.773,-0.885,+41.2,-76.1,+36.9,+0.579,-0.038,+0.814,29.0
2025-06-01T15:00:17.016,17.017,1021,WD,L_Wrist,0x03,2,1021,1.278,-1.005,-0.768,-0.885,+23.0,-40.5,+16.3,+0.593,-0.035,+0.804,29.0
2025-06-01T15:00:17.033,17.033,1022,WD,L_Wrist,0x03,2,1022,1.278,-0.983,-0.766,-0.886,+13.2,-20.5,+1.7,+0.598,-0.033,+0.801,29.0
2025-06-01T15:00:17.050,17.050,1023,WD,L_Wrist,0x03,2,1023,1.279,-0.930,-0.763,-0.890,+11.9,-9.6,-7.9,+0.603,-0.029,+0.797,29.0
2025-06-01T15:00:17.066,17.067,1024,WD,L_Wrist,0x03,2,1024,1.279,-0.873,-0.759,-0.893,+6.2,+4.6,-11.3,+0.603,-0.025,+0.798,29.0
2025-06-01T15:00:17.083,17.083,1025,WD,L_Wrist,0x03,2,1025,1.279,-0.846,-0.758,-0.895,+1.1,+20.0,-17.5,+0.601,-0.022,+0.799,29.0
2025-06-01T15:00:17.100,17.100,1026,WD,L_Wrist,0x03,2,1026,1.279,-0.794,-0.757,-0.897,-11.5,+50.2,-37.8,+0.593,-0.018,+0.805,29.0
2025-06-01T15:00:17.116,17.117,1027,WD,L_Wrist,0x03,2,1027,1.279,-0.740,-0.752,-0.900,-29.8,+79.0,-59.3,+0.578,-0.015,+0.816,29.0
2025-06-01T15:00:17.133,17.133,1028,WD,L_Wrist,0x03,2,1028,1.279,-0.684,-0.743,-0.904,-28.1,+66.5,-51.7,+0.556,-0.013,+0.831,29.0
2025-06-01T15:00:17.150,17.150,1029,WD,L_Wrist,0x03,2,1029,1.280,-0.660,-0.739,-0.905,-29.2,+70.9,-53.7,+0.546,-0.012,+0.838,29.0
2025-06-01T15:00:17.166,17.167,1030,WD,L_Wrist,0x03,2,1030,1.280,-0.615,-0.728,-0.906,-47.4,+140.6,-91.1,+0.522,-0.010,+0.853,29.0
2025-06-01T15:00:17.183,17.183,1031,WD,L_Wrist,0x03,2,1031,1.280,-0.546,-0.712,-0.906,-60.1,+202.6,-117.9,+0.476,-0.008,+0.879,29.0
2025-06-01T15:00:17.200,17.200,1032,WD,L_Wrist,0x03,2,1032,1.281,-0.472,-0.688,-0.899,-45.6,+160.9,-90.8,+0.419,-0.008,+0.908,29.0
2025-06-01T15:00:17.216,17.217,1033,WD,L_Wrist,0x03,2,1033,1.281,-0.444,-0.676,-0.891,-36.4,+112.8,-66.6,+0.392,-0.009,+0.920,29.0
2025-06-01T15:00:17.233,17.233,1034,WD,L_Wrist,0x03,2,1034,1.281,-0.430,-0.659,-0.873,-36.1,+99.8,-63.1,+0.359,-0.012,+0.933,29.0
2025-06-01T15:00:17.250,17.250,1035,WD,L_Wrist,0x03,2,1035,1.283,-0.445,-0.647,-0.852,-27.6,+78.2,-49.6,+0.339,-0.016,+0.941,29.0
2025-06-01T15:00:17.266,17.267,1036,WD,L_Wrist,0x03,2,1036,1.283,-0.435,-0.637,-0.838,-44.0,+158.4,-90.6,+0.316,-0.018,+0.948,29.0
2025-06-01T15:00:17.283,17.283,1037,WD,L_Wrist,0x03,2,1037,1.283,-0.390,-0.607,-0.802,-61.0,+251.7,-137.1,+0.252,-0.024,+0.967,29.0
2025-06-01T15:00:17.300,17.300,1038,WD,L_Wrist,0x03,2,1038,1.284,-0.333,-0.571,-0.760,-55.2,+244.1,-127.6,+0.176,-0.032,+0.984,29.0
2025-06-01T15:00:17.316,17.317,1039,WD,L_Wrist,0x03,2,1039,1.284,-0.292,-0.535,-0.728,-34.7,+150.6,-77.9,+0.115,-0.042,+0.993,29.0
2025-06-01T15:00:17.333,17.333,1040,WD,L_Wrist,0x03,2,1040,1.284,-0.277,-0.517,-0.717,-35.1,+127.1,-69.4,+0.091,-0.047,+0.995,29.0
2025-06-01T15:00:17.350,17.350,1041,WD,L_Wrist,0x03,2,1041,1.285,-0.227,-0.470,-0.694,-47.9,+167.4,-92.8,+0.043,-0.059,+0.997,29.0
2025-06-01T15:00:17.366,17.367,1042,WD,L_Wrist,0x03,2,1042,1.285,-0.155,-0.412,-0.669,-54.5,+151.5,-83.7,-0.003,-0.072,+0.997,29.0
2025-06-01T15:00:17.383,17.383,1043,WD,L_Wrist,0x03,2,1043,1.285,-0.062,-0.345,-0.648,-49.9,+100.1,-53.5,-0.041,-0.090,+0.995,29.0
2025-06-01T15:00:17.400,17.400,1044,WD,L_Wrist,0x03,2,1044,1.287,-0.007,-0.309,-0.640,-70.5,+86.5,-45.0,-0.058,-0.103,+0.993,29.0
2025-06-01T15:00:17.416,17.417,1045,WD,L_Wrist,0x03,2,1045,1.287,+0.110,-0.229,-0.626,-102.3,+107.6,-53.0,-0.088,-0.133,+0.987,29.0
2025-06-01T15:00:17.433,17.433,1046,WD,L_Wrist,0x03,2,1046,1.287,+0.225,-0.148,-0.604,-94.3,+99.7,-46.2,-0.116,-0.164,+0.980,29.0
2025-06-01T15:00:17.450,17.450,1047,WD,L_Wrist,0x03,2,1047,1.289,+0.317,-0.074,-0.566,-58.3,+69.1,-31.1,-0.141,-0.189,+0.972,29.0
2025-06-01T15:00:17.466,17.467,1048,WD,L_Wrist,0x03,2,1048,1.289,+0.351,-0.039,-0.541,-48.5,+57.8,-26.9,-0.152,-0.200,+0.968,29.0
2025-06-01T15:00:17.483,17.483,1049,WD,L_Wrist,0x03,2,1049,1.289,+0.386,+0.026,-0.486,-66.5,+59.9,-26.2,-0.170,-0.219,+0.961,29.0
2025-06-01T15:00:17.500,17.500,1050,WD,L_Wrist,0x03,2,1050,1.292,+0.373,+0.084,-0.427,-52.8,+31.8,-11.0,-0.182,-0.239,+0.954,29.0
2025-06-01T15:00:17.516,17.517,1051,WD,L_Wrist,0x03,2,1051,1.292,+0.348,+0.109,-0.397,-51.4,+19.0,+0.1,-0.186,-0.250,+0.950,29.0
2025-06-01T15:00:17.533,17.533,1052,WD,L_Wrist,0x03,2,1052,1.292,+0.255,+0.147,-0.339,-58.9,+14.9,+8.4,-0.193,-0.268,+0.944,29.0
2025-06-01T15:00:17.550,17.550,1053,WD,L_Wrist,0x03,2,1053,1.293,+0.089,+0.165,-0.292,-34.9,+2.9,+10.5,-0.196,-0.281,+0.939,29.0
2025-06-01T15:00:17.566,17.567,1054,WD,L_Wrist,0x03,2,1054,1.293,-0.024,+0.167,-0.277,-22.0,-12.5,+13.5,-0.196,-0.286,+0.938,29.0
2025-06-01T15:00:17.583,17.583,1055,WD,L_Wrist,0x03,2,1055,1.293,-0.295,+0.157,-0.267,-21.0,-43.1,+24.4,-0.191,-0.292,+0.937,29.0
2025-06-01T15:00:17.600,17.600,1056,WD,L_Wrist,0x03,2,1056,1.295,-0.594,+0.131,-0.288,-16.9,-91.4,+41.3,-0.177,-0.294,+0.939,29.0
2025-06-01T15:00:17.616,17.617,1057,WD,L_Wrist,0x03,2,1057,1.295,-0.896,+0.094,-0.338,-13.2,-99.0,+42.9,-0.148,-0.297,+0.943,29.0
2025-06-01T15:00:17.633,17.633,1058,WD,L_Wrist,0x03,2,1058,1.295,-1.047,+0.072,-0.373,-20.2,-123.5,+49.0,-0.130,-0.298,+0.946,29.0
2025-06-01T15:00:17.650,17.650,1059,WD,L_Wrist,0x03,2,1059,1.297,-1.331,+0.028,-0.448,-28.9,-164.9,+61.0,-0.089,-0.304,+0.949,29.0
2025-06-01T15:00:17.666,17.667,1060,WD,L_Wrist,0x03,2,1060,1.297,-1.563,-0.016,-0.521,-15.8,-128.2,+50.2,-0.049,-0.311,+0.949,29.0
2025-06-01T15:00:17.683,17.683,1061,WD,L_Wrist,0x03,2,1061,1.297,-1.657,-0.044,-0.558,+8.1,-147.3,+76.5,-0.027,-0.311,+0.950,29.0
2025-06-01T15:00:17.700,17.700,1062,WD,L_Wrist,0x03,2,1062,1.298,-1.785,-0.106,-0.627,+33.9,-188.8,+113.6,+0.018,-0.305,+0.952,29.0
2025-06-01T15:00:17.716,17.717,1063,WD,L_Wrist,0x03,2,1063,1.298,-1.814,-0.166,-0.687,+41.5,-141.1,+97.6,+0.058,-0.294,+0.954,29.0
2025-06-01T15:00:17.733,17.733,1064,WD,L_Wrist,0x03,2,1064,1.298,-1.719,-0.205,-0.735,+25.6,-70.7,+54.2,+0.080,-0.285,+0.955,29.0
2025-06-01T15:00:17.750,17.750,1065,WD,L_Wrist,0x03,2,1065,1.299,-1.631,-0.220,-0.757,+35.9,-85.2,+64.3,+0.088,-0.282,+0.955,29.0
2025-06-01T15:00:17.766,17.767,1066,WD,L_Wrist,0x03,2,1066,1.299,-1.421,-0.264,-0.808,+82.9,-171.4,+120.6,+0.117,-0.269,+0.956,29.0
2025-06-01T15:00:17.783,17.783,1067,WD,L_Wrist,0x03,2,1067,1.299,-1.192,-0.331,-0.860,+119.2,-220.9,+144.8,+0.165,-0.244,+0.956,29.0
2025-06-01T15:00:17.800,17.800,1068,WD,L_Wrist,0x03,2,1068,1.300,-0.958,-0.405,-0.908,+92.9,-169.3,+105.8,+0.220,-0.216,+0.951,29.0
2025-06-01T15:00:17.816,17.817,1069,WD,L_Wrist,0x03,2,1069,1.300,-0.843,-0.438,-0.934,+58.0,-148.4,+85.8,+0.245,-0.206,+0.948,29.0
2025-06-01T15:00:17.833,17.833,1070,WD,L_Wrist,0x03,2,1070,1.300,-0.632,-0.492,-1.003,+53.7,-200.1,+118.1,+0.291,-0.196,+0.936,29.0
2025-06-01T15:00:17.850,17.850,1071,WD,L_Wrist,0x03,2,1071,1.301,-0.461,-0.540,-1.087,+40.0,-215.7,+128.7,+0.340,-0.197,+0.920,29.0
2025-06-01T15:00:17.866,17.867,1072,WD,L_Wrist,0x03,2,1072,1.301,-0.329,-0.589,-1.172,+26.9,-169.2,+97.9,+0.392,-0.201,+0.898,29.0
2025-06-01T15:00:17.883,17.883,1073,WD,L_Wrist,0x03,2,1073,1.301,-0.279,-0.610,-1.212,+2.1,-161.8,+80.9,+0.417,-0.205,+0.885,29.0
2025-06-01T15:00:17.900,17.900,1074,WD,L_Wrist,0x03,2,1074,1.301,-0.218,-0.643,-1.284,-17.8,-197.9,+84.9,+0.465,-0.219,+0.858,29.0
2025-06-01T15:00:17.916,17.917,1075,WD,L_Wrist,0x03,2,1075,1.301,-0.205,-0.669,-1.337,-34.2,-172.2,+65.2,+0.505,-0.236,+0.830,29.0
2025-06-01T15:00:17.933,17.933,1076,WD,L_Wrist,0x03,2,1076,1.301,-0.218,-0.693,-1.369,-28.0,-114.2,+48.2,+0.539,-0.255,+0.803,29.0
2025-06-01T15:00:17.950,17.950,1077,WD,L_Wrist,0x03,2,1077,1.301,-0.229,-0.702,-1.379,-22.5,-97.6,+62.7,+0.552,-0.265,+0.790,29.0
2025-06-01T15:00:17.966,17.967,1078,WD,L_Wrist,0x03,2,1078,1.301,-0.260,-0.718,-1.385,+3.4,-118.0,+90.8,+0.574,-0.285,+0.768,29.0
2025-06-01T15:00:17.983,17.983,1079,WD,L_Wrist,0x03,2,1079,1.301,-0.301,-0.745,-1.371,+34.3,-81.2,+67.8,+0.590,-0.294,+0.752,29.0
2025-06-01T15:00:18.000,18.000,1080,WD,L_Wrist,0x03,2,1080,1.301,-0.322,-0.765,-1.358,+50.4,-66.8,+62.0,+0.598,-0.293,+0.746,29.0
2025-06-01T15:00:18.016,18.017,1081,WD,L_Wrist,0x03,2,1081,1.301,-0.360,-0.802,-1.336,+30.7,-64.4,+90.5,+0.609,-0.294,+0.737,29.0
2025-06-01T15:00:18.033,18.033,1082,WD,L_Wrist,0x03,2,1082,1.301,-0.388,-0.815,-1.337,-28.9,-29.4,+101.9,+0.610,-0.312,+0.729,29.0
2025-06-01T15:00:18.050,18.050,1083,WD,L_Wrist,0x03,2,1083,1.300,-0.404,-0.810,-1.355,-40.3,-6.4,+78.1,+0.602,-0.342,+0.721,29.0
2025-06-01T15:00:18.066,18.067,1084,WD,L_Wrist,0x03,2,1084,1.300,-0.403,-0.807,-1.365,-32.3,+6.4,+68.8,+0.597,-0.356,+0.718,29.0
2025-06-01T15:00:18.083,18.083,1085,WD,L_Wrist,0x03,2,1085,1.300,-0.388,-0.802,-1.377,-36.1,+29.8,+84.3,+0.585,-0.379,+0.717,29.0
2025-06-01T15:00:18.100,18.100,1086,WD,L_Wrist,0x03,2,1086,1.299,-0.376,-0.785,-1.378,-43.1,+76.9,+68.1,+0.566,-0.400,+0.721,29.0
2025-06-01T15:00:18.116,18.117,1087,WD,L_Wrist,0x03,2,1087,1.299,-0.401,-0.753,-1.355,-42.5,+93.8,+28.7,+0.537,-0.420,+0.732,29.0
2025-06-01T15:00:18.133,18.133,1088,WD,L_Wrist,0x03,2,1088,1.299,-0.432,-0.735,-1.330,-35.1,+92.4,-11.5,+0.520,-0.427,+0.740,29.0
2025-06-01T15:00:18.150,18.150,1089,WD,L_Wrist,0x03,2,1089,1.298,-0.475,-0.718,-1.298,-67.9,+198.3,-75.7,+0.500,-0.432,+0.751,29.0
2025-06-01T15:00:18.166,18.167,1090,WD,L_Wrist,0x03,2,1090,1.298,-0.590,-0.682,-1.222,-73.6,+235.2,-105.1,+0.451,-0.435,+0.779,29.0
2025-06-01T15:00:18.183,18.183,1091,WD,L_Wrist,0x03,2,1091,1.298,-0.668,-0.658,-1.184,-103.7,+296.5,-144.9,+0.421,-0.437,+0.795,29.0
2025-06-01T15:00:18.200,18.200,1092,WD,L_Wrist,0x03,2,1092,1.298,-0.878,-0.589,-1.110,-162.3,+429.6,-205.8,+0.349,-0.449,+0.823,29.0
2025-06-01T15:00:18.216,18.217,1093,WD,L_Wrist,0x03,2,1093,1.298,-1.150,-0.486,-1.025,-183.1,+450.1,-218.7,+0.269,-0.473,+0.839,29.0
2025-06-01T15:00:18.233,18.233,1094,WD,L_Wrist,0x03,2,1094,1.298,-1.446,-0.362,-0.898,-124.4,+330.5,-157.1,+0.190,-0.504,+0.843,29.0
2025-06-01T15:00:18.250,18.250,1095,WD,L_Wrist,0x03,2,1095,1.295,-1.592,-0.302,-0.817,-78.7,+299.9,-133.1,+0.152,-0.517,+0.842,29.0
2025-06-01T15:00:18.266,18.267,1096,WD,L_Wrist,0x03,2,1096,1.295,-1.863,-0.205,-0.637,-13.7,+345.5,-141.0,+0.083,-0.530,+0.844,29.0
2025-06-01T15:00:18.283,18.283,1097,WD,L_Wrist,0x03,2,1097,1.295,-2.082,-0.148,-0.471,+95.4,+282.4,-131.8,+0.025,-0.517,+0.856,29.0
2025-06-01T15:00:18.300,18.300,1098,WD,L_Wrist,0x03,2,1098,1.293,-2.201,-0.113,-0.353,+123.3,+186.9,-113.3,-0.019,-0.480,+0.877,29.0
2025-06-01T15:00:18.316,18.317,1099,WD,L_Wrist,0x03,2,1099,1.293,-2.210,-0.099,-0.317,+154.0,+153.9,-120.3,-0.038,-0.456,+0.889,29.0
2025-06-01T15:00:18.333,18.333,1100,WD,L_Wrist,0x03,2,1100,1.293,-2.119,-0.073,-0.292,+202.8,+187.8,-159.6,-0.069,-0.402,+0.913,29.0
2025-06-01T15:00:18.350,18.350,1101,WD,L_Wrist,0x03,2,1101,1.291,-1.886,-0.036,-0.312,+146.6,+178.1,-156.9,-0.100,-0.355,+0.930,29.0
2025-06-01T15:00:18.366,18.367,1102,WD,L_Wrist,0x03,2,1102,1.291,-1.552,+0.034,-0.348,+54.1,+132.8,-120.6,-0.132,-0.333,+0.934,29.0
2025-06-01T15:00:18.383,18.383,1103,WD,L_Wrist,0x03,2,1103,1.291,-1.368,+0.084,-0.365,-44.9,+128.5,-120.8,-0.147,-0.335,+0.931,29.0
2025-06-01T15:00:18.400,18.400,1104,WD,L_Wrist,0x03,2,1104,1.289,-0.995,+0.203,-0.384,-135.7,+168.8,-147.6,-0.177,-0.367,+0.913,29.0
2025-06-01T15:00:18.416,18.417,1105,WD,L_Wrist,0x03,2,1105,1.289,-0.639,+0.326,-0.377,-141.9,+126.5,-94.5,-0.205,-0.422,+0.883,29.0
2025-06-01T15:00:18.433,18.433,1106,WD,L_Wrist,0x03,2,1106,1.289,-0.473,+0.383,-0.366,-160.5,+146.5,-81.8,-0.220,-0.452,+0.865,29.0
2025-06-01T15:00:18.450,18.450,1107,WD,L_Wrist,0x03,2,1107,1.287,-0.182,+0.485,-0.328,-207.8,+220.3,-93.8,-0.256,-0.511,+0.820,29.0
2025-06-01T15:00:18.466,18.467,1108,WD,L_Wrist,0x03,2,1108,1.287,+0.049,+0.571,-0.258,-187.4,+244.3,-73.7,-0.297,-0.565,+0.770,29.0
2025-06-01T15:00:18.483,18.483,1109,WD,L_Wrist,0x03,2,1109,1.287,+0.233,+0.637,-0.132,-123.1,+187.3,-39.9,-0.341,-0.609,+0.716,29.0
2025-06-01T15:00:18.500,18.500,1110,WD,L_Wrist,0x03,2,1110,1.282,+0.316,+0.664,-0.044,-93.8,+179.2,-27.2,-0.363,-0.626,+0.690,29.0
2025-06-01T15:00:18.516,18.517,1111,WD,L_Wrist,0x03,2,1111,1.282,+0.461,+0.704,+0.172,-90.0,+210.0,-24.6,-0.402,-0.651,+0.643,29.0
2025-06-01T15:00:18.533,18.533,1112,WD,L_Wrist,0x03,2,1112,1.282,+0.557,+0.733,+0.404,-42.7,+130.6,-14.9,-0.433,-0.666,+0.608,29.0
2025-06-01T15:00:18.550,18.550,1113,WD,L_Wrist,0x03,2,1113,1.279,+0.582,+0.744,+0.514,-9.3,+88.1,-13.3,-0.444,-0.671,+0.595,29.0
2025-06-01T15:00:18.566,18.567,1114,WD,L_Wrist,0x03,2,1114,1.279,+0.591,+0.753,+0.692,+22.5,+70.8,-8.4,-0.458,-0.673,+0.581,29.0
2025-06-01T15:00:18.583,18.583,1115,WD,L_Wrist,0x03,2,1115,1.279,+0.564,+0.742,+0.796,+60.8,+6.8,+14.9,-0.464,-0.665,+0.585,29.0
2025-06-01T15:00:18.600,18.600,1116,WD,L_Wrist,0x03,2,1116,1.274,+0.519,+0.707,+0.814,+57.7,-33.6,+29.5,-0.466,-0.648,+0.603,29.0
2025-06-01T15:00:18.616,18.617,1117,WD,L_Wrist,0x03,2,1117,1.274,+0.492,+0.681,+0.791,+45.2,-80.1,+49.1,-0.464,-0.637,+0.616,29.0
2025-06-01T15:00:18.633,18.633,1118,WD,L_Wrist,0x03,2,1118,1.274,+0.430,+0.616,+0.700,+28.4,-142.2,+75.5,-0.455,-0.618,+0.641,29.0
2025-06-01T15:00:18.650,18.650,1119,WD,L_Wrist,0x03,2,1119,1.271,+0.366,+0.543,+0.561,-22.7,-185.0,+80.9,-0.438,-0.607,+0.663,29.0
2025-06-01T15:00:18.666,18.667,1120,WD,L_Wrist,0x03,2,1120,1.271,+0.304,+0.471,+0.390,-44.7,-160.7,+60.8,-0.412,-0.607,+0.680,29.0
2025-06-01T15:00:18.683,18.683,1121,WD,L_Wrist,0x03,2,1121,1.271,+0.275,+0.436,+0.299,-72.9,-186.5,+65.2,-0.396,-0.610,+0.686,29.0
2025-06-01T15:00:18.700,18.700,1122,WD,L_Wrist,0x03,2,1122,1.268,+0.218,+0.371,+0.113,-94.3,-269.2,+87.3,-0.360,-0.621,+0.696,29.0
2025-06-01T15:00:18.716,18.717,1123,WD,L_Wrist,0x03,2,1123,1.268,+0.154,+0.310,-0.068,-54.3,-215.8,+65.2,-0.318,-0.630,+0.708,29.0
2025-06-01T15:00:18.733,18.733,1124,WD,L_Wrist,0x03,2,1124,1.268,+0.116,+0.281,-0.154,-17.4,-227.7,+64.6,-0.295,-0.631,+0.717,29.0
2025-06-01T15:00:18.750,18.750,1125,WD,L_Wrist,0x03,2,1125,1.266,+0.028,+0.222,-0.313,+15.4,-293.5,+79.6,-0.246,-0.626,+0.740,29.0
2025-06-01T15:00:18.766,18.767,1126,WD,L_Wrist,0x03,2,1126,1.266,-0.072,+0.169,-0.438,+54.9,-263.8,+76.3,-0.198,-0.613,+0.765,29.0
2025-06-01T15:00:18.783,18.783,1127,WD,L_Wrist,0x03,2,1127,1.266,-0.192,+0.113,-0.525,+60.8,-178.2,+60.8,-0.156,-0.592,+0.790,29.0
2025-06-01T15:00:18.800,18.800,1128,WD,L_Wrist,0x03,2,1128,1.263,-0.261,+0.083,-0.556,+83.4,-181.0,+76.6,-0.138,-0.580,+0.803,29.0
2025-06-01T15:00:18.816,18.817,1129,WD,L_Wrist,0x03,2,1129,1.263,-0.435,+0.003,-0.617,+133.3,-287.5,+131.5,-0.096,-0.546,+0.832,29.0
2025-06-01T15:00:18.833,18.833,1130,WD,L_Wrist,0x03,2,1130,1.263,-0.653,-0.093,-0.688,+105.2,-231.2,+110.1,-0.039,-0.507,+0.861,29.0
2025-06-01T15:00:18.850,18.850,1131,WD,L_Wrist,0x03,2,1131,1.259,-0.746,-0.132,-0.718,+40.9,-95.9,+44.8,-0.014,-0.492,+0.870,29.0
2025-06-01T15:00:18.866,18.867,1132,WD,L_Wrist,0x03,2,1132,1.259,-0.783,-0.147,-0.730,+63.0,-163.7,+73.8,-0.004,-0.486,+0.874,29.0
2025-06-01T15:00:18.883,18.883,1133,WD,L_Wrist,0x03,2,1133,1.259,-0.971,-0.221,-0.796,+99.4,-260.2,+121.8,+0.049,-0.459,+0.887,29.0
2025-06-01T15:00:18.900,18.900,1134,WD,L_Wrist,0x03,2,1134,1.257,-1.136,-0.282,-0.866,+65.1,-178.8,+86.0,+0.098,-0.439,+0.893,29.0
2025-06-01T15:00:18.916,18.917,1135,WD,L_Wrist,0x03,2,1135,1.257,-1.204,-0.308,-0.901,+59.7,-175.2,+82.1,+0.120,-0.431,+0.895,29.0
2025-06-01T15:00:18.933,18.933,1136,WD,L_Wrist,0x03,2,1136,1.257,-1.321,-0.363,-0.971,+91.9,-235.6,+109.0,+0.168,-0.413,+0.895,29.0
2025-06-01T15:00:18.950,18.950,1137,WD,L_Wrist,0x03,2,1137,1.257,-1.398,-0.417,-1.031,+102.1,-227.7,+106.2,+0.216,-0.393,+0.893,29.0
2025-06-01T15:00:18.966,18.967,1138,WD,L_Wrist,0x03,2,1138,1.257,-1.433,-0.468,-1.076,+77.7,-167.9,+82.9,+0.263,-0.374,+0.890,29.0
2025-06-01T15:00:18.983,18.983,1139,WD,L_Wrist,0x03,2,1139,1.257,-1.439,-0.489,-1.093,+59.3,-160.9,+84.8,+0.285,-0.366,+0.886,29.0
2025-06-01T15:00:19.000,19.000,1140,WD,L_Wrist,0x03,2,1140,1.255,-1.431,-0.516,-1.118,+57.2,-197.7,+108.2,+0.327,-0.357,+0.875,29.0
2025-06-01T15:00:19.016,19.017,1141,WD,L_Wrist,0x03,2,1141,1.255,-1.401,-0.525,-1.137,+23.9,-131.4,+72.3,+0.363,-0.357,+0.861,29.0
2025-06-01T15:00:19.033,19.033,1142,WD,L_Wrist,0x03,2,1142,1.255,-1.379,-0.522,-1.146,-7.3,-105.5,+56.0,+0.378,-0.360,+0.853,29.0
2025-06-01T15:00:19.050,19.050,1143,WD,L_Wrist,0x03,2,1143,1.254,-1.322,-0.504,-1.165,-25.7,-117.6,+59.7,+0.403,-0.373,+0.836,29.0
2025-06-01T15:00:19.066,19.067,1144,WD,L_Wrist,0x03,2,1144,1.254,-1.251,-0.479,-1.181,-15.7,-95.2,+42.5,+0.423,-0.387,+0.819,29.0
2025-06-01T15:00:19.083,19.083,1145,WD,L_Wrist,0x03,2,1145,1.254,-1.176,-0.466,-1.188,+9.6,-60.9,+23.1,+0.439,-0.391,+0.809,29.0
2025-06-01T15:00:19.100,19.100,1146,WD,L_Wrist,0x03,2,1146,1.253,-1.138,-0.466,-1.187,+33.3,-40.8,+11.2,+0.446,-0.388,+0.806,29.0
2025-06-01T15:00:19.116,19.117,1147,WD,L_Wrist,0x03,2,1147,1.253,-1.060,-0.470,-1.183,+50.5,-30.0,+3.1,+0.456,-0.378,+0.806,29.0
2025-06-01T15:00:19.133,19.133,1148,WD,L_Wrist,0x03,2,1148,1.253,-0.982,-0.476,-1.177,+53.5,-0.2,-13.7,+0.460,-0.365,+0.809,29.0
2025-06-01T15:00:19.150,19.150,1149,WD,L_Wrist,0x03,2,1149,1.253,-0.909,-0.483,-1.166,+39.5,+14.0,-18.7,+0.459,-0.349,+0.817,29.0
2025-06-01T15:00:19.166,19.167,1150,WD,L_Wrist,0x03,2,1150,1.253,-0.876,-0.485,-1.159,+20.6,+34.7,-25.8,+0.457,-0.342,+0.821,29.0
2025-06-01T15:00:19.183,19.183,1151,WD,L_Wrist,0x03,2,1151,1.253,-0.817,-0.479,-1.149,-0.2,+70.6,-43.0,+0.447,-0.333,+0.830,29.0
2025-06-01T15:00:19.200,19.200,1152,WD,L_Wrist,0x03,2,1152,1.254,-0.763,-0.461,-1.146,-9.3,+94.3,-59.4,+0.431,-0.331,+0.839,29.0
2025-06-01T15:00:19.216,19.217,1153,WD,L_Wrist,0x03,2,1153,1.254,-0.716,-0.452,-1.141,+8.3,+78.3,-56.4,+0.413,-0.322,+0.852,29.0
2025-06-01T15:00:19.233,19.233,1154,WD,L_Wrist,0x03,2,1154,1.254,-0.695,-0.453,-1.136,+31.7,+88.8,-70.9,+0.403,-0.313,+0.860,29.0
2025-06-01T15:00:19.250,19.250,1155,WD,L_Wrist,0x03,2,1155,1.255,-0.652,-0.459,-1.122,+36.8,+139.2,-105.4,+0.381,-0.289,+0.878,29.0
2025-06-01T15:00:19.266,19.267,1156,WD,L_Wrist,0x03,2,1156,1.255,-0.606,-0.456,-1.110,+12.5,+122.0,-85.6,+0.350,-0.271,+0.897,29.0
2025-06-01T15:00:19.283,19.283,1157,WD,L_Wrist,0x03,2,1157,1.255,-0.581,-0.448,-1.105,-16.6,+142.2,-92.3,+0.331,-0.266,+0.905,29.0
2025-06-01T15:00:19.300,19.300,1158,WD,L_Wrist,0x03,2,1158,1.256,-0.535,-0.424,-1.092,-32.3,+208.4,-132.5,+0.289,-0.262,+0.921,29.0
2025-06-01T15:00:19.316,19.317,1159,WD,L_Wrist,0x03,2,1159,1.256,-0.491,-0.394,-1.069,-24.6,+172.7,-108.3,+0.239,-0.261,+0.935,29.0
2025-06-01T15:00:19.333,19.333,1160,WD,L_Wrist,0x03,2,1160,1.256,-0.468,-0.379,-1.052,-29.2,+193.4,-119.9,+0.211,-0.260,+0.942,29.0
2025-06-01T15:00:19.350,19.350,1161,WD,L_Wrist,0x03,2,1161,1.258,-0.429,-0.347,-1.010,-52.8,+260.2,-158.0,+0.151,-0.262,+0.953,29.0
2025-06-01T15:00:19.366,19.367,1162,WD,L_Wrist,0x03,2,1162,1.258,-0.405,-0.305,-0.968,-93.3,+251.6,-146.8,+0.092,-0.276,+0.957,29.0
2025-06-01T15:00:19.383,19.383,1163,WD,L_Wrist,0x03,2,1163,1.258,-0.395,-0.249,-0.931,-92.7,+182.0,-100.3,+0.035,-0.306,+0.951,29.0
2025-06-01T15:00:19.400,19.400,1164,WD,L_Wrist,0x03,2,1164,1.261,-0.392,-0.218,-0.910,-103.9,+187.5,-98.1,+0.008,-0.325,+0.946,29.0
2025-06-01T15:00:19.416,19.417,1165,WD,L_Wrist,0x03,2,1165,1.261,-0.380,-0.154,-0.856,-115.0,+252.4,-122.7,-0.048,-0.363,+0.931,29.0
2025-06-01T15:00:19.433,19.433,1166,WD,L_Wrist,0x03,2,1166,1.261,-0.362,-0.099,-0.785,-63.6,+184.4,-85.5,-0.103,-0.391,+0.915,29.0
2025-06-01T15:00:19.450,19.450,1167,WD,L_Wrist,0x03,2,1167,1.262,-0.354,-0.076,-0.746,-48.3,+160.0,-78.1,-0.128,-0.402,+0.907,29.0
2025-06-01T15:00:19.466,19.467,1168,WD,L_Wrist,0x03,2,1168,1.262,-0.338,-0.029,-0.673,-62.9,+184.0,-96.9,-0.169,-0.422,+0.891,29.0
2025-06-01T15:00:19.483,19.483,1169,WD,L_Wrist,0x03,2,1169,1.262,-0.319,+0.022,-0.608,-48.5,+117.9,-67.5,-0.200,-0.444,+0.873,29.0
2025-06-01T15:00:19.500,19.500,1170,WD,L_Wrist,0x03,2,1170,1.267,-0.305,+0.049,-0.579,-43.5,+97.7,-58.2,-0.212,-0.455,+0.865,29.0
2025-06-01T15:00:19.516,19.517,1171,WD,L_Wrist,0x03,2,1171,1.267,-0.269,+0.098,-0.526,-47.6,+110.8,-61.4,-0.233,-0.473,+0.850,29.0
2025-06-01T15:00:19.533,19.533,1172,WD,L_Wrist,0x03,2,1172,1.267,-0.220,+0.141,-0.481,-53.2,+89.2,-43.3,-0.250,-0.487,+0.837,29.0
2025-06-01T15:00:19.550,19.550,1173,WD,L_Wrist,0x03,2,1173,1.270,-0.158,+0.184,-0.443,-56.6,+59.3,-26.1,-0.264,-0.505,+0.822,29.0
2025-06-01T15:00:19.566,19.567,1174,WD,L_Wrist,0x03,2,1174,1.270,-0.124,+0.209,-0.424,-89.3,+57.2,-25.8,-0.271,-0.518,+0.811,29.0
2025-06-01T15:00:19.583,19.583,1175,WD,L_Wrist,0x03,2,1175,1.270,-0.050,+0.264,-0.385,-136.3,+72.3,-32.3,-0.283,-0.551,+0.785,29.0
2025-06-01T15:00:19.600,19.600,1176,WD,L_Wrist,0x03,2,1176,1.273,+0.023,+0.316,-0.347,-143.3,+63.0,-27.4,-0.294,-0.586,+0.755,29.0
2025-06-01T15:00:19.616,19.617,1177,WD,L_Wrist,0x03,2,1177,1.273,+0.091,+0.357,-0.313,-106.4,+39.5,-15.8,-0.302,-0.619,+0.725,29.0
2025-06-01T15:00:19.633,19.633,1178,WD,L_Wrist,0x03,2,1178,1.273,+0.122,+0.373,-0.299,-102.8,+27.7,-9.1,-0.305,-0.634,+0.711,29.0
2025-06-01T15:00:19.650,19.650,1179,WD,L_Wrist,0x03,2,1179,1.276,+0.178,+0.398,-0.277,-131.3,+24.6,-4.4,-0.310,-0.662,+0.682,29.0
2025-06-01T15:00:19.666,19.667,1180,WD,L_Wrist,0x03,2,1180,1.276,+0.224,+0.414,-0.261,-92.4,+8.8,+1.7,-0.313,-0.687,+0.656,29.0
2025-06-01T15:00:19.683,19.683,1181,WD,L_Wrist,0x03,2,1181,1.276,+0.243,+0.418,-0.255,-81.5,-5.3,+5.7,-0.314,-0.698,+0.644,29.0
2025-06-01T15:00:19.700,19.700,1182,WD,L_Wrist,0x03,2,1182,1.279,+0.272,+0.424,-0.248,-98.9,-22.5,+9.5,-0.313,-0.716,+0.623,29.0
2025-06-01T15:00:19.716,19.717,1183,WD,L_Wrist,0x03,2,1183,1.279,+0.286,+0.425,-0.251,-84.2,-43.0,+12.6,-0.310,-0.732,+0.607,29.0
2025-06-01T15:00:19.733,19.733,1184,WD,L_Wrist,0x03,2,1184,1.279,+0.286,+0.422,-0.268,-52.9,-42.0,+11.9,-0.303,-0.744,+0.595,29.0
2025-06-01T15:00:19.750,19.750,1185,WD,L_Wrist,0x03,2,1185,1.285,+0.281,+0.419,-0.281,-37.8,-52.1,+16.7,-0.300,-0.748,+0.592,29.0
2025-06-01T15:00:19.766,19.767,1186,WD,L_Wrist,0x03,2,1186,1.285,+0.264,+0.411,-0.317,-35.3,-78.2,+24.8,-0.293,-0.754,+0.588,29.0
2025-06-01T15:00:19.783,19.783,1187,WD,L_Wrist,0x03,2,1187,1.285,+0.239,+0.400,-0.367,-19.0,-93.5,+27.5,-0.284,-0.756,+0.590,29.0
2025-06-01T15:00:19.800,19.800,1188,WD,L_Wrist,0x03,2,1188,1.286,+0.205,+0.390,-0.429,-8.2,-82.4,+22.4,-0.273,-0.756,+0.595,29.0
2025-06-01T15:00:19.816,19.817,1189,WD,L_Wrist,0x03,2,1189,1.286,+0.183,+0.386,-0.465,-6.6,-101.6,+25.9,-0.266,-0.755,+0.599,29.0
2025-06-01T15:00:19.833,19.833,1190,WD,L_Wrist,0x03,2,1190,1.286,+0.132,+0.382,-0.544,-9.1,-147.8,+36.0,-0.249,-0.754,+0.608,29.0
2025-06-01T15:00:19.850,19.850,1191,WD,L_Wrist,0x03,2,1191,1.288,+0.073,+0.383,-0.625,-6.2,-154.1,+35.4,-0.229,-0.753,+0.616,29.0
2025-06-01T15:00:19.866,19.867,1192,WD,L_Wrist,0x03,2,1192,1.288,+0.013,+0.389,-0.705,+0.4,-113.7,+25.8,-0.209,-0.752,+0.626,29.0
2025-06-01T15:00:19.883,19.883,1193,WD,L_Wrist,0x03,2,1193,1.288,-0.016,+0.392,-0.742,+6.6,-106.5,+27.8,-0.199,-0.750,+0.631,29.0
2025-06-01T15:00:19.900,19.900,1194,WD,L_Wrist,0x03,2,1194,1.291,-0.071,+0.397,-0.812,+9.3,-134.6,+43.6,-0.182,-0.746,+0.641,29.0
2025-06-01T15:00:19.916,19.917,1195,WD,L_Wrist,0x03,2,1195,1.291,-0.120,+0.402,-0.875,+4.9,-95.1,+38.2,-0.168,-0.742,+0.649,29.0
2025-06-01T15:00:19.933,19.933,1196,WD,L_Wrist,0x03,2,1196,1.291,-0.141,+0.404,-0.904,+1.2,-90.0,+44.4,-0.162,-0.740,+0.652,29.0
2025-06-01T15:00:19.950,19.950,1197,WD,L_Wrist,0x03,2,1197,1.297,-0.179,+0.405,-0.957,+5.6,-117.6,+63.4,-0.153,-0.737,+0.658,29.0
2025-06-01T15:00:19.966,19.967,1198,WD,L_Wrist,0x03,2,1198,1.297,-0.209,+0.399,-1.004,+11.2,-111.1,+64.6,-0.144,-0.733,+0.665,29.0
2025-06-01T15:00:19.983,19.983,1199,WD,L_Wrist,0x03,2,1199,1.297,-0.231,+0.390,-1.045,+14.1,-106.3,+63.9,-0.137,-0.728,+0.672,29.0
