timestamp_iso,t_s,round,node,label,present_mask_hex,version,node_seq,distance_m,ax_g,ay_g,az_g,gx_dps,gy_dps,gz_dps,hx_g,hy_g,hz_g,imu_temp_c
2025-06-01T15:00:00.000,0.000,0,WE,R_Wrist,0x03,2,0,1.246,-0.339,+0.873,-0.438,+59.8,+30.9,-38.6,+0.238,-0.545,+0.804,29.0
2025-06-01T15:00:00.016,0.017,1,WE,R_Wrist,0x03,2,1,1.246,-0.349,+0.844,-0.450,+60.5,+29.5,-36.6,+0.236,-0.528,+0.816,29.0
2025-06-01T15:00:00.033,0.033,2,WE,R_Wrist,0x03,2,2,1.246,-0.359,+0.815,-0.461,+61.3,+25.8,-31.8,+0.235,-0.511,+0.827,29.0
2025-06-01T15:00:00.050,0.050,3,WE,R_Wrist,0x03,2,3,1.251,-0.368,+0.789,-0.470,+46.4,+17.4,-21.1,+0.233,-0.494,+0.837,29.0
2025-06-01T15:00:00.066,0.067,4,WE,R_Wrist,0x03,2,4,1.251,-0.372,+0.777,-0.474,+46.7,+14.5,-17.0,+0.233,-0.486,+0.843,29.0
2025-06-01T15:00:00.083,0.083,5,WE,R_Wrist,0x03,2,5,1.251,-0.379,+0.754,-0.481,+62.6,+16.9,-18.9,+0.231,-0.469,+0.852,29.0
2025-06-01T15:00:00.100,0.100,6,WE,R_Wrist,0x03,2,6,1.255,-0.384,+0.733,-0.487,+62.5,+13.7,-13.6,+0.229,-0.452,+0.862,29.0
2025-06-01T15:00:00.116,0.117,7,WE,R_Wrist,0x03,2,7,1.255,-0.389,+0.713,-0.492,+46.6,+8.7,-7.3,+0.228,-0.436,+0.871,29.0
2025-06-01T15:00:00.133,0.133,8,WE,R_Wrist,0x03,2,8,1.255,-0.391,+0.705,-0.495,+45.9,+6.9,-3.5,+0.227,-0.428,+0.875,29.0
2025-06-01T15:00:00.150,0.150,9,WE,R_Wrist,0x03,2,9,1.259,-0.395,+0.689,-0.500,+60.0,+7.9,-1.3,+0.225,-0.412,+0.883,29.0
2025-06-01T15:00:00.166,0.167,10,WE,R_Wrist,0x03,2,10,1.259,-0.397,+0.677,-0.507,+44.0,+5.1,+1.5,+0.223,-0.397,+0.890,29.0
2025-06-01T15:00:00.183,0.183,11,WE,R_Wrist,0x03,2,11,1.259,-0.398,+0.673,-0.510,+42.3,+4.5,+4.3,+0.222,-0.389,+0.894,29.0
2025-06-01T15:00:00.200,0.200,12,WE,R_Wrist,0x03,2,12,1.267,-0.400,+0.667,-0.518,+54.3,+5.8,+7.9,+0.220,-0.375,+0.900,29.0
2025-06-01T15:00:00.216,0.217,13,WE,R_Wrist,0x03,2,13,1.267,-0.399,+0.665,-0.527,+51.3,+5.9,+10.3,+0.217,-0.362,+0.906,29.0
2025-06-01T15:00:00.233,0.233,14,WE,R_Wrist,0x03,2,14,1.267,-0.396,+0.666,-0.537,+36.5,+4.6,+8.8,+0.215,-0.350,+0.912,29.0
2025-06-01T15:00:00.250,0.250,15,WE,R_Wrist,0x03,2,15,1.270,-0.394,+0.668,-0.543,+33.9,+5.1,+9.7,+0.213,-0.344,+0.915,29.0
2025-06-01T15:00:00.266,0.267,16,WE,R_Wrist,0x03,2,16,1.270,-0.389,+0.673,-0.555,+42.7,+7.2,+13.3,+0.210,-0.333,+0.919,29.0
2025-06-01T15:00:00.283,0.283,17,WE,R_Wrist,0x03,2,17,1.270,-0.385,+0.681,-0.568,+30.2,+5.7,+10.2,+0.207,-0.323,+0.924,29.0
2025-06-01T15:00:00.300,0.300,18,WE,R_Wrist,0x03,2,18,1.273,-0.383,+0.685,-0.574,+27.8,+6.2,+10.2,+0.205,-0.318,+0.926,29.0
2025-06-01T15:00:00.316,0.317,19,WE,R_Wrist,0x03,2,19,1.273,-0.380,+0.695,-0.586,+34.6,+9.1,+13.7,+0.201,-0.309,+0.930,29.0
2025-06-01T15:00:00.333,0.333,20,WE,R_Wrist,0x03,2,20,1.273,-0.374,+0.706,-0.598,+31.4,+10.7,+13.8,+0.198,-0.301,+0.933,29.0
2025-06-01T15:00:00.350,0.350,21,WE,R_Wrist,0x03,2,21,1.276,-0.358,+0.720,-0.608,+21.9,+9.1,+10.3,+0.193,-0.293,+0.936,29.0
2025-06-01T15:00:00.366,0.367,22,WE,R_Wrist,0x03,2,22,1.276,-0.346,+0.729,-0.612,+20.4,+10.8,+9.7,+0.191,-0.290,+0.938,29.0
2025-06-01T15:00:00.383,0.383,23,WE,R_Wrist,0x03,2,23,1.276,-0.313,+0.748,-0.618,+26.4,+16.1,+11.4,+0.186,-0.283,+0.941,29.0
2025-06-01T15:00:00.400,0.400,24,WE,R_Wrist,0x03,2,24,1.279,-0.272,+0.768,-0.622,+19.3,+13.5,+6.8,+0.180,-0.277,+0.944,29.0
2025-06-01T15:00:00.416,0.417,25,WE,R_Wrist,0x03,2,25,1.279,-0.251,+0.777,-0.624,+18.3,+16.2,+3.2,+0.177,-0.273,+0.945,29.0
2025-06-01T15:00:00.433,0.433,26,WE,R_Wrist,0x03,2,26,1.279,-0.209,+0.791,-0.628,+22.7,+25.3,-0.9,+0.171,-0.267,+0.948,29.0
2025-06-01T15:00:00.450,0.450,27,WE,R_Wrist,0x03,2,27,1.282,-0.172,+0.798,-0.632,+15.4,+22.2,-5.1,+0.163,-0.261,+0.951,29.0
2025-06-01T15:00:00.466,0.467,28,WE,R_Wrist,0x03,2,28,1.282,-0.155,+0.799,-0.635,+12.4,+27.4,-12.0,+0.159,-0.258,+0.953,29.0
2025-06-01T15:00:00.483,0.483,29,WE,R_Wrist,0x03,2,29,1.282,-0.127,+0.795,-0.641,+12.8,+42.8,-23.8,+0.150,-0.253,+0.956,29.0
2025-06-01T15:00:00.500,0.500,30,WE,R_Wrist,0x03,2,30,1.283,-0.108,+0.784,-0.650,+7.6,+51.7,-34.3,+0.139,-0.249,+0.959,29.0
2025-06-01T15:00:00.516,0.517,31,WE,R_Wrist,0x03,2,31,1.283,-0.098,+0.767,-0.661,+2.8,+43.9,-31.4,+0.126,-0.246,+0.961,29.0
2025-06-01T15:00:00.533,0.533,32,WE,R_Wrist,0x03,2,32,1.283,-0.096,+0.756,-0.667,-0.9,+50.6,-38.0,+0.119,-0.245,+0.962,29.0
2025-06-01T15:00:00.550,0.550,33,WE,R_Wrist,0x03,2,33,1.284,-0.100,+0.733,-0.681,-3.3,+73.4,-55.8,+0.103,-0.244,+0.964,29.0
2025-06-01T15:00:00.566,0.567,34,WE,R_Wrist,0x03,2,34,1.284,-0.110,+0.710,-0.697,-4.5,+80.1,-60.5,+0.086,-0.243,+0.966,29.0
2025-06-01T15:00:00.583,0.583,35,WE,R_Wrist,0x03,2,35,1.284,-0.124,+0.687,-0.715,-2.4,+63.1,-46.7,+0.067,-0.243,+0.968,29.0
2025-06-01T15:00:00.600,0.600,36,WE,R_Wrist,0x03,2,36,1.284,-0.130,+0.676,-0.724,+0.4,+65.9,-46.4,+0.057,-0.243,+0.968,29.0
2025-06-01T15:00:00.616,0.617,37,WE,R_Wrist,0x03,2,37,1.284,-0.141,+0.655,-0.744,+7.1,+89.1,-59.9,+0.036,-0.241,+0.970,29.0
2025-06-01T15:00:00.633,0.633,38,WE,R_Wrist,0x03,2,38,1.284,-0.147,+0.633,-0.766,+17.6,+88.9,-55.8,+0.015,-0.238,+0.971,29.0
2025-06-01T15:00:00.650,0.650,39,WE,R_Wrist,0x03,2,39,1.284,-0.153,+0.608,-0.789,+20.4,+65.9,-39.1,-0.007,-0.231,+0.973,29.0
2025-06-01T15:00:00.666,0.667,40,WE,R_Wrist,0x03,2,40,1.284,-0.156,+0.594,-0.800,+29.8,+63.5,-34.3,-0.017,-0.226,+0.974,29.0
2025-06-01T15:00:00.683,0.683,41,WE,R_Wrist,0x03,2,41,1.284,-0.165,+0.560,-0.823,+49.6,+82.0,-40.9,-0.038,-0.214,+0.976,29.0
2025-06-01T15:00:00.700,0.700,42,WE,R_Wrist,0x03,2,42,1.283,-0.173,+0.521,-0.845,+61.9,+77.6,-34.0,-0.059,-0.199,+0.978,29.0
2025-06-01T15:00:00.716,0.717,43,WE,R_Wrist,0x03,2,43,1.283,-0.179,+0.479,-0.864,+53.0,+55.6,-21.8,-0.078,-0.180,+0.980,29.0
2025-06-01T15:00:00.733,0.733,44,WE,R_Wrist,0x03,2,44,1.283,-0.181,+0.457,-0.872,+60.5,+51.3,-16.0,-0.088,-0.170,+0.982,29.0
2025-06-01T15:00:00.750,0.750,45,WE,R_Wrist,0x03,2,45,1.282,-0.181,+0.413,-0.885,+87.4,+64.1,-16.6,-0.106,-0.147,+0.983,29.0
2025-06-01T15:00:00.766,0.767,46,WE,R_Wrist,0x03,2,46,1.282,-0.175,+0.368,-0.893,+69.8,+44.6,-9.1,-0.123,-0.121,+0.985,29.0
2025-06-01T15:00:00.783,0.783,47,WE,R_Wrist,0x03,2,47,1.282,-0.169,+0.347,-0.896,+73.5,+39.2,-4.0,-0.131,-0.107,+0.986,29.0
2025-06-01T15:00:00.800,0.800,48,WE,R_Wrist,0x03,2,48,1.281,-0.150,+0.305,-0.898,+99.4,+46.2,-1.7,-0.145,-0.079,+0.986,29.0
2025-06-01T15:00:00.816,0.817,49,WE,R_Wrist,0x03,2,49,1.281,-0.122,+0.266,-0.898,+98.2,+37.0,+2.8,-0.157,-0.050,+0.986,29.0
2025-06-01T15:00:00.833,0.833,50,WE,R_Wrist,0x03,2,50,1.281,-0.088,+0.229,-0.897,+71.1,+22.1,+4.3,-0.167,-0.022,+0.986,29.0
2025-06-01T15:00:00.850,0.850,51,WE,R_Wrist,0x03,2,51,1.280,-0.070,+0.211,-0.897,+64.2,+14.1,+7.1,-0.170,-0.009,+0.985,29.0
2025-06-01T15:00:00.866,0.867,52,WE,R_Wrist,0x03,2,52,1.280,-0.038,+0.178,-0.897,+75.3,+10.8,+11.5,-0.175,+0.015,+0.984,29.0
2025-06-01T15:00:00.883,0.883,53,WE,R_Wrist,0x03,2,53,1.280,-0.014,+0.149,-0.901,+47.5,+2.4,+10.2,-0.176,+0.035,+0.984,29.0
2025-06-01T15:00:00.900,0.900,54,WE,R_Wrist,0x03,2,54,1.276,-0.005,+0.136,-0.903,+33.6,-3.8,+12.1,-0.176,+0.043,+0.983,29.0
2025-06-01T15:00:00.916,0.917,55,WE,R_Wrist,0x03,2,55,1.276,+0.004,+0.118,-0.910,+30.3,-10.1,+17.9,-0.174,+0.056,+0.983,29.0
2025-06-01T15:00:00.933,0.933,56,WE,R_Wrist,0x03,2,56,1.276,+0.004,+0.111,-0.918,+12.4,-14.9,+20.2,-0.170,+0.063,+0.984,29.0
2025-06-01T15:00:00.950,0.950,57,WE,R_Wrist,0x03,2,57,1.273,-0.002,+0.117,-0.927,+0.5,-13.0,+16.4,-0.165,+0.065,+0.984,29.0
2025-06-01T15:00:00.966,0.967,58,WE,R_Wrist,0x03,2,58,1.273,-0.007,+0.124,-0.931,-7.6,-14.2,+18.2,-0.162,+0.064,+0.985,29.0
2025-06-01T15:00:00.983,0.983,59,WE,R_Wrist,0x03,2,59,1.273,-0.019,+0.146,-0.938,-14.1,-18.9,+26.1,-0.156,+0.062,+0.986,29.0
2025-06-01T15:00:01.000,1.000,60,WE,R_Wrist,0x03,2,60,1.270,-0.031,+0.175,-0.943,-11.8,-13.8,+20.9,-0.150,+0.059,+0.987,29.0
2025-06-01T15:00:01.016,1.017,61,WE,R_Wrist,0x03,2,61,1.270,-0.038,+0.190,-0.945,-9.6,-12.8,+22.4,-0.147,+0.057,+0.987,29.0
2025-06-01T15:00:01.033,1.033,62,WE,R_Wrist,0x03,2,62,1.270,-0.051,+0.221,-0.950,-7.9,-15.7,+31.0,-0.142,+0.055,+0.988,29.0
2025-06-01T15:00:01.050,1.050,63,WE,R_Wrist,0x03,2,63,1.267,-0.061,+0.248,-0.954,+0.0,-14.5,+31.9,-0.137,+0.055,+0.989,29.0
2025-06-01T15:00:01.066,1.067,64,WE,R_Wrist,0x03,2,64,1.267,-0.069,+0.267,-0.959,+4.5,-10.6,+24.2,-0.132,+0.058,+0.990,29.0
2025-06-01T15:00:01.083,1.083,65,WE,R_Wrist,0x03,2,65,1.267,-0.072,+0.274,-0.962,+8.8,-11.3,+24.5,-0.130,+0.060,+0.990,29.0
2025-06-01T15:00:01.100,1.100,66,WE,R_Wrist,0x03,2,66,1.260,-0.077,+0.280,-0.968,+13.2,-16.7,+33.2,-0.125,+0.065,+0.990,29.0
2025-06-01T15:00:01.116,1.117,67,WE,R_Wrist,0x03,2,67,1.260,-0.082,+0.280,-0.973,+11.8,-20.1,+34.2,-0.119,+0.070,+0.990,29.0
2025-06-01T15:00:01.133,1.133,68,WE,R_Wrist,0x03,2,68,1.260,-0.089,+0.278,-0.976,+6.4,-17.5,+26.5,-0.112,+0.074,+0.991,29.0
2025-06-01T15:00:01.150,1.150,69,WE,R_Wrist,0x03,2,69,1.256,-0.092,+0.279,-0.977,+1.2,-21.3,+27.8,-0.108,+0.075,+0.991,29.0
2025-06-01T15:00:01.166,1.167,70,WE,R_Wrist,0x03,2,70,1.256,-0.101,+0.283,-0.974,-4.4,-32.7,+38.7,-0.099,+0.076,+0.992,29.0
2025-06-01T15:00:01.183,1.183,71,WE,R_Wrist,0x03,2,71,1.256,-0.111,+0.294,-0.967,-12.4,-38.5,+41.0,-0.087,+0.075,+0.993,29.0
2025-06-01T15:00:01.200,1.200,72,WE,R_Wrist,0x03,2,72,1.248,-0.123,+0.311,-0.956,-13.5,-32.1,+32.1,-0.075,+0.071,+0.995,29.0
2025-06-01T15:00:01.216,1.217,73,WE,R_Wrist,0x03,2,73,1.248,-0.129,+0.322,-0.948,-18.3,-36.3,+34.0,-0.068,+0.068,+0.995,29.0
2025-06-01T15:00:01.233,1.233,74,WE,R_Wrist,0x03,2,74,1.248,-0.141,+0.345,-0.930,-27.5,-52.0,+46.8,-0.052,+0.062,+0.997,29.0
2025-06-01T15:00:01.250,1.250,75,WE,R_Wrist,0x03,2,75,1.246,-0.152,+0.371,-0.908,-22.3,-41.4,+36.1,-0.036,+0.054,+0.998,29.0
2025-06-01T15:00:01.266,1.267,76,WE,R_Wrist,0x03,2,76,1.246,-0.157,+0.384,-0.896,-23.6,-44.2,+37.4,-0.027,+0.050,+0.998,29.0
2025-06-01T15:00:01.283,1.283,77,WE,R_Wrist,0x03,2,77,1.246,-0.166,+0.410,-0.871,-31.6,-60.7,+50.3,-0.009,+0.041,+0.999,29.0
2025-06-01T15:00:01.300,1.300,78,WE,R_Wrist,0x03,2,78,1.242,-0.173,+0.435,-0.845,-31.9,-62.7,+50.5,+0.009,+0.031,+0.999,29.0
2025-06-01T15:00:01.316,1.317,79,WE,R_Wrist,0x03,2,79,1.242,-0.178,+0.458,-0.819,-24.1,-47.8,+37.6,+0.028,+0.022,+0.999,29.0
2025-06-01T15:00:01.333,1.333,80,WE,R_Wrist,0x03,2,80,1.242,-0.180,+0.468,-0.806,-25.9,-48.7,+37.1,+0.038,+0.017,+0.999,29.0
2025-06-01T15:00:01.350,1.350,81,WE,R_Wrist,0x03,2,81,1.237,-0.186,+0.487,-0.781,-37.4,-65.3,+48.0,+0.057,+0.006,+0.998,29.0
2025-06-01T15:00:01.366,1.367,82,WE,R_Wrist,0x03,2,82,1.237,-0.195,+0.505,-0.757,-30.8,-49.1,+34.7,+0.076,-0.006,+0.997,29.0
2025-06-01T15:00:01.383,1.383,83,WE,R_Wrist,0x03,2,83,1.237,-0.200,+0.514,-0.745,-36.3,-49.0,+33.3,+0.085,-0.013,+0.996,29.0
2025-06-01T15:00:01.400,1.400,84,WE,R_Wrist,0x03,2,84,1.227,-0.204,+0.534,-0.718,-53.6,-64.7,+42.4,+0.104,-0.029,+0.994,29.0
2025-06-01T15:00:01.416,1.417,85,WE,R_Wrist,0x03,2,85,1.227,-0.193,+0.557,-0.689,-60.5,-63.8,+39.9,+0.122,-0.047,+0.991,29.0
2025-06-01T15:00:01.433,1.433,86,WE,R_Wrist,0x03,2,86,1.227,-0.166,+0.584,-0.659,-48.9,-47.3,+28.2,+0.140,-0.067,+0.988,29.0
2025-06-01T15:00:01.450,1.450,87,WE,R_Wrist,0x03,2,87,1.221,-0.149,+0.598,-0.644,-54.4,-46.8,+26.3,+0.148,-0.077,+0.986,29.0
2025-06-01T15:00:01.466,1.467,88,WE,R_Wrist,0x03,2,88,1.221,-0.114,+0.625,-0.616,-78.5,-60.6,+32.2,+0.165,-0.100,+0.981,29.0
2025-06-01T15:00:01.483,1.483,89,WE,R_Wrist,0x03,2,89,1.221,-0.089,+0.648,-0.591,-87.8,-57.1,+28.7,+0.181,-0.125,+0.975,29.0
2025-06-01T15:00:01.500,1.500,90,WE,R_Wrist,0x03,2,90,1.216,-0.080,+0.670,-0.567,-71.2,-39.8,+19.3,+0.195,-0.153,+0.969,29.0
2025-06-01T15:00:01.516,1.517,91,WE,R_Wrist,0x03,2,91,1.216,-0.083,+0.682,-0.556,-77.4,-34.5,+17.2,+0.202,-0.168,+0.965,29.0
2025-06-01T15:00:01.533,1.533,92,WE,R_Wrist,0x03,2,92,1.216,-0.103,+0.708,-0.533,-106.1,-38.9,+19.8,+0.213,-0.198,+0.957,29.0
2025-06-01T15:00:01.550,1.550,93,WE,R_Wrist,0x03,2,93,1.210,-0.139,+0.738,-0.509,-80.0,-23.3,+12.6,+0.221,-0.229,+0.948,29.0
2025-06-01T15:00:01.566,1.567,94,WE,R_Wrist,0x03,2,94,1.210,-0.162,+0.755,-0.496,-75.6,-15.1,+10.0,+0.224,-0.244,+0.943,29.0
2025-06-01T15:00:01.583,1.583,95,WE,R_Wrist,0x03,2,95,1.210,-0.215,+0.789,-0.472,-91.2,-11.8,+10.2,+0.228,-0.272,+0.935,29.0
2025-06-01T15:00:01.600,1.600,96,WE,R_Wrist,0x03,2,96,1.200,-0.274,+0.824,-0.450,-73.6,-1.4,+6.3,+0.229,-0.295,+0.928,29.0
2025-06-01T15:00:01.616,1.617,97,WE,R_Wrist,0x03,2,97,1.200,-0.336,+0.853,-0.433,-43.1,+4.2,+2.6,+0.228,-0.313,+0.922,29.0
2025-06-01T15:00:01.633,1.633,98,WE,R_Wrist,0x03,2,98,1.200,-0.366,+0.865,-0.426,-24.9,+10.1,+0.3,+0.226,-0.319,+0.920,29.0
2025-06-01T15:00:01.650,1.650,99,WE,R_Wrist,0x03,2,99,1.195,-0.416,+0.883,-0.419,-14.0,+18.4,-1.2,+0.222,-0.326,+0.919,29.0
2025-06-01T15:00:01.666,1.667,100,WE,R_Wrist,0x03,2,100,1.195,-0.441,+0.895,-0.420,+11.9,+23.5,-2.7,+0.217,-0.326,+0.920,29.0
2025-06-01T15:00:01.683,1.683,101,WE,R_Wrist,0x03,2,101,1.195,-0.433,+0.900,-0.430,+23.2,+19.6,-2.9,+0.210,-0.319,+0.924,29.0
2025-06-01T15:00:01.700,1.700,102,WE,R_Wrist,0x03,2,102,1.191,-0.418,+0.900,-0.440,+40.1,+21.2,-4.3,+0.207,-0.313,+0.927,29.0
2025-06-01T15:00:01.716,1.717,103,WE,R_Wrist,0x03,2,103,1.191,-0.375,+0.891,-0.468,+66.0,+29.6,-8.0,+0.200,-0.297,+0.934,29.0
2025-06-01T15:00:01.733,1.733,104,WE,R_Wrist,0x03,2,104,1.191,-0.328,+0.867,-0.506,+56.6,+23.5,-8.1,+0.192,-0.276,+0.942,29.0
2025-06-01T15:00:01.750,1.750,105,WE,R_Wrist,0x03,2,105,1.186,-0.306,+0.850,-0.529,+60.4,+25.9,-11.0,+0.188,-0.265,+0.946,29.0
2025-06-01T15:00:01.766,1.767,106,WE,R_Wrist,0x03,2,106,1.186,-0.269,+0.811,-0.576,+80.2,+38.3,-18.3,+0.179,-0.242,+0.954,29.0
2025-06-01T15:00:01.783,1.783,107,WE,R_Wrist,0x03,2,107,1.186,-0.241,+0.769,-0.624,+58.6,+32.1,-16.7,+0.169,-0.219,+0.961,29.0
2025-06-01T15:00:01.800,1.800,108,WE,R_Wrist,0x03,2,108,1.180,-0.230,+0.748,-0.647,+55.2,+36.9,-20.3,+0.164,-0.208,+0.964,29.0
2025-06-01T15:00:01.816,1.817,109,WE,R_Wrist,0x03,2,109,1.180,-0.212,+0.709,-0.690,+70.7,+54.4,-31.2,+0.151,-0.186,+0.971,29.0
2025-06-01T15:00:01.833,1.833,110,WE,R_Wrist,0x03,2,110,1.180,-0.199,+0.675,-0.725,+68.1,+60.7,-36.1,+0.136,-0.165,+0.977,29.0
2025-06-01T15:00:01.850,1.850,111,WE,R_Wrist,0x03,2,111,1.177,-0.188,+0.643,-0.754,+50.6,+48.6,-29.7,+0.120,-0.144,+0.982,29.0
2025-06-01T15:00:01.866,1.867,112,WE,R_Wrist,0x03,2,112,1.177,-0.183,+0.628,-0.766,+50.6,+50.9,-31.5,+0.111,-0.134,+0.985,29.0
2025-06-01T15:00:01.883,1.883,113,WE,R_Wrist,0x03,2,113,1.177,-0.177,+0.598,-0.787,+68.8,+69.4,-43.3,+0.093,-0.113,+0.989,29.0
2025-06-01T15:00:01.900,1.900,114,WE,R_Wrist,0x03,2,114,1.175,-0.174,+0.567,-0.805,+52.9,+52.6,-32.9,+0.074,-0.092,+0.993,29.0
2025-06-01T15:00:01.916,1.917,115,WE,R_Wrist,0x03,2,115,1.175,-0.173,+0.551,-0.813,+54.8,+51.8,-31.2,+0.065,-0.081,+0.995,29.0
2025-06-01T15:00:01.933,1.933,116,WE,R_Wrist,0x03,2,116,1.175,-0.170,+0.521,-0.827,+76.6,+67.8,-39.8,+0.045,-0.059,+0.997,29.0
2025-06-01T15:00:01.950,1.950,117,WE,R_Wrist,0x03,2,117,1.173,-0.165,+0.492,-0.841,+60.4,+49.5,-28.3,+0.027,-0.036,+0.999,29.0
2025-06-01T15:00:01.966,1.967,118,WE,R_Wrist,0x03,2,118,1.173,-0.162,+0.476,-0.848,+64.3,+46.5,-25.1,+0.017,-0.023,+1.000,29.0
2025-06-01T15:00:01.983,1.983,119,WE,R_Wrist,0x03,2,119,1.173,-0.154,+0.444,-0.863,+89.6,+59.1,-31.1,-0.000,+0.002,+1.000,29.0
2025-06-01T15:00:02.000,2.000,120,WE,R_Wrist,0x03,2,120,1.172,-0.145,+0.406,-0.879,+93.4,+54.7,-27.4,-0.017,+0.029,+0.999,29.0
2025-06-01T15:00:02.016,2.017,121,WE,R_Wrist,0x03,2,121,1.172,-0.136,+0.366,-0.895,+71.5,+38.6,-18.8,-0.033,+0.056,+0.998,29.0
2025-06-01T15:00:02.033,2.033,122,WE,R_Wrist,0x03,2,122,1.172,-0.132,+0.346,-0.902,+72.1,+34.8,-15.6,-0.040,+0.070,+0.997,29.0
2025-06-01T15:00:02.050,2.050,123,WE,R_Wrist,0x03,2,123,1.172,-0.122,+0.306,-0.917,+95.9,+42.9,-18.6,-0.054,+0.097,+0.994,29.0
2025-06-01T15:00:02.066,2.067,124,WE,R_Wrist,0x03,2,124,1.172,-0.110,+0.267,-0.931,+94.2,+37.8,-15.4,-0.066,+0.125,+0.990,29.0
2025-06-01T15:00:02.083,2.083,125,WE,R_Wrist,0x03,2,125,1.172,-0.097,+0.231,-0.943,+69.1,+25.4,-10.0,-0.076,+0.151,+0.986,29.0
2025-06-01T15:00:02.100,2.100,126,WE,R_Wrist,0x03,2,126,1.172,-0.091,+0.214,-0.949,+65.9,+21.1,-7.6,-0.081,+0.164,+0.983,29.0
2025-06-01T15:00:02.116,2.117,127,WE,R_Wrist,0x03,2,127,1.172,-0.079,+0.183,-0.959,+83.7,+24.3,-8.5,-0.089,+0.188,+0.978,29.0
2025-06-01T15:00:02.133,2.133,128,WE,R_Wrist,0x03,2,128,1.172,-0.070,+0.156,-0.967,+59.3,+15.4,-5.2,-0.096,+0.211,+0.973,29.0
2025-06-01T15:00:02.150,2.150,129,WE,R_Wrist,0x03,2,129,1.173,-0.067,+0.144,-0.971,+54.0,+12.0,-3.5,-0.099,+0.222,+0.970,29.0
2025-06-01T15:00:02.166,2.167,130,WE,R_Wrist,0x03,2,130,1.173,-0.064,+0.123,-0.978,+66.7,+13.2,-3.5,-0.103,+0.241,+0.965,29.0
2025-06-01T15:00:02.183,2.183,131,WE,R_Wrist,0x03,2,131,1.173,-0.066,+0.107,-0.984,+59.9,+10.1,-2.1,-0.106,+0.259,+0.960,29.0
2025-06-01T15:00:02.200,2.200,132,WE,R_Wrist,0x03,2,132,1.174,-0.074,+0.096,-0.989,+41.3,+6.1,-1.0,-0.109,+0.275,+0.955,29.0
2025-06-01T15:00:02.216,2.217,133,WE,R_Wrist,0x03,2,133,1.174,-0.079,+0.091,-0.991,+36.9,+4.4,-0.3,-0.110,+0.282,+0.953,29.0
2025-06-01T15:00:02.233,2.233,134,WE,R_Wrist,0x03,2,134,1.174,-0.092,+0.085,-0.995,+45.2,+4.4,+0.4,-0.111,+0.295,+0.949,29.0
2025-06-01T15:00:02.250,2.250,135,WE,R_Wrist,0x03,2,135,1.176,-0.105,+0.081,-0.996,+40.4,+2.1,+1.6,-0.112,+0.307,+0.945,29.0
2025-06-01T15:00:02.266,2.267,136,WE,R_Wrist,0x03,2,136,1.176,-0.119,+0.081,-0.996,+28.0,+0.2,+2.0,-0.112,+0.317,+0.942,29.0
2025-06-01T15:00:02.283,2.283,137,WE,R_Wrist,0x03,2,137,1.176,-0.128,+0.082,-0.995,+25.7,-1.7,+3.6,-0.112,+0.322,+0.940,29.0
2025-06-01T15:00:02.300,2.300,138,WE,R_Wrist,0x03,2,138,1.182,-0.148,+0.086,-0.991,+33.0,-4.3,+7.1,-0.111,+0.332,+0.937,29.0
2025-06-01T15:00:02.316,2.317,139,WE,R_Wrist,0x03,2,139,1.182,-0.168,+0.091,-0.985,+24.2,-4.7,+7.4,-0.108,+0.341,+0.934,29.0
2025-06-01T15:00:02.333,2.333,140,WE,R_Wrist,0x03,2,140,1.182,-0.177,+0.095,-0.980,+25.1,-6.8,+11.2,-0.107,+0.345,+0.932,29.0
2025-06-01T15:00:02.350,2.350,141,WE,R_Wrist,0x03,2,141,1.185,-0.185,+0.105,-0.967,+36.7,-11.6,+20.0,-0.102,+0.355,+0.929,29.0
2025-06-01T15:00:02.366,2.367,142,WE,R_Wrist,0x03,2,142,1.185,-0.179,+0.120,-0.949,+44.3,-15.7,+27.4,-0.096,+0.366,+0.925,29.0
2025-06-01T15:00:02.383,2.383,143,WE,R_Wrist,0x03,2,143,1.185,-0.154,+0.137,-0.925,+39.4,-14.6,+25.0,-0.088,+0.381,+0.921,29.0
2025-06-01T15:00:02.400,2.400,144,WE,R_Wrist,0x03,2,144,1.189,-0.136,+0.146,-0.912,+49.7,-18.4,+30.2,-0.083,+0.389,+0.918,29.0
2025-06-01T15:00:02.416,2.417,145,WE,R_Wrist,0x03,2,145,1.189,-0.093,+0.158,-0.884,+76.8,-28.7,+44.2,-0.071,+0.408,+0.910,29.0
2025-06-01T15:00:02.433,2.433,146,WE,R_Wrist,0x03,2,146,1.189,-0.050,+0.160,-0.857,+64.9,-24.4,+35.3,-0.057,+0.431,+0.900,29.0
2025-06-01T15:00:02.450,2.450,147,WE,R_Wrist,0x03,2,147,1.194,-0.032,+0.156,-0.845,+71.5,-25.8,+35.4,-0.050,+0.444,+0.895,29.0
2025-06-01T15:00:02.466,2.467,148,WE,R_Wrist,0x03,2,148,1.194,-0.006,+0.136,-0.823,+99.1,-34.2,+45.5,-0.034,+0.469,+0.882,29.0
2025-06-01T15:00:02.483,2.483,149,WE,R_Wrist,0x03,2,149,1.194,+0.004,+0.104,-0.806,+75.8,-24.3,+32.0,-0.020,+0.495,+0.868,29.0
2025-06-01T15:00:02.500,2.500,150,WE,R_Wrist,0x03,2,150,1.204,+0.005,+0.084,-0.799,+74.9,-19.2,+26.5,-0.013,+0.508,+0.861,29.0
2025-06-01T15:00:02.516,2.517,151,WE,R_Wrist,0x03,2,151,1.204,-0.000,+0.039,-0.789,+97.1,-19.1,+28.4,-0.002,+0.533,+0.846,29.0
2025-06-01T15:00:02.533,2.533,152,WE,R_Wrist,0x03,2,152,1.204,-0.016,-0.010,-0.784,+91.4,-7.8,+17.1,+0.005,+0.556,+0.831,29.0
2025-06-01T15:00:02.550,2.550,153,WE,R_Wrist,0x03,2,153,1.209,-0.043,-0.062,-0.782,+64.4,+1.6,+5.5,+0.007,+0.577,+0.817,29.0
2025-06-01T15:00:02.566,2.567,154,WE,R_Wrist,0x03,2,154,1.209,-0.061,-0.088,-0.783,+57.6,+13.3,-4.4,+0.006,+0.587,+0.810,29.0
2025-06-01T15:00:02.583,2.583,155,WE,R_Wrist,0x03,2,155,1.209,-0.103,-0.139,-0.787,+69.8,+30.5,-15.3,-0.001,+0.604,+0.797,29.0
2025-06-01T15:00:02.600,2.600,156,WE,R_Wrist,0x03,2,156,1.214,-0.141,-0.181,-0.792,+62.0,+47.3,-26.0,-0.014,+0.619,+0.785,29.0
2025-06-01T15:00:02.616,2.617,157,WE,R_Wrist,0x03,2,157,1.214,-0.165,-0.212,-0.797,+44.0,+44.4,-24.5,-0.032,+0.632,+0.774,29.0
2025-06-01T15:00:02.633,2.633,158,WE,R_Wrist,0x03,2,158,1.214,-0.168,-0.222,-0.798,+45.0,+53.6,-28.1,-0.042,+0.639,+0.768,29.0
2025-06-01T15:00:02.650,2.650,159,WE,R_Wrist,0x03,2,159,1.224,-0.154,-0.231,-0.797,+66.6,+78.0,-39.9,-0.066,+0.652,+0.756,29.0
2025-06-01T15:00:02.666,2.667,160,WE,R_Wrist,0x03,2,160,1.224,-0.117,-0.233,-0.790,+56.9,+62.0,-31.5,-0.092,+0.666,+0.740,29.0
2025-06-01T15:00:02.683,2.683,161,WE,R_Wrist,0x03,2,161,1.224,-0.092,-0.235,-0.785,+68.0,+63.1,-31.5,-0.105,+0.675,+0.731,29.0
2025-06-01T15:00:02.700,2.700,162,WE,R_Wrist,0x03,2,162,1.226,-0.036,-0.245,-0.772,+102.8,+83.6,-43.1,-0.131,+0.693,+0.709,29.0
2025-06-01T15:00:02.716,2.717,163,WE,R_Wrist,0x03,2,163,1.226,+0.019,-0.270,-0.758,+116.9,+81.4,-43.5,-0.157,+0.714,+0.683,29.0
2025-06-01T15:00:02.733,2.733,164,WE,R_Wrist,0x03,2,164,1.226,+0.070,-0.313,-0.746,+94.5,+59.8,-33.3,-0.182,+0.735,+0.653,29.0
2025-06-01T15:00:02.750,2.750,165,WE,R_Wrist,0x03,2,165,1.236,+0.094,-0.340,-0.741,+100.2,+56.8,-32.1,-0.194,+0.747,+0.637,29.0
2025-06-01T15:00:02.766,2.767,166,WE,R_Wrist,0x03,2,166,1.236,+0.142,-0.403,-0.732,+136.9,+73.7,-43.3,-0.217,+0.768,+0.602,29.0
2025-06-01T15:00:02.783,2.783,167,WE,R_Wrist,0x03,2,167,1.236,+0.190,-0.472,-0.724,+137.8,+70.6,-43.4,-0.239,+0.789,+0.566,29.0
2025-06-01T15:00:02.800,2.800,168,WE,R_Wrist,0x03,2,168,1.240,+0.237,-0.542,-0.717,+102.4,+51.7,-33.2,-0.260,+0.808,+0.529,29.0
2025-06-01T15:00:02.816,2.817,169,WE,R_Wrist,0x03,2,169,1.240,+0.258,-0.575,-0.714,+98.0,+49.3,-32.7,-0.270,+0.816,+0.511,29.0
2025-06-01T15:00:02.833,2.833,170,WE,R_Wrist,0x03,2,170,1.240,+0.295,-0.639,-0.707,+124.9,+65.2,-44.8,-0.290,+0.831,+0.474,29.0
2025-06-01T15:00:02.850,2.850,171,WE,R_Wrist,0x03,2,171,1.248,+0.322,-0.694,-0.699,+88.9,+48.6,-34.3,-0.310,+0.843,+0.439,29.0
2025-06-01T15:00:02.866,2.867,172,WE,R_Wrist,0x03,2,172,1.248,+0.334,-0.718,-0.696,+81.7,+47.7,-33.3,-0.320,+0.848,+0.422,29.0
2025-06-01T15:00:02.883,2.883,173,WE,R_Wrist,0x03,2,173,1.248,+0.354,-0.760,-0.688,+102.9,+63.3,-44.2,-0.338,+0.857,+0.390,29.0
2025-06-01T15:00:02.900,2.900,174,WE,R_Wrist,0x03,2,174,1.249,+0.374,-0.792,-0.678,+96.0,+61.8,-42.7,-0.356,+0.863,+0.359,29.0
2025-06-01T15:00:02.916,2.917,175,WE,R_Wrist,0x03,2,175,1.249,+0.396,-0.816,-0.665,+69.1,+45.2,-31.2,-0.373,+0.868,+0.329,29.0
2025-06-01T15:00:02.933,2.933,176,WE,R_Wrist,0x03,2,176,1.249,+0.406,-0.826,-0.658,+65.8,+42.1,-29.1,-0.380,+0.870,+0.314,29.0
2025-06-01T15:00:02.950,2.950,177,WE,R_Wrist,0x03,2,177,1.251,+0.427,-0.844,-0.641,+85.2,+53.1,-37.8,-0.395,+0.873,+0.286,29.0
2025-06-01T15:00:02.966,2.967,178,WE,R_Wrist,0x03,2,178,1.251,+0.445,-0.863,-0.624,+61.7,+37.3,-27.6,-0.408,+0.875,+0.259,29.0
2025-06-01T15:00:02.983,2.983,179,WE,R_Wrist,0x03,2,179,1.251,+0.453,-0.874,-0.616,+57.3,+33.2,-26.2,-0.415,+0.876,+0.246,29.0
2025-06-01T15:00:03.000,3.000,180,WE,R_Wrist,0x03,2,180,1.254,+0.465,-0.898,-0.603,+70.5,+41.0,-34.5,-0.426,+0.877,+0.221,29.0
2025-06-01T15:00:03.016,3.017,181,WE,R_Wrist,0x03,2,181,1.254,+0.475,-0.926,-0.594,+60.3,+36.9,-33.7,-0.438,+0.877,+0.200,29.0
2025-06-01T15:00:03.033,3.033,182,WE,R_Wrist,0x03,2,182,1.254,+0.483,-0.952,-0.590,+38.6,+25.8,-25.0,-0.448,+0.875,+0.181,29.0
2025-06-01T15:00:03.050,3.050,183,WE,R_Wrist,0x03,2,183,1.256,+0.487,-0.965,-0.590,+28.5,+23.9,-24.7,-0.453,+0.874,+0.173,29.0
2025-06-01T15:00:03.066,3.067,184,WE,R_Wrist,0x03,2,184,1.256,+0.496,-0.985,-0.592,+28.3,+31.1,-32.9,-0.463,+0.872,+0.160,29.0
2025-06-01T15:00:03.083,3.083,185,WE,R_Wrist,0x03,2,185,1.256,+0.504,-0.999,-0.598,+14.3,+23.1,-24.7,-0.473,+0.868,+0.151,29.0
2025-06-01T15:00:03.100,3.100,186,WE,R_Wrist,0x03,2,186,1.258,+0.508,-1.003,-0.601,+6.4,+23.5,-24.6,-0.477,+0.866,+0.147,29.0
2025-06-01T15:00:03.116,3.117,187,WE,R_Wrist,0x03,2,187,1.258,+0.515,-1.006,-0.608,+3.1,+32.4,-32.6,-0.487,+0.862,+0.141,29.0
2025-06-01T15:00:03.133,3.133,188,WE,R_Wrist,0x03,2,188,1.258,+0.520,-1.004,-0.617,-0.8,+25.1,-24.2,-0.496,+0.857,+0.136,29.0
2025-06-01T15:00:03.150,3.150,189,WE,R_Wrist,0x03,2,189,1.258,+0.522,-1.002,-0.621,-3.2,+26.0,-23.6,-0.501,+0.855,+0.134,29.0
2025-06-01T15:00:03.166,3.167,190,WE,R_Wrist,0x03,2,190,1.258,+0.522,-0.996,-0.630,-5.0,+35.1,-30.2,-0.510,+0.850,+0.130,29.0
2025-06-01T15:00:03.183,3.183,191,WE,R_Wrist,0x03,2,191,1.258,+0.520,-0.989,-0.637,-5.1,+34.7,-27.9,-0.519,+0.846,+0.126,29.0
2025-06-01T15:00:03.200,3.200,192,WE,R_Wrist,0x03,2,192,1.256,+0.514,-0.980,-0.643,-3.3,+25.0,-19.3,-0.526,+0.841,+0.122,29.0
2025-06-01T15:00:03.216,3.217,193,WE,R_Wrist,0x03,2,193,1.256,+0.509,-0.975,-0.646,-2.8,+21.8,-16.9,-0.530,+0.839,+0.120,29.0
2025-06-01T15:00:03.233,3.233,194,WE,R_Wrist,0x03,2,194,1.256,+0.495,-0.964,-0.652,-4.0,+24.2,-20.0,-0.536,+0.836,+0.117,29.0
2025-06-01T15:00:03.250,3.250,195,WE,R_Wrist,0x03,2,195,1.253,+0.474,-0.955,-0.658,-3.8,+13.7,-12.8,-0.541,+0.833,+0.115,29.0
2025-06-01T15:00:03.266,3.267,196,WE,R_Wrist,0x03,2,196,1.253,+0.464,-0.950,-0.660,-6.4,+6.3,-8.8,-0.543,+0.832,+0.114,29.0
2025-06-01T15:00:03.283,3.283,197,WE,R_Wrist,0x03,2,197,1.253,+0.453,-0.942,-0.662,-12.3,-1.0,-6.0,-0.546,+0.830,+0.116,29.0
2025-06-01T15:00:03.300,3.300,198,WE,R_Wrist,0x03,2,198,1.251,+0.460,-0.931,-0.663,-18.7,-15.8,+3.0,-0.546,+0.829,+0.121,29.0
2025-06-01T15:00:03.316,3.317,199,WE,R_Wrist,0x03,2,199,1.251,+0.490,-0.915,-0.665,-18.6,-21.5,+7.9,-0.543,+0.829,+0.130,29.0
2025-06-01T15:00:03.333,3.333,200,WE,R_Wrist,0x03,2,200,1.251,+0.510,-0.907,-0.667,-27.5,-35.7,+16.5,-0.541,+0.830,+0.136,29.0
2025-06-01T15:00:03.350,3.350,201,WE,R_Wrist,0x03,2,201,1.250,+0.552,-0.888,-0.675,-48.8,-61.7,+31.8,-0.533,+0.832,+0.154,29.0
2025-06-01T15:00:03.366,3.367,202,WE,R_Wrist,0x03,2,202,1.250,+0.585,-0.863,-0.688,-67.2,-79.4,+46.1,-0.520,+0.835,+0.179,29.0
2025-06-01T15:00:03.383,3.383,203,WE,R_Wrist,0x03,2,203,1.250,+0.600,-0.826,-0.708,-60.8,-68.1,+42.5,-0.502,+0.839,+0.211,29.0
2025-06-01T15:00:03.400,3.400,204,WE,R_Wrist,0x03,2,204,1.244,+0.598,-0.800,-0.720,-73.7,-78.6,+54.3,-0.491,+0.841,+0.229,29.0
2025-06-01T15:00:03.416,3.417,205,WE,R_Wrist,0x03,2,205,1.244,+0.576,-0.734,-0.746,-105.4,-111.8,+81.0,-0.465,+0.844,+0.269,29.0
2025-06-01T15:00:03.433,3.433,206,WE,R_Wrist,0x03,2,206,1.244,+0.529,-0.653,-0.768,-81.5,-87.8,+66.0,-0.433,+0.846,+0.311,29.0
2025-06-01T15:00:03.450,3.450,207,WE,R_Wrist,0x03,2,207,1.236,+0.496,-0.608,-0.776,-80.0,-92.0,+73.0,-0.416,+0.847,+0.332,29.0
2025-06-01T15:00:03.466,3.467,208,WE,R_Wrist,0x03,2,208,1.236,+0.415,-0.516,-0.786,-96.1,-122.0,+98.5,-0.380,+0.847,+0.371,29.0
2025-06-01T15:00:03.483,3.483,209,WE,R_Wrist,0x03,2,209,1.236,+0.318,-0.429,-0.785,-77.1,-118.7,+97.6,-0.341,+0.848,+0.406,29.0
2025-06-01T15:00:03.500,3.500,210,WE,R_Wrist,0x03,2,210,1.232,+0.214,-0.357,-0.776,-44.1,-85.0,+70.3,-0.303,+0.849,+0.433,29.0
2025-06-01T15:00:03.516,3.517,211,WE,R_Wrist,0x03,2,211,1.232,+0.163,-0.329,-0.769,-25.0,-77.4,+64.6,-0.285,+0.850,+0.444,29.0
2025-06-01T15:00:03.533,3.533,212,WE,R_Wrist,0x03,2,212,1.232,+0.073,-0.291,-0.751,-11.9,-92.4,+77.7,-0.251,+0.853,+0.458,29.0
2025-06-01T15:00:03.550,3.550,213,WE,R_Wrist,0x03,2,213,1.228,+0.012,-0.274,-0.732,+6.6,-60.8,+51.7,-0.222,+0.858,+0.463,29.0
2025-06-01T15:00:03.566,3.567,214,WE,R_Wrist,0x03,2,214,1.228,-0.005,-0.274,-0.724,+23.6,-48.7,+41.0,-0.209,+0.861,+0.463,29.0
2025-06-01T15:00:03.583,3.583,215,WE,R_Wrist,0x03,2,215,1.228,-0.013,-0.287,-0.714,+43.2,-53.0,+43.0,-0.188,+0.869,+0.457,29.0
2025-06-01T15:00:03.600,3.600,216,WE,R_Wrist,0x03,2,216,1.227,+0.003,-0.317,-0.713,+49.7,-36.8,+26.7,-0.174,+0.878,+0.447,29.0
2025-06-01T15:00:03.616,3.617,217,WE,R_Wrist,0x03,2,217,1.227,+0.028,-0.360,-0.723,+35.8,-18.4,+11.0,-0.165,+0.885,+0.436,29.0
2025-06-01T15:00:03.633,3.633,218,WE,R_Wrist,0x03,2,218,1.227,+0.041,-0.382,-0.732,+26.7,-6.0,-0.3,-0.163,+0.888,+0.430,29.0
2025-06-01T15:00:03.650,3.650,219,WE,R_Wrist,0x03,2,219,1.223,+0.064,-0.420,-0.756,+22.9,+3.7,-10.8,-0.164,+0.891,+0.422,29.0
2025-06-01T15:00:03.666,3.667,220,WE,R_Wrist,0x03,2,220,1.223,+0.079,-0.443,-0.787,+5.5,+17.8,-23.9,-0.170,+0.892,+0.418,29.0
2025-06-01T15:00:03.683,3.683,221,WE,R_Wrist,0x03,2,221,1.223,+0.085,-0.449,-0.817,-4.6,+20.3,-24.8,-0.181,+0.890,+0.418,29.0
2025-06-01T15:00:03.700,3.700,222,WE,R_Wrist,0x03,2,222,1.219,+0.085,-0.446,-0.831,-12.3,+27.6,-33.1,-0.188,+0.889,+0.418,29.0
2025-06-01T15:00:03.716,3.717,223,WE,R_Wrist,0x03,2,223,1.219,+0.082,-0.435,-0.852,-18.8,+41.9,-50.9,-0.204,+0.884,+0.421,29.0
2025-06-01T15:00:03.733,3.733,224,WE,R_Wrist,0x03,2,224,1.219,+0.077,-0.419,-0.863,-16.9,+46.4,-58.2,-0.224,+0.878,+0.423,29.0
2025-06-01T15:00:03.750,3.750,225,WE,R_Wrist,0x03,2,225,1.215,+0.076,-0.406,-0.866,-8.8,+36.1,-46.7,-0.246,+0.872,+0.423,29.0
2025-06-01T15:00:03.766,3.767,226,WE,R_Wrist,0x03,2,226,1.215,+0.078,-0.402,-0.865,-1.2,+35.8,-48.9,-0.257,+0.869,+0.423,29.0
2025-06-01T15:00:03.783,3.783,227,WE,R_Wrist,0x03,2,227,1.215,+0.087,-0.400,-0.861,+7.8,+45.7,-65.5,-0.279,+0.864,+0.419,29.0
2025-06-01T15:00:03.800,3.800,228,WE,R_Wrist,0x03,2,228,1.211,+0.100,-0.408,-0.855,+19.5,+41.6,-64.3,-0.301,+0.860,+0.411,29.0
2025-06-01T15:00:03.816,3.817,229,WE,R_Wrist,0x03,2,229,1.211,+0.116,-0.426,-0.851,+20.6,+28.4,-46.8,-0.321,+0.858,+0.402,29.0
2025-06-01T15:00:03.833,3.833,230,WE,R_Wrist,0x03,2,230,1.211,+0.125,-0.439,-0.849,+25.5,+23.7,-43.7,-0.331,+0.857,+0.396,29.0
2025-06-01T15:00:03.850,3.850,231,WE,R_Wrist,0x03,2,231,1.203,+0.142,-0.471,-0.847,+36.6,+27.1,-54.7,-0.348,+0.855,+0.384,29.0
2025-06-01T15:00:03.866,3.867,232,WE,R_Wrist,0x03,2,232,1.203,+0.158,-0.506,-0.844,+28.3,+17.1,-38.1,-0.364,+0.854,+0.372,29.0
2025-06-01T15:00:03.883,3.883,233,WE,R_Wrist,0x03,2,233,1.203,+0.164,-0.524,-0.843,+27.8,+13.1,-33.8,-0.371,+0.853,+0.367,29.0
2025-06-01T15:00:03.900,3.900,234,WE,R_Wrist,0x03,2,234,1.200,+0.174,-0.558,-0.838,+36.2,+14.6,-41.0,-0.384,+0.852,+0.356,29.0
2025-06-01T15:00:03.916,3.917,235,WE,R_Wrist,0x03,2,235,1.200,+0.180,-0.588,-0.831,+26.3,+9.1,-27.8,-0.394,+0.852,+0.345,29.0
2025-06-01T15:00:03.933,3.933,236,WE,R_Wrist,0x03,2,236,1.200,+0.181,-0.602,-0.827,+25.3,+7.5,-24.4,-0.399,+0.851,+0.340,29.0
2025-06-01T15:00:03.950,3.950,237,WE,R_Wrist,0x03,2,237,1.197,+0.180,-0.629,-0.817,+32.8,+9.5,-29.6,-0.408,+0.851,+0.331,29.0
2025-06-01T15:00:03.966,3.967,238,WE,R_Wrist,0x03,2,238,1.197,+0.178,-0.655,-0.806,+31.6,+9.6,-26.1,-0.416,+0.851,+0.322,29.0
2025-06-01T15:00:03.983,3.983,239,WE,R_Wrist,0x03,2,239,1.197,+0.177,-0.679,-0.794,+23.0,+7.7,-17.8,-0.423,+0.850,+0.313,29.0
2025-06-01T15:00:04.000,4.000,240,WE,R_Wrist,0x03,2,240,1.194,+0.178,-0.690,-0.788,+21.7,+8.4,-15.6,-0.426,+0.850,+0.309,29.0
2025-06-01T15:00:04.016,4.017,241,WE,R_Wrist,0x03,2,241,1.194,+0.183,-0.710,-0.775,+27.2,+12.0,-18.5,-0.432,+0.850,+0.300,29.0
2025-06-01T15:00:04.033,4.033,242,WE,R_Wrist,0x03,2,242,1.194,+0.191,-0.727,-0.763,+18.8,+9.6,-12.1,-0.437,+0.851,+0.292,29.0
2025-06-01T15:00:04.050,4.050,243,WE,R_Wrist,0x03,2,243,1.192,+0.195,-0.734,-0.758,+16.0,+10.0,-9.4,-0.439,+0.851,+0.289,29.0
2025-06-01T15:00:04.066,4.067,244,WE,R_Wrist,0x03,2,244,1.192,+0.201,-0.745,-0.748,+17.8,+13.5,-9.4,-0.443,+0.851,+0.282,29.0
2025-06-01T15:00:04.083,4.083,245,WE,R_Wrist,0x03,2,245,1.192,+0.202,-0.751,-0.739,+12.6,+13.4,-4.6,-0.446,+0.851,+0.276,29.0
2025-06-01T15:00:04.100,4.100,246,WE,R_Wrist,0x03,2,246,1.188,+0.201,-0.753,-0.731,+6.6,+9.9,-0.3,-0.448,+0.852,+0.272,29.0
2025-06-01T15:00:04.116,4.117,247,WE,R_Wrist,0x03,2,247,1.188,+0.199,-0.751,-0.726,+4.1,+9.4,+4.6,-0.448,+0.852,+0.270,29.0
2025-06-01T15:00:04.133,4.133,248,WE,R_Wrist,0x03,2,248,1.188,+0.196,-0.742,-0.716,+5.2,+11.8,+11.6,-0.447,+0.854,+0.268,29.0
2025-06-01T15:00:04.150,4.150,249,WE,R_Wrist,0x03,2,249,1.186,+0.193,-0.725,-0.706,+4.8,+8.1,+12.8,-0.444,+0.856,+0.265,29.0
2025-06-01T15:00:04.166,4.167,250,WE,R_Wrist,0x03,2,250,1.186,+0.193,-0.714,-0.701,+8.7,+7.0,+18.2,-0.442,+0.858,+0.263,29.0
2025-06-01T15:00:04.183,4.183,251,WE,R_Wrist,0x03,2,251,1.186,+0.196,-0.688,-0.691,+17.0,+8.1,+28.7,-0.436,+0.862,+0.259,29.0
2025-06-01T15:00:04.200,4.200,252,WE,R_Wrist,0x03,2,252,1.185,+0.207,-0.663,-0.683,+24.9,+6.6,+33.2,-0.429,+0.867,+0.252,29.0
2025-06-01T15:00:04.216,4.217,253,WE,R_Wrist,0x03,2,253,1.185,+0.226,-0.643,-0.678,+22.7,+4.1,+26.4,-0.420,+0.874,+0.244,29.0
2025-06-01T15:00:04.233,4.233,254,WE,R_Wrist,0x03,2,254,1.185,+0.238,-0.636,-0.678,+26.3,+3.3,+26.2,-0.416,+0.877,+0.240,29.0
2025-06-01T15:00:04.250,4.250,255,WE,R_Wrist,0x03,2,255,1.185,+0.262,-0.629,-0.681,+35.4,+4.0,+32.6,-0.407,+0.884,+0.230,29.0
2025-06-01T15:00:04.266,4.267,256,WE,R_Wrist,0x03,2,256,1.185,+0.284,-0.633,-0.690,+25.4,+3.0,+21.8,-0.400,+0.890,+0.221,29.0
2025-06-01T15:00:04.283,4.283,257,WE,R_Wrist,0x03,2,257,1.185,+0.292,-0.638,-0.696,+20.6,+4.0,+16.7,-0.396,+0.892,+0.216,29.0
2025-06-01T15:00:04.300,4.300,258,WE,R_Wrist,0x03,2,258,1.184,+0.304,-0.653,-0.709,+20.1,+7.1,+16.0,-0.392,+0.896,+0.209,29.0
2025-06-01T15:00:04.316,4.317,259,WE,R_Wrist,0x03,2,259,1.184,+0.309,-0.673,-0.722,+8.9,+10.5,+7.3,-0.389,+0.898,+0.204,29.0
2025-06-01T15:00:04.333,4.333,260,WE,R_Wrist,0x03,2,260,1.184,+0.312,-0.693,-0.733,+0.1,+10.2,+0.5,-0.389,+0.899,+0.202,29.0
2025-06-01T15:00:04.350,4.350,261,WE,R_Wrist,0x03,2,261,1.184,+0.315,-0.703,-0.738,-8.3,+13.7,-5.7,-0.390,+0.898,+0.202,29.0
2025-06-01T15:00:04.366,4.367,262,WE,R_Wrist,0x03,2,262,1.184,+0.324,-0.719,-0.745,-18.0,+21.6,-13.3,-0.394,+0.897,+0.203,29.0
2025-06-01T15:00:04.383,4.383,263,WE,R_Wrist,0x03,2,263,1.184,+0.339,-0.728,-0.751,-25.9,+25.6,-20.2,-0.399,+0.893,+0.206,29.0
2025-06-01T15:00:04.400,4.400,264,WE,R_Wrist,0x03,2,264,1.185,+0.357,-0.732,-0.756,-22.9,+21.1,-18.5,-0.407,+0.889,+0.211,29.0
2025-06-01T15:00:04.416,4.417,265,WE,R_Wrist,0x03,2,265,1.185,+0.366,-0.732,-0.759,-26.2,+23.4,-21.9,-0.412,+0.886,+0.213,29.0
2025-06-01T15:00:04.433,4.433,266,WE,R_Wrist,0x03,2,266,1.185,+0.382,-0.729,-0.764,-36.5,+32.9,-31.2,-0.421,+0.880,+0.219,29.0
2025-06-01T15:00:04.450,4.450,267,WE,R_Wrist,0x03,2,267,1.186,+0.396,-0.722,-0.770,-27.9,+25.7,-24.3,-0.432,+0.874,+0.224,29.0
2025-06-01T15:00:04.466,4.467,268,WE,R_Wrist,0x03,2,268,1.186,+0.402,-0.718,-0.772,-27.2,+26.6,-24.5,-0.437,+0.870,+0.226,29.0
2025-06-01T15:00:04.483,4.483,269,WE,R_Wrist,0x03,2,269,1.186,+0.413,-0.709,-0.777,-34.0,+35.4,-31.7,-0.448,+0.864,+0.231,29.0
2025-06-01T15:00:04.500,4.500,270,WE,R_Wrist,0x03,2,270,1.187,+0.417,-0.701,-0.782,-30.0,+34.3,-29.2,-0.458,+0.858,+0.234,29.0
2025-06-01T15:00:04.516,4.517,271,WE,R_Wrist,0x03,2,271,1.187,+0.413,-0.694,-0.785,-19.8,+24.5,-19.9,-0.467,+0.852,+0.237,29.0
2025-06-01T15:00:04.533,4.533,272,WE,R_Wrist,0x03,2,272,1.187,+0.407,-0.692,-0.785,-15.6,+21.9,-16.0,-0.471,+0.850,+0.238,29.0
2025-06-01T15:00:04.550,4.550,273,WE,R_Wrist,0x03,2,273,1.188,+0.392,-0.688,-0.782,-15.5,+25.5,-16.0,-0.478,+0.846,+0.238,29.0
2025-06-01T15:00:04.566,4.567,274,WE,R_Wrist,0x03,2,274,1.188,+0.376,-0.685,-0.775,-7.6,+19.5,-7.7,-0.482,+0.843,+0.238,29.0
2025-06-01T15:00:04.583,4.583,275,WE,R_Wrist,0x03,2,275,1.188,+0.363,-0.683,-0.764,-0.8,+10.8,-0.5,-0.484,+0.842,+0.237,29.0
2025-06-01T15:00:04.600,4.600,276,WE,R_Wrist,0x03,2,276,1.189,+0.359,-0.682,-0.756,+6.1,+4.9,+6.9,-0.484,+0.843,+0.236,29.0
2025-06-01T15:00:04.616,4.617,277,WE,R_Wrist,0x03,2,277,1.189,+0.356,-0.682,-0.740,+14.7,+0.1,+16.5,-0.482,+0.845,+0.232,29.0
2025-06-01T15:00:04.633,4.633,278,WE,R_Wrist,0x03,2,278,1.189,+0.359,-0.683,-0.724,+21.9,-8.3,+25.2,-0.476,+0.849,+0.228,29.0
2025-06-01T15:00:04.650,4.650,279,WE,R_Wrist,0x03,2,279,1.193,+0.364,-0.686,-0.710,+19.5,-10.8,+23.1,-0.468,+0.855,+0.224,29.0
2025-06-01T15:00:04.666,4.667,280,WE,R_Wrist,0x03,2,280,1.193,+0.366,-0.688,-0.704,+21.4,-15.8,+27.2,-0.463,+0.858,+0.222,29.0
2025-06-01T15:00:04.683,4.683,281,WE,R_Wrist,0x03,2,281,1.193,+0.367,-0.695,-0.695,+28.7,-24.7,+38.9,-0.452,+0.865,+0.217,29.0
2025-06-01T15:00:04.700,4.700,282,WE,R_Wrist,0x03,2,282,1.195,+0.364,-0.703,-0.688,+27.3,-27.6,+40.5,-0.440,+0.872,+0.214,29.0
2025-06-01T15:00:04.716,4.717,283,WE,R_Wrist,0x03,2,283,1.195,+0.357,-0.711,-0.683,+19.1,-21.3,+30.4,-0.428,+0.879,+0.210,29.0
2025-06-01T15:00:04.733,4.733,284,WE,R_Wrist,0x03,2,284,1.195,+0.352,-0.716,-0.681,+16.2,-20.1,+28.9,-0.422,+0.882,+0.209,29.0
2025-06-01T15:00:04.750,4.750,285,WE,R_Wrist,0x03,2,285,1.197,+0.340,-0.723,-0.678,+18.3,-24.3,+36.1,-0.411,+0.888,+0.207,29.0
2025-06-01T15:00:04.766,4.767,286,WE,R_Wrist,0x03,2,286,1.197,+0.328,-0.729,-0.676,+11.1,-15.9,+24.8,-0.401,+0.893,+0.206,29.0
2025-06-01T15:00:04.783,4.783,287,WE,R_Wrist,0x03,2,287,1.197,+0.323,-0.730,-0.675,+7.5,-12.0,+21.1,-0.396,+0.895,+0.205,29.0
2025-06-01T15:00:04.800,4.800,288,WE,R_Wrist,0x03,2,288,1.201,+0.315,-0.729,-0.673,+6.9,-11.9,+24.3,-0.388,+0.899,+0.204,29.0
2025-06-01T15:00:04.816,4.817,289,WE,R_Wrist,0x03,2,289,1.201,+0.309,-0.725,-0.671,+3.0,-5.9,+15.2,-0.382,+0.901,+0.204,29.0
2025-06-01T15:00:04.833,4.833,290,WE,R_Wrist,0x03,2,290,1.201,+0.308,-0.722,-0.671,+0.6,-2.2,+11.4,-0.380,+0.902,+0.204,29.0
2025-06-01T15:00:04.850,4.850,291,WE,R_Wrist,0x03,2,291,1.203,+0.305,-0.715,-0.670,-1.6,+0.3,+11.6,-0.376,+0.904,+0.204,29.0
2025-06-01T15:00:04.866,4.867,292,WE,R_Wrist,0x03,2,292,1.203,+0.303,-0.707,-0.671,-4.7,+3.9,+7.4,-0.374,+0.905,+0.205,29.0
2025-06-01T15:00:04.883,4.883,293,WE,R_Wrist,0x03,2,293,1.203,+0.300,-0.701,-0.674,-5.3,+4.5,+3.6,-0.372,+0.905,+0.206,29.0
2025-06-01T15:00:04.900,4.900,294,WE,R_Wrist,0x03,2,294,1.206,+0.298,-0.697,-0.675,-7.6,+5.9,+1.6,-0.372,+0.905,+0.207,29.0
2025-06-01T15:00:04.916,4.917,295,WE,R_Wrist,0x03,2,295,1.206,+0.295,-0.691,-0.680,-11.8,+8.5,+0.9,-0.372,+0.904,+0.209,29.0
2025-06-01T15:00:04.933,4.933,296,WE,R_Wrist,0x03,2,296,1.206,+0.292,-0.683,-0.684,-9.7,+6.5,-0.0,-0.373,+0.904,+0.211,29.0
2025-06-01T15:00:04.950,4.950,297,WE,R_Wrist,0x03,2,297,1.208,+0.291,-0.679,-0.685,-9.8,+6.2,-0.6,-0.373,+0.903,+0.212,29.0
2025-06-01T15:00:04.966,4.967,298,WE,R_Wrist,0x03,2,298,1.208,+0.288,-0.672,-0.688,-12.3,+7.4,-1.0,-0.374,+0.902,+0.215,29.0
2025-06-01T15:00:04.983,4.983,299,WE,R_Wrist,0x03,2,299,1.208,+0.286,-0.666,-0.691,-10.9,+6.0,-1.1,-0.375,+0.901,+0.217,29.0
2025-06-01T15:00:05.000,5.000,300,WE,R_Wrist,0x03,2,300,1.210,+0.284,-0.663,-0.695,-7.4,+3.6,-0.8,-0.375,+0.901,+0.219,29.0
2025-06-01T15:00:05.016,5.017,301,WE,R_Wrist,0x03,2,301,1.210,+0.284,-0.662,-0.697,-6.8,+2.3,-0.5,-0.375,+0.900,+0.220,29.0
2025-06-01T15:00:05.033,5.033,302,WE,R_Wrist,0x03,2,302,1.210,+0.284,-0.662,-0.701,-8.9,+1.7,-0.4,-0.376,+0.900,+0.222,29.0
2025-06-01T15:00:05.050,5.050,303,WE,R_Wrist,0x03,2,303,1.210,+0.284,-0.662,-0.705,-6.7,+0.3,-0.1,-0.376,+0.899,+0.225,29.0
2025-06-01T15:00:05.066,5.067,304,WE,R_Wrist,0x03,2,304,1.210,+0.285,-0.662,-0.707,-6.7,-0.9,+0.2,-0.376,+0.899,+0.226,29.0
2025-06-01T15:00:05.083,5.083,305,WE,R_Wrist,0x03,2,305,1.210,+0.287,-0.661,-0.710,-8.7,-2.4,+0.4,-0.376,+0.898,+0.228,29.0
2025-06-01T15:00:05.100,5.100,306,WE,R_Wrist,0x03,2,306,1.214,+0.288,-0.660,-0.712,-8.2,-3.7,+0.6,-0.375,+0.898,+0.231,29.0
2025-06-01T15:00:05.116,5.117,307,WE,R_Wrist,0x03,2,307,1.214,+0.289,-0.659,-0.714,-5.8,-3.5,+0.5,-0.375,+0.897,+0.233,29.0
2025-06-01T15:00:05.133,5.133,308,WE,R_Wrist,0x03,2,308,1.214,+0.289,-0.659,-0.715,-5.4,-4.2,+0.6,-0.375,+0.897,+0.235,29.0
2025-06-01T15:00:05.150,5.150,309,WE,R_Wrist,0x03,2,309,1.216,+0.287,-0.659,-0.716,-6.7,-6.3,+0.8,-0.374,+0.897,+0.237,29.0
2025-06-01T15:00:05.166,5.167,310,WE,R_Wrist,0x03,2,310,1.216,+0.285,-0.658,-0.716,-6.0,-7.2,+1.0,-0.373,+0.896,+0.240,29.0
2025-06-01T15:00:05.183,5.183,311,WE,R_Wrist,0x03,2,311,1.216,+0.282,-0.658,-0.715,-4.1,-5.9,+0.9,-0.372,+0.896,+0.242,29.0
2025-06-01T15:00:05.200,5.200,312,WE,R_Wrist,0x03,2,312,1.219,+0.280,-0.658,-0.715,-3.5,-6.4,+1.1,-0.372,+0.896,+0.243,29.0
2025-06-01T15:00:05.216,5.217,313,WE,R_Wrist,0x03,2,313,1.219,+0.275,-0.658,-0.712,-4.0,-9.2,+1.8,-0.371,+0.896,+0.245,29.0
2025-06-01T15:00:05.233,5.233,314,WE,R_Wrist,0x03,2,314,1.219,+0.270,-0.658,-0.709,-3.2,-9.8,+2.3,-0.370,+0.896,+0.247,29.0
2025-06-01T15:00:05.250,5.250,315,WE,R_Wrist,0x03,2,315,1.220,+0.265,-0.659,-0.706,-2.0,-7.8,+2.1,-0.368,+0.896,+0.249,29.0
2025-06-01T15:00:05.266,5.267,316,WE,R_Wrist,0x03,2,316,1.220,+0.263,-0.659,-0.703,-1.5,-8.2,+2.6,-0.368,+0.896,+0.250,29.0
2025-06-01T15:00:05.283,5.283,317,WE,R_Wrist,0x03,2,317,1.220,+0.258,-0.659,-0.699,-1.4,-11.3,+3.9,-0.366,+0.896,+0.251,29.0
2025-06-01T15:00:05.300,5.300,318,WE,R_Wrist,0x03,2,318,1.221,+0.254,-0.659,-0.694,-0.6,-11.7,+4.7,-0.364,+0.896,+0.253,29.0
2025-06-01T15:00:05.316,5.317,319,WE,R_Wrist,0x03,2,319,1.221,+0.251,-0.658,-0.688,+0.1,-8.9,+3.9,-0.362,+0.897,+0.254,29.0
2025-06-01T15:00:05.333,5.333,320,WE,R_Wrist,0x03,2,320,1.221,+0.249,-0.657,-0.685,+1.1,-8.8,+4.3,-0.361,+0.897,+0.255,29.0
2025-06-01T15:00:05.350,5.350,321,WE,R_Wrist,0x03,2,321,1.222,+0.245,-0.657,-0.680,+2.6,-11.5,+6.1,-0.358,+0.898,+0.255,29.0
2025-06-01T15:00:05.366,5.367,322,WE,R_Wrist,0x03,2,322,1.222,+0.240,-0.656,-0.674,+2.8,-8.2,+4.8,-0.356,+0.899,+0.256,29.0
2025-06-01T15:00:05.383,5.383,323,WE,R_Wrist,0x03,2,323,1.222,+0.238,-0.655,-0.671,+4.1,-7.5,+4.9,-0.354,+0.899,+0.256,29.0
2025-06-01T15:00:05.400,5.400,324,WE,R_Wrist,0x03,2,324,1.222,+0.234,-0.655,-0.666,+6.8,-9.0,+6.4,-0.352,+0.901,+0.255,29.0
2025-06-01T15:00:05.416,5.417,325,WE,R_Wrist,0x03,2,325,1.222,+0.230,-0.655,-0.661,+8.3,-7.6,+6.2,-0.350,+0.902,+0.254,29.0
2025-06-01T15:00:05.433,5.433,326,WE,R_Wrist,0x03,2,326,1.222,+0.226,-0.656,-0.657,+6.9,-4.8,+4.4,-0.348,+0.903,+0.252,29.0
2025-06-01T15:00:05.450,5.450,327,WE,R_Wrist,0x03,2,327,1.222,+0.224,-0.657,-0.655,+7.4,-3.4,+3.8,-0.347,+0.904,+0.251,29.0
2025-06-01T15:00:05.466,5.467,328,WE,R_Wrist,0x03,2,328,1.222,+0.222,-0.659,-0.653,+10.0,-3.1,+4.5,-0.345,+0.905,+0.249,29.0
2025-06-01T15:00:05.483,5.483,329,WE,R_Wrist,0x03,2,329,1.222,+0.220,-0.661,-0.651,+7.5,-1.2,+2.8,-0.344,+0.906,+0.247,29.0
2025-06-01T15:00:05.500,5.500,330,WE,R_Wrist,0x03,2,330,1.222,+0.219,-0.661,-0.650,+7.4,+0.2,+2.0,-0.343,+0.907,+0.245,29.0
2025-06-01T15:00:05.516,5.517,331,WE,R_Wrist,0x03,2,331,1.222,+0.220,-0.662,-0.649,+9.7,+1.7,+1.9,-0.343,+0.908,+0.243,29.0
2025-06-01T15:00:05.533,5.533,332,WE,R_Wrist,0x03,2,332,1.222,+0.221,-0.663,-0.649,+9.5,+3.6,+0.7,-0.343,+0.908,+0.240,29.0
2025-06-01T15:00:05.550,5.550,333,WE,R_Wrist,0x03,2,333,1.221,+0.224,-0.664,-0.650,+7.1,+3.7,-0.1,-0.343,+0.909,+0.237,29.0
2025-06-01T15:00:05.566,5.567,334,WE,R_Wrist,0x03,2,334,1.221,+0.225,-0.664,-0.651,+6.8,+5.0,-1.0,-0.343,+0.909,+0.235,29.0
2025-06-01T15:00:05.583,5.583,335,WE,R_Wrist,0x03,2,335,1.221,+0.229,-0.665,-0.653,+8.8,+7.8,-2.2,-0.344,+0.910,+0.232,29.0
2025-06-01T15:00:05.600,5.600,336,WE,R_Wrist,0x03,2,336,1.220,+0.232,-0.667,-0.656,+6.4,+6.7,-2.3,-0.345,+0.910,+0.229,29.0
2025-06-01T15:00:05.616,5.617,337,WE,R_Wrist,0x03,2,337,1.220,+0.234,-0.668,-0.658,+6.1,+7.7,-3.1,-0.346,+0.910,+0.228,29.0
2025-06-01T15:00:05.633,5.633,338,WE,R_Wrist,0x03,2,338,1.220,+0.238,-0.670,-0.661,+7.9,+11.1,-5.0,-0.348,+0.910,+0.224,29.0
2025-06-01T15:00:05.650,5.650,339,WE,R_Wrist,0x03,2,339,1.219,+0.243,-0.672,-0.665,+7.7,+12.0,-5.9,-0.350,+0.910,+0.221,29.0
2025-06-01T15:00:05.666,5.667,340,WE,R_Wrist,0x03,2,340,1.219,+0.248,-0.674,-0.669,+5.7,+9.4,-4.9,-0.353,+0.910,+0.218,29.0
2025-06-01T15:00:05.683,5.683,341,WE,R_Wrist,0x03,2,341,1.219,+0.250,-0.676,-0.670,+5.4,+9.7,-5.5,-0.354,+0.910,+0.216,29.0
2025-06-01T15:00:05.700,5.700,342,WE,R_Wrist,0x03,2,342,1.215,+0.254,-0.679,-0.674,+6.8,+13.1,-7.8,-0.357,+0.910,+0.213,29.0
2025-06-01T15:00:05.716,5.717,343,WE,R_Wrist,0x03,2,343,1.215,+0.259,-0.682,-0.678,+6.1,+13.1,-8.3,-0.360,+0.909,+0.210,29.0
2025-06-01T15:00:05.733,5.733,344,WE,R_Wrist,0x03,2,344,1.215,+0.264,-0.686,-0.682,+4.1,+9.7,-6.4,-0.363,+0.909,+0.207,29.0
2025-06-01T15:00:05.750,5.750,345,WE,R_Wrist,0x03,2,345,1.213,+0.266,-0.688,-0.683,+3.4,+9.3,-6.6,-0.364,+0.908,+0.206,29.0
2025-06-01T15:00:05.766,5.767,346,WE,R_Wrist,0x03,2,346,1.213,+0.270,-0.691,-0.687,+4.0,+12.0,-8.9,-0.368,+0.908,+0.203,29.0
2025-06-01T15:00:05.783,5.783,347,WE,R_Wrist,0x03,2,347,1.213,+0.274,-0.695,-0.689,+2.6,+8.7,-6.8,-0.371,+0.907,+0.201,29.0
2025-06-01T15:00:05.800,5.800,348,WE,R_Wrist,0x03,2,348,1.211,+0.276,-0.696,-0.690,+2.0,+8.1,-6.8,-0.372,+0.906,+0.200,29.0
2025-06-01T15:00:05.816,5.817,349,WE,R_Wrist,0x03,2,349,1.211,+0.280,-0.699,-0.693,+2.2,+10.3,-9.0,-0.375,+0.906,+0.198,29.0
2025-06-01T15:00:05.833,5.833,350,WE,R_Wrist,0x03,2,350,1.211,+0.284,-0.703,-0.694,+1.5,+9.5,-8.9,-0.378,+0.905,+0.197,29.0
2025-06-01T15:00:05.850,5.850,351,WE,R_Wrist,0x03,2,351,1.209,+0.288,-0.707,-0.696,+0.7,+6.7,-6.5,-0.381,+0.904,+0.195,29.0
2025-06-01T15:00:05.866,5.867,352,WE,R_Wrist,0x03,2,352,1.209,+0.289,-0.709,-0.697,+0.1,+6.1,-6.3,-0.382,+0.903,+0.195,29.0
2025-06-01T15:00:05.883,5.883,353,WE,R_Wrist,0x03,2,353,1.209,+0.294,-0.712,-0.698,-0.6,+7.4,-8.1,-0.385,+0.902,+0.194,29.0
2025-06-01T15:00:05.900,5.900,354,WE,R_Wrist,0x03,2,354,1.206,+0.298,-0.716,-0.700,-1.0,+5.0,-5.8,-0.387,+0.901,+0.193,29.0
2025-06-01T15:00:05.916,5.917,355,WE,R_Wrist,0x03,2,355,1.206,+0.300,-0.717,-0.700,-1.8,+4.1,-5.3,-0.388,+0.901,+0.193,29.0
2025-06-01T15:00:05.933,5.933,356,WE,R_Wrist,0x03,2,356,1.206,+0.304,-0.719,-0.701,-3.2,+4.5,-6.4,-0.391,+0.900,+0.193,29.0
2025-06-01T15:00:05.950,5.950,357,WE,R_Wrist,0x03,2,357,1.205,+0.307,-0.721,-0.703,-4.5,+3.1,-5.3,-0.392,+0.899,+0.194,29.0
2025-06-01T15:00:05.966,5.967,358,WE,R_Wrist,0x03,2,358,1.205,+0.308,-0.721,-0.704,-4.0,+1.5,-3.3,-0.394,+0.898,+0.195,29.0
2025-06-01T15:00:05.983,5.983,359,WE,R_Wrist,0x03,2,359,1.205,+0.308,-0.721,-0.704,-4.9,+0.2,-2.3,-0.394,+0.898,+0.196,29.0
2025-06-01T15:00:06.000,6.000,360,WE,R_Wrist,0x03,2,360,1.203,+0.307,-0.720,-0.705,-7.2,-1.0,-1.9,-0.395,+0.897,+0.198,29.0
2025-06-01T15:00:06.016,6.017,361,WE,R_Wrist,0x03,2,361,1.203,+0.305,-0.717,-0.705,-5.8,-1.8,-0.6,-0.395,+0.897,+0.200,29.0
2025-06-01T15:00:06.033,6.033,362,WE,R_Wrist,0x03,2,362,1.203,+0.304,-0.715,-0.706,-6.1,-3.2,+0.7,-0.395,+0.896,+0.201,29.0
2025-06-01T15:00:06.050,6.050,363,WE,R_Wrist,0x03,2,363,1.200,+0.301,-0.712,-0.706,-8.4,-5.7,+2.1,-0.394,+0.896,+0.204,29.0
2025-06-01T15:00:06.066,6.067,364,WE,R_Wrist,0x03,2,364,1.200,+0.298,-0.707,-0.705,-8.8,-7.5,+3.7,-0.393,+0.896,+0.207,29.0
2025-06-01T15:00:06.083,6.083,365,WE,R_Wrist,0x03,2,365,1.200,+0.293,-0.703,-0.705,-9.3,-9.2,+5.1,-0.392,+0.896,+0.210,29.0
2025-06-01T15:00:06.100,6.100,366,WE,R_Wrist,0x03,2,366,1.197,+0.289,-0.698,-0.704,-7.1,-7.8,+4.6,-0.389,+0.896,+0.214,29.0
2025-06-01T15:00:06.116,6.117,367,WE,R_Wrist,0x03,2,367,1.197,+0.287,-0.696,-0.704,-7.3,-8.7,+5.5,-0.388,+0.896,+0.215,29.0
2025-06-01T15:00:06.133,6.133,368,WE,R_Wrist,0x03,2,368,1.197,+0.282,-0.690,-0.703,-9.8,-12.4,+8.0,-0.385,+0.896,+0.219,29.0
2025-06-01T15:00:06.150,6.150,369,WE,R_Wrist,0x03,2,369,1.190,+0.278,-0.685,-0.701,-7.4,-9.8,+6.5,-0.382,+0.897,+0.223,29.0
2025-06-01T15:00:06.166,6.167,370,WE,R_Wrist,0x03,2,370,1.190,+0.277,-0.682,-0.701,-7.4,-10.4,+7.0,-0.381,+0.897,+0.225,29.0
2025-06-01T15:00:06.183,6.183,371,WE,R_Wrist,0x03,2,371,1.190,+0.273,-0.677,-0.699,-10.0,-14.2,+9.7,-0.377,+0.897,+0.230,29.0
2025-06-01T15:00:06.200,6.200,372,WE,R_Wrist,0x03,2,372,1.184,+0.269,-0.672,-0.698,-10.1,-14.5,+10.0,-0.374,+0.898,+0.234,29.0
2025-06-01T15:00:06.216,6.217,373,WE,R_Wrist,0x03,2,373,1.184,+0.264,-0.666,-0.697,-7.6,-10.9,+7.7,-0.370,+0.898,+0.238,29.0
2025-06-01T15:00:06.233,6.233,374,WE,R_Wrist,0x03,2,374,1.184,+0.262,-0.663,-0.696,-7.6,-10.8,+7.8,-0.368,+0.898,+0.240,29.0
2025-06-01T15:00:06.250,6.250,375,WE,R_Wrist,0x03,2,375,1.182,+0.257,-0.657,-0.695,-9.8,-14.3,+10.4,-0.365,+0.899,+0.244,29.0
2025-06-01T15:00:06.266,6.267,376,WE,R_Wrist,0x03,2,376,1.182,+0.251,-0.649,-0.694,-9.2,-14.0,+10.4,-0.361,+0.899,+0.248,29.0
2025-06-01T15:00:06.283,6.283,377,WE,R_Wrist,0x03,2,377,1.182,+0.243,-0.641,-0.693,-6.3,-10.3,+7.8,-0.357,+0.899,+0.252,29.0
2025-06-01T15:00:06.300,6.300,378,WE,R_Wrist,0x03,2,378,1.176,+0.240,-0.636,-0.693,-5.4,-10.0,+7.7,-0.355,+0.900,+0.254,29.0
2025-06-01T15:00:06.316,6.317,379,WE,R_Wrist,0x03,2,379,1.176,+0.232,-0.627,-0.691,-6.1,-13.1,+10.2,-0.352,+0.900,+0.257,29.0
2025-06-01T15:00:06.333,6.333,380,WE,R_Wrist,0x03,2,380,1.176,+0.224,-0.618,-0.690,-3.7,-9.6,+7.5,-0.348,+0.901,+0.260,29.0
2025-06-01T15:00:06.350,6.350,381,WE,R_Wrist,0x03,2,381,1.172,+0.221,-0.614,-0.689,-2.5,-9.2,+7.2,-0.346,+0.901,+0.261,29.0
2025-06-01T15:00:06.366,6.367,382,WE,R_Wrist,0x03,2,382,1.172,+0.214,-0.607,-0.688,-2.0,-11.6,+9.2,-0.343,+0.902,+0.263,29.0
2025-06-01T15:00:06.383,6.383,383,WE,R_Wrist,0x03,2,383,1.172,+0.209,-0.601,-0.686,-0.5,-8.2,+6.6,-0.340,+0.903,+0.264,29.0
2025-06-01T15:00:06.400,6.400,384,WE,R_Wrist,0x03,2,384,1.168,+0.207,-0.598,-0.685,+1.0,-7.2,+6.0,-0.338,+0.903,+0.265,29.0
2025-06-01T15:00:06.416,6.417,385,WE,R_Wrist,0x03,2,385,1.168,+0.204,-0.593,-0.682,+3.3,-8.5,+7.3,-0.335,+0.904,+0.265,29.0
2025-06-01T15:00:06.433,6.433,386,WE,R_Wrist,0x03,2,386,1.168,+0.203,-0.590,-0.678,+6.3,-6.8,+6.5,-0.333,+0.905,+0.265,29.0
2025-06-01T15:00:06.450,6.450,387,WE,R_Wrist,0x03,2,387,1.161,+0.202,-0.587,-0.673,+6.6,-4.1,+4.4,-0.331,+0.906,+0.263,29.0
2025-06-01T15:00:06.466,6.467,388,WE,R_Wrist,0x03,2,388,1.161,+0.202,-0.586,-0.670,+9.6,-2.7,+3.8,-0.330,+0.907,+0.262,29.0
2025-06-01T15:00:06.483,6.483,389,WE,R_Wrist,0x03,2,389,1.161,+0.203,-0.585,-0.663,+16.4,-2.3,+4.6,-0.328,+0.908,+0.258,29.0
2025-06-01T15:00:06.500,6.500,390,WE,R_Wrist,0x03,2,390,1.158,+0.204,-0.586,-0.655,+15.1,-0.7,+3.1,-0.327,+0.910,+0.254,29.0
2025-06-01T15:00:06.516,6.517,391,WE,R_Wrist,0x03,2,391,1.158,+0.205,-0.586,-0.651,+19.3,+0.5,+2.8,-0.327,+0.911,+0.251,29.0
2025-06-01T15:00:06.533,6.533,392,WE,R_Wrist,0x03,2,392,1.158,+0.206,-0.588,-0.640,+30.2,+1.7,+3.4,-0.326,+0.914,+0.243,29.0
2025-06-01T15:00:06.550,6.550,393,WE,R_Wrist,0x03,2,393,1.154,+0.207,-0.591,-0.629,+36.6,+2.9,+3.2,-0.325,+0.916,+0.234,29.0
2025-06-01T15:00:06.566,6.567,394,WE,R_Wrist,0x03,2,394,1.154,+0.207,-0.595,-0.616,+31.1,+2.7,+2.2,-0.325,+0.919,+0.223,29.0
2025-06-01T15:00:06.583,6.583,395,WE,R_Wrist,0x03,2,395,1.154,+0.206,-0.598,-0.610,+35.9,+3.3,+2.0,-0.324,+0.921,+0.217,29.0
2025-06-01T15:00:06.600,6.600,396,WE,R_Wrist,0x03,2,396,1.148,+0.205,-0.605,-0.595,+52.4,+4.8,+2.3,-0.324,+0.924,+0.203,29.0
2025-06-01T15:00:06.616,6.617,397,WE,R_Wrist,0x03,2,397,1.148,+0.204,-0.615,-0.580,+58.2,+5.3,+1.7,-0.324,+0.927,+0.188,29.0
2025-06-01T15:00:06.633,6.633,398,WE,R_Wrist,0x03,2,398,1.148,+0.204,-0.626,-0.563,+46.8,+4.3,+0.7,-0.324,+0.931,+0.171,29.0
2025-06-01T15:00:06.650,6.650,399,WE,R_Wrist,0x03,2,399,1.145,+0.204,-0.632,-0.553,+50.6,+4.9,-0.1,-0.324,+0.932,+0.162,29.0
2025-06-01T15:00:06.666,6.667,400,WE,R_Wrist,0x03,2,400,1.145,+0.205,-0.646,-0.534,+70.9,+7.2,-1.2,-0.324,+0.935,+0.143,29.0
2025-06-01T15:00:06.683,6.683,401,WE,R_Wrist,0x03,2,401,1.145,+0.206,-0.662,-0.513,+74.9,+8.4,-2.8,-0.325,+0.938,+0.122,29.0
2025-06-01T15:00:06.700,6.700,402,WE,R_Wrist,0x03,2,402,1.142,+0.208,-0.679,-0.491,+58.0,+7.0,-3.1,-0.326,+0.940,+0.100,29.0
2025-06-01T15:00:06.716,6.717,403,WE,R_Wrist,0x03,2,403,1.142,+0.209,-0.688,-0.480,+59.8,+8.1,-4.6,-0.327,+0.941,+0.089,29.0
2025-06-01T15:00:06.733,6.733,404,WE,R_Wrist,0x03,2,404,1.142,+0.211,-0.708,-0.457,+80.9,+12.1,-7.9,-0.329,+0.942,+0.066,29.0
2025-06-01T15:00:06.750,6.750,405,WE,R_Wrist,0x03,2,405,1.139,+0.215,-0.729,-0.433,+81.6,+13.9,-10.3,-0.332,+0.942,+0.042,29.0
2025-06-01T15:00:06.766,6.767,406,WE,R_Wrist,0x03,2,406,1.139,+0.221,-0.750,-0.409,+61.3,+11.6,-9.3,-0.335,+0.942,+0.018,29.0
2025-06-01T15:00:06.783,6.783,407,WE,R_Wrist,0x03,2,407,1.139,+0.225,-0.761,-0.398,+60.7,+13.0,-11.3,-0.337,+0.941,+0.006,29.0
2025-06-01T15:00:06.800,6.800,408,WE,R_Wrist,0x03,2,408,1.136,+0.233,-0.783,-0.375,+79.7,+19.1,-17.4,-0.341,+0.940,-0.017,29.0
2025-06-01T15:00:06.816,6.817,409,WE,R_Wrist,0x03,2,409,1.136,+0.241,-0.805,-0.353,+58.6,+15.8,-14.9,-0.346,+0.937,-0.041,29.0
2025-06-01T15:00:06.833,6.833,410,WE,R_Wrist,0x03,2,410,1.136,+0.246,-0.817,-0.343,+56.7,+17.7,-17.0,-0.349,+0.936,-0.052,29.0
2025-06-01T15:00:06.850,6.850,411,WE,R_Wrist,0x03,2,411,1.134,+0.255,-0.839,-0.323,+73.6,+26.0,-25.1,-0.355,+0.932,-0.075,29.0
2025-06-01T15:00:06.866,6.867,412,WE,R_Wrist,0x03,2,412,1.134,+0.267,-0.860,-0.303,+53.7,+21.4,-20.6,-0.362,+0.927,-0.098,29.0
2025-06-01T15:00:06.883,6.883,413,WE,R_Wrist,0x03,2,413,1.134,+0.275,-0.870,-0.293,+51.8,+23.6,-22.6,-0.365,+0.925,-0.109,29.0
2025-06-01T15:00:06.900,6.900,414,WE,R_Wrist,0x03,2,414,1.132,+0.294,-0.890,-0.275,+67.2,+34.1,-32.4,-0.372,+0.919,-0.131,29.0
2025-06-01T15:00:06.916,6.917,415,WE,R_Wrist,0x03,2,415,1.132,+0.317,-0.909,-0.259,+48.9,+27.6,-25.9,-0.380,+0.913,-0.152,29.0
2025-06-01T15:00:06.933,6.933,416,WE,R_Wrist,0x03,2,416,1.132,+0.329,-0.920,-0.252,+46.0,+29.9,-27.5,-0.384,+0.909,-0.163,29.0
2025-06-01T15:00:06.950,6.950,417,WE,R_Wrist,0x03,2,417,1.129,+0.353,-0.941,-0.240,+57.8,+42.6,-38.5,-0.391,+0.902,-0.183,29.0
2025-06-01T15:00:06.966,6.967,418,WE,R_Wrist,0x03,2,418,1.129,+0.376,-0.962,-0.231,+52.1,+46.1,-40.3,-0.399,+0.894,-0.203,29.0
2025-06-01T15:00:06.983,6.983,419,WE,R_Wrist,0x03,2,419,1.129,+0.398,-0.981,-0.224,+35.7,+36.6,-31.3,-0.407,+0.886,-0.221,29.0
2025-06-01T15:00:07.000,7.000,420,WE,R_Wrist,0x03,2,420,1.127,+0.408,-0.990,-0.222,+30.5,+38.8,-32.0,-0.411,+0.882,-0.230,29.0
2025-06-01T15:00:07.016,7.017,421,WE,R_Wrist,0x03,2,421,1.127,+0.429,-1.005,-0.220,+35.9,+54.0,-43.5,-0.418,+0.874,-0.246,29.0
2025-06-01T15:00:07.033,7.033,422,WE,R_Wrist,0x03,2,422,1.127,+0.448,-1.017,-0.219,+23.5,+42.0,-33.1,-0.425,+0.867,-0.261,29.0
2025-06-01T15:00:07.050,7.050,423,WE,R_Wrist,0x03,2,423,1.124,+0.457,-1.022,-0.220,+18.7,+43.3,-33.1,-0.428,+0.863,-0.268,29.0
2025-06-01T15:00:07.066,7.067,424,WE,R_Wrist,0x03,2,424,1.124,+0.474,-1.031,-0.223,+21.0,+58.9,-44.0,-0.435,+0.855,-0.281,29.0
2025-06-01T15:00:07.083,7.083,425,WE,R_Wrist,0x03,2,425,1.124,+0.488,-1.037,-0.227,+16.2,+59.7,-43.0,-0.441,+0.848,-0.294,29.0
2025-06-01T15:00:07.100,7.100,426,WE,R_Wrist,0x03,2,426,1.123,+0.501,-1.040,-0.232,+10.1,+44.9,-31.3,-0.446,+0.842,-0.305,29.0
2025-06-01T15:00:07.116,7.117,427,WE,R_Wrist,0x03,2,427,1.123,+0.507,-1.040,-0.234,+8.0,+44.3,-29.3,-0.448,+0.838,-0.310,29.0
2025-06-01T15:00:07.133,7.133,428,WE,R_Wrist,0x03,2,428,1.123,+0.519,-1.039,-0.237,+9.8,+57.6,-36.6,-0.452,+0.832,-0.320,29.0
2025-06-01T15:00:07.150,7.150,429,WE,R_Wrist,0x03,2,429,1.121,+0.533,-1.036,-0.241,+7.0,+41.8,-25.3,-0.455,+0.827,-0.330,29.0
2025-06-01T15:00:07.166,7.167,430,WE,R_Wrist,0x03,2,430,1.121,+0.540,-1.034,-0.242,+6.6,+39.0,-21.8,-0.456,+0.824,-0.335,29.0
2025-06-01T15:00:07.183,7.183,431,WE,R_Wrist,0x03,2,431,1.121,+0.552,-1.030,-0.246,+8.6,+48.5,-25.2,-0.458,+0.820,-0.344,29.0
2025-06-01T15:00:07.200,7.200,432,WE,R_Wrist,0x03,2,432,1.120,+0.562,-1.028,-0.250,+7.7,+43.3,-19.6,-0.459,+0.816,-0.352,29.0
2025-06-01T15:00:07.216,7.217,433,WE,R_Wrist,0x03,2,433,1.120,+0.567,-1.026,-0.255,+5.0,+29.2,-11.4,-0.459,+0.813,-0.359,29.0
2025-06-01T15:00:07.233,7.233,434,WE,R_Wrist,0x03,2,434,1.120,+0.567,-1.024,-0.257,+3.4,+24.6,-6.6,-0.458,+0.812,-0.362,29.0
2025-06-01T15:00:07.250,7.250,435,WE,R_Wrist,0x03,2,435,1.118,+0.564,-1.020,-0.263,+3.1,+27.8,-4.0,-0.457,+0.811,-0.367,29.0
2025-06-01T15:00:07.266,7.267,436,WE,R_Wrist,0x03,2,436,1.118,+0.558,-1.013,-0.267,+1.3,+21.0,+2.4,-0.454,+0.810,-0.371,29.0
2025-06-01T15:00:07.283,7.283,437,WE,R_Wrist,0x03,2,437,1.118,+0.549,-1.003,-0.272,+0.3,+11.8,+5.4,-0.451,+0.811,-0.373,29.0
2025-06-01T15:00:07.300,7.300,438,WE,R_Wrist,0x03,2,438,1.117,+0.543,-0.997,-0.273,-0.3,+6.3,+9.9,-0.449,+0.812,-0.374,29.0
2025-06-01T15:00:07.316,7.317,439,WE,R_Wrist,0x03,2,439,1.117,+0.532,-0.985,-0.276,-0.8,+2.8,+17.5,-0.445,+0.814,-0.374,29.0
2025-06-01T15:00:07.333,7.333,440,WE,R_Wrist,0x03,2,440,1.117,+0.521,-0.973,-0.277,-1.2,-4.7,+22.9,-0.440,+0.816,-0.374,29.0
2025-06-01T15:00:07.350,7.350,441,WE,R_Wrist,0x03,2,441,1.116,+0.510,-0.961,-0.277,-1.2,-7.7,+20.1,-0.435,+0.820,-0.373,29.0
2025-06-01T15:00:07.366,7.367,442,WE,R_Wrist,0x03,2,442,1.116,+0.505,-0.955,-0.277,-1.7,-13.0,+23.6,-0.432,+0.822,-0.372,29.0
2025-06-01T15:00:07.383,7.383,443,WE,R_Wrist,0x03,2,443,1.116,+0.495,-0.944,-0.276,-2.8,-22.4,+34.5,-0.426,+0.826,-0.369,29.0
2025-06-01T15:00:07.400,7.400,444,WE,R_Wrist,0x03,2,444,1.115,+0.486,-0.932,-0.274,-2.5,-20.4,+27.9,-0.420,+0.831,-0.365,29.0
2025-06-01T15:00:07.416,7.417,445,WE,R_Wrist,0x03,2,445,1.115,+0.482,-0.927,-0.272,-3.3,-24.7,+29.9,-0.417,+0.833,-0.362,29.0
2025-06-01T15:00:07.433,7.433,446,WE,R_Wrist,0x03,2,446,1.115,+0.474,-0.917,-0.269,-5.1,-36.4,+41.2,-0.411,+0.839,-0.357,29.0
2025-06-01T15:00:07.450,7.450,447,WE,R_Wrist,0x03,2,447,1.114,+0.465,-0.909,-0.265,-6.5,-40.3,+42.1,-0.405,+0.844,-0.351,29.0
2025-06-01T15:00:07.466,7.467,448,WE,R_Wrist,0x03,2,448,1.114,+0.455,-0.902,-0.261,-5.7,-31.9,+31.6,-0.399,+0.850,-0.345,29.0
2025-06-01T15:00:07.483,7.483,449,WE,R_Wrist,0x03,2,449,1.114,+0.450,-0.899,-0.259,-7.7,-33.4,+31.0,-0.396,+0.853,-0.341,29.0
2025-06-01T15:00:07.500,7.500,450,WE,R_Wrist,0x03,2,450,1.113,+0.439,-0.894,-0.256,-12.0,-45.0,+40.1,-0.390,+0.859,-0.333,29.0
2025-06-01T15:00:07.516,7.517,451,WE,R_Wrist,0x03,2,451,1.113,+0.428,-0.889,-0.252,-14.7,-45.0,+37.9,-0.384,+0.864,-0.325,29.0
2025-06-01T15:00:07.533,7.533,452,WE,R_Wrist,0x03,2,452,1.113,+0.416,-0.882,-0.248,-12.4,-33.4,+26.9,-0.379,+0.870,-0.316,29.0
2025-06-01T15:00:07.550,7.550,453,WE,R_Wrist,0x03,2,453,1.112,+0.410,-0.879,-0.246,-14.5,-32.4,+24.6,-0.377,+0.873,-0.311,29.0
2025-06-01T15:00:07.566,7.567,454,WE,R_Wrist,0x03,2,454,1.112,+0.397,-0.873,-0.243,-21.1,-41.8,+30.2,-0.373,+0.878,-0.301,29.0
2025-06-01T15:00:07.583,7.583,455,WE,R_Wrist,0x03,2,455,1.112,+0.385,-0.867,-0.239,-17.1,-30.1,+20.6,-0.369,+0.883,-0.291,29.0
2025-06-01T15:00:07.600,7.600,456,WE,R_Wrist,0x03,2,456,1.112,+0.378,-0.864,-0.237,-19.0,-28.2,+18.0,-0.367,+0.885,-0.286,29.0
2025-06-01T15:00:07.616,7.617,457,WE,R_Wrist,0x03,2,457,1.112,+0.366,-0.859,-0.234,-26.8,-35.5,+21.2,-0.364,+0.890,-0.275,29.0
2025-06-01T15:00:07.633,7.633,458,WE,R_Wrist,0x03,2,458,1.112,+0.354,-0.855,-0.232,-28.6,-32.4,+17.8,-0.362,+0.894,-0.265,29.0
2025-06-01T15:00:07.650,7.650,459,WE,R_Wrist,0x03,2,459,1.111,+0.344,-0.850,-0.231,-22.3,-22.5,+11.4,-0.360,+0.898,-0.254,29.0
2025-06-01T15:00:07.666,7.667,460,WE,R_Wrist,0x03,2,460,1.111,+0.339,-0.848,-0.230,-23.0,-20.2,+9.2,-0.359,+0.900,-0.248,29.0
2025-06-01T15:00:07.683,7.683,461,WE,R_Wrist,0x03,2,461,1.111,+0.330,-0.844,-0.230,-30.9,-24.5,+10.0,-0.358,+0.903,-0.237,29.0
2025-06-01T15:00:07.700,7.700,462,WE,R_Wrist,0x03,2,462,1.110,+0.321,-0.840,-0.231,-30.7,-21.2,+7.3,-0.357,+0.906,-0.227,29.0
2025-06-01T15:00:07.716,7.717,463,WE,R_Wrist,0x03,2,463,1.110,+0.312,-0.837,-0.233,-22.6,-14.1,+4.1,-0.357,+0.909,-0.217,29.0
2025-06-01T15:00:07.733,7.733,464,WE,R_Wrist,0x03,2,464,1.110,+0.308,-0.835,-0.234,-21.7,-11.7,+2.4,-0.357,+0.910,-0.212,29.0
2025-06-01T15:00:07.750,7.750,465,WE,R_Wrist,0x03,2,465,1.110,+0.302,-0.833,-0.238,-27.8,-13.3,+1.6,-0.357,+0.912,-0.203,29.0
2025-06-01T15:00:07.766,7.767,466,WE,R_Wrist,0x03,2,466,1.110,+0.298,-0.832,-0.243,-26.2,-10.2,-0.5,-0.358,+0.913,-0.194,29.0
2025-06-01T15:00:07.783,7.783,467,WE,R_Wrist,0x03,2,467,1.110,+0.296,-0.832,-0.249,-18.8,-6.0,-1.5,-0.359,+0.915,-0.187,29.0
2025-06-01T15:00:07.800,7.800,468,WE,R_Wrist,0x03,2,468,1.110,+0.296,-0.832,-0.253,-17.9,-3.9,-2.8,-0.359,+0.915,-0.183,29.0
2025-06-01T15:00:07.816,7.817,469,WE,R_Wrist,0x03,2,469,1.110,+0.296,-0.833,-0.261,-23.1,-3.1,-4.9,-0.360,+0.916,-0.176,29.0
2025-06-01T15:00:07.833,7.833,470,WE,R_Wrist,0x03,2,470,1.110,+0.298,-0.835,-0.270,-16.8,-0.8,-4.6,-0.362,+0.916,-0.170,29.0
2025-06-01T15:00:07.850,7.850,471,WE,R_Wrist,0x03,2,471,1.109,+0.299,-0.835,-0.275,-16.0,+1.1,-5.6,-0.363,+0.917,-0.167,29.0
2025-06-01T15:00:07.866,7.867,472,WE,R_Wrist,0x03,2,472,1.109,+0.301,-0.837,-0.285,-20.3,+3.4,-8.4,-0.365,+0.917,-0.162,29.0
2025-06-01T15:00:07.883,7.883,473,WE,R_Wrist,0x03,2,473,1.109,+0.305,-0.837,-0.295,-14.2,+4.0,-7.0,-0.367,+0.917,-0.157,29.0
2025-06-01T15:00:07.900,7.900,474,WE,R_Wrist,0x03,2,474,1.109,+0.308,-0.838,-0.300,-12.8,+5.7,-7.9,-0.368,+0.917,-0.155,29.0
2025-06-01T15:00:07.916,7.917,475,WE,R_Wrist,0x03,2,475,1.109,+0.313,-0.840,-0.311,-15.6,+9.3,-11.3,-0.371,+0.916,-0.152,29.0
2025-06-01T15:00:07.933,7.933,476,WE,R_Wrist,0x03,2,476,1.109,+0.319,-0.842,-0.322,-13.9,+11.3,-12.3,-0.374,+0.916,-0.149,29.0
2025-06-01T15:00:07.950,7.950,477,WE,R_Wrist,0x03,2,477,1.109,+0.325,-0.845,-0.333,-9.6,+9.5,-9.6,-0.376,+0.915,-0.147,29.0
2025-06-01T15:00:07.966,7.967,478,WE,R_Wrist,0x03,2,478,1.109,+0.328,-0.846,-0.338,-8.7,+10.5,-10.1,-0.378,+0.914,-0.146,29.0
2025-06-01T15:00:07.983,7.983,479,WE,R_Wrist,0x03,2,479,1.109,+0.334,-0.849,-0.349,-10.9,+14.8,-13.7,-0.381,+0.913,-0.144,29.0
2025-06-01T15:00:08.000,8.000,480,WE,R_Wrist,0x03,2,480,1.109,+0.340,-0.851,-0.360,-7.6,+11.6,-10.4,-0.384,+0.912,-0.143,29.0
2025-06-01T15:00:08.016,8.017,481,WE,R_Wrist,0x03,2,481,1.109,+0.342,-0.852,-0.365,-6.8,+12.0,-10.5,-0.385,+0.912,-0.143,29.0
2025-06-01T15:00:08.033,8.033,482,WE,R_Wrist,0x03,2,482,1.109,+0.348,-0.854,-0.374,-8.1,+16.1,-13.8,-0.388,+0.910,-0.142,29.0
2025-06-01T15:00:08.050,8.050,483,WE,R_Wrist,0x03,2,483,1.109,+0.354,-0.856,-0.382,-7.0,+16.0,-13.4,-0.391,+0.909,-0.142,29.0
2025-06-01T15:00:08.066,8.067,484,WE,R_Wrist,0x03,2,484,1.109,+0.359,-0.858,-0.389,-4.7,+11.7,-9.7,-0.394,+0.908,-0.142,29.0
2025-06-01T15:00:08.083,8.083,485,WE,R_Wrist,0x03,2,485,1.109,+0.362,-0.859,-0.392,-4.2,+11.0,-8.9,-0.396,+0.907,-0.143,29.0
2025-06-01T15:00:08.100,8.100,486,WE,R_Wrist,0x03,2,486,1.110,+0.367,-0.862,-0.398,-5.2,+13.6,-10.7,-0.398,+0.906,-0.143,29.0
2025-06-01T15:00:08.116,8.117,487,WE,R_Wrist,0x03,2,487,1.110,+0.372,-0.864,-0.402,-4.5,+11.9,-9.0,-0.400,+0.905,-0.143,29.0
2025-06-01T15:00:08.133,8.133,488,WE,R_Wrist,0x03,2,488,1.110,+0.376,-0.865,-0.405,-2.9,+7.8,-5.7,-0.402,+0.904,-0.143,29.0
2025-06-01T15:00:08.150,8.150,489,WE,R_Wrist,0x03,2,489,1.110,+0.377,-0.865,-0.406,-2.0,+6.2,-4.1,-0.402,+0.904,-0.143,29.0
2025-06-01T15:00:08.166,8.167,490,WE,R_Wrist,0x03,2,490,1.110,+0.379,-0.865,-0.408,-1.8,+6.6,-4.0,-0.403,+0.904,-0.144,29.0
2025-06-01T15:00:08.183,8.183,491,WE,R_Wrist,0x03,2,491,1.110,+0.381,-0.867,-0.410,-0.8,+3.7,-1.8,-0.404,+0.903,-0.144,29.0
2025-06-01T15:00:08.200,8.200,492,WE,R_Wrist,0x03,2,492,1.111,+0.381,-0.867,-0.411,-0.4,+2.0,-0.4,-0.404,+0.903,-0.144,29.0
2025-06-01T15:00:08.216,8.217,493,WE,R_Wrist,0x03,2,493,1.111,+0.381,-0.869,-0.412,-0.6,+0.9,+0.9,-0.404,+0.903,-0.144,29.0
2025-06-01T15:00:08.233,8.233,494,WE,R_Wrist,0x03,2,494,1.111,+0.382,-0.870,-0.413,-1.0,-1.3,+2.6,-0.404,+0.904,-0.144,29.0
2025-06-01T15:00:08.250,8.250,495,WE,R_Wrist,0x03,2,495,1.112,+0.381,-0.870,-0.413,-1.0,-2.2,+2.9,-0.403,+0.904,-0.143,29.0
2025-06-01T15:00:08.266,8.267,496,WE,R_Wrist,0x03,2,496,1.112,+0.380,-0.870,-0.413,-1.2,-3.5,+3.9,-0.402,+0.904,-0.143,29.0
2025-06-01T15:00:08.283,8.283,497,WE,R_Wrist,0x03,2,497,1.112,+0.379,-0.868,-0.411,-1.5,-5.8,+6.0,-0.401,+0.905,-0.142,29.0
2025-06-01T15:00:08.300,8.300,498,WE,R_Wrist,0x03,2,498,1.112,+0.376,-0.866,-0.409,-1.2,-7.1,+7.0,-0.400,+0.906,-0.141,29.0
2025-06-01T15:00:08.316,8.317,499,WE,R_Wrist,0x03,2,499,1.112,+0.372,-0.865,-0.406,-0.8,-5.9,+5.8,-0.398,+0.907,-0.140,29.0
2025-06-01T15:00:08.333,8.333,500,WE,R_Wrist,0x03,2,500,1.112,+0.370,-0.864,-0.404,-0.8,-6.6,+6.4,-0.397,+0.907,-0.139,29.0
2025-06-01T15:00:08.350,8.350,501,WE,R_Wrist,0x03,2,501,1.113,+0.367,-0.863,-0.399,-0.9,-9.3,+9.3,-0.395,+0.908,-0.138,29.0
2025-06-01T15:00:08.366,8.367,502,WE,R_Wrist,0x03,2,502,1.113,+0.365,-0.860,-0.393,-0.1,-9.8,+10.1,-0.393,+0.909,-0.136,29.0
2025-06-01T15:00:08.383,8.383,503,WE,R_Wrist,0x03,2,503,1.113,+0.364,-0.856,-0.387,+0.9,-7.4,+8.0,-0.390,+0.911,-0.135,29.0
2025-06-01T15:00:08.400,8.400,504,WE,R_Wrist,0x03,2,504,1.116,+0.363,-0.854,-0.384,+2.8,-7.3,+8.3,-0.389,+0.911,-0.135,29.0
2025-06-01T15:00:08.416,8.417,505,WE,R_Wrist,0x03,2,505,1.116,+0.359,-0.850,-0.378,+5.8,-9.1,+11.3,-0.387,+0.912,-0.135,29.0
2025-06-01T15:00:08.433,8.433,506,WE,R_Wrist,0x03,2,506,1.116,+0.354,-0.848,-0.373,+5.9,-6.3,+8.5,-0.384,+0.913,-0.136,29.0
2025-06-01T15:00:08.450,8.450,507,WE,R_Wrist,0x03,2,507,1.117,+0.351,-0.848,-0.370,+7.6,-5.4,+8.5,-0.383,+0.914,-0.137,29.0
2025-06-01T15:00:08.466,8.467,508,WE,R_Wrist,0x03,2,508,1.117,+0.344,-0.847,-0.365,+11.2,-6.2,+11.3,-0.380,+0.915,-0.139,29.0
2025-06-01T15:00:08.483,8.483,509,WE,R_Wrist,0x03,2,509,1.117,+0.339,-0.847,-0.361,+12.2,-5.1,+11.1,-0.377,+0.915,-0.141,29.0
2025-06-01T15:00:08.500,8.500,510,WE,R_Wrist,0x03,2,510,1.118,+0.335,-0.846,-0.358,+9.5,-3.3,+8.1,-0.374,+0.916,-0.144,29.0
2025-06-01T15:00:08.516,8.517,511,WE,R_Wrist,0x03,2,511,1.118,+0.333,-0.845,-0.357,+10.1,-2.6,+7.9,-0.373,+0.916,-0.146,29.0
2025-06-01T15:00:08.533,8.533,512,WE,R_Wrist,0x03,2,512,1.118,+0.329,-0.842,-0.353,+14.7,-2.6,+10.2,-0.370,+0.917,-0.149,29.0
2025-06-01T15:00:08.550,8.550,513,WE,R_Wrist,0x03,2,513,1.120,+0.325,-0.837,-0.348,+17.1,-1.4,+9.6,-0.368,+0.917,-0.153,29.0
2025-06-01T15:00:08.566,8.567,514,WE,R_Wrist,0x03,2,514,1.120,+0.320,-0.834,-0.341,+14.6,-0.3,+6.7,-0.365,+0.917,-0.158,29.0
2025-06-01T15:00:08.583,8.583,515,WE,R_Wrist,0x03,2,515,1.120,+0.319,-0.833,-0.337,+17.1,+0.7,+5.9,-0.364,+0.917,-0.161,29.0
2025-06-01T15:00:08.600,8.600,516,WE,R_Wrist,0x03,2,516,1.121,+0.317,-0.832,-0.329,+25.1,+2.0,+6.8,-0.362,+0.917,-0.167,29.0
2025-06-01T15:00:08.616,8.617,517,WE,R_Wrist,0x03,2,517,1.121,+0.318,-0.834,-0.322,+28.0,+3.5,+5.1,-0.360,+0.916,-0.175,29.0
2025-06-01T15:00:08.633,8.633,518,WE,R_Wrist,0x03,2,518,1.121,+0.321,-0.838,-0.315,+22.5,+3.5,+2.7,-0.359,+0.915,-0.183,29.0
2025-06-01T15:00:08.650,8.650,519,WE,R_Wrist,0x03,2,519,1.124,+0.323,-0.840,-0.311,+24.4,+5.2,+1.0,-0.359,+0.915,-0.187,29.0
2025-06-01T15:00:08.666,8.667,520,WE,R_Wrist,0x03,2,520,1.124,+0.325,-0.847,-0.303,+34.4,+9.1,-0.6,-0.358,+0.913,-0.197,29.0
2025-06-01T15:00:08.683,8.683,521,WE,R_Wrist,0x03,2,521,1.124,+0.327,-0.856,-0.295,+36.6,+12.4,-3.5,-0.358,+0.910,-0.208,29.0
2025-06-01T15:00:08.700,8.700,522,WE,R_Wrist,0x03,2,522,1.126,+0.330,-0.867,-0.287,+28.3,+11.3,-4.3,-0.358,+0.908,-0.219,29.0
2025-06-01T15:00:08.716,8.717,523,WE,R_Wrist,0x03,2,523,1.126,+0.331,-0.874,-0.284,+28.1,+13.5,-6.7,-0.359,+0.906,-0.225,29.0
2025-06-01T15:00:08.733,8.733,524,WE,R_Wrist,0x03,2,524,1.126,+0.337,-0.890,-0.279,+34.8,+19.6,-11.2,-0.360,+0.902,-0.237,29.0
2025-06-01T15:00:08.750,8.750,525,WE,R_Wrist,0x03,2,525,1.127,+0.346,-0.909,-0.277,+23.1,+15.6,-10.0,-0.362,+0.899,-0.247,29.0
2025-06-01T15:00:08.766,8.767,526,WE,R_Wrist,0x03,2,526,1.127,+0.352,-0.918,-0.277,+16.9,+16.1,-11.7,-0.363,+0.897,-0.252,29.0
2025-06-01T15:00:08.783,8.783,527,WE,R_Wrist,0x03,2,527,1.127,+0.364,-0.935,-0.279,+15.5,+21.4,-17.0,-0.366,+0.894,-0.259,29.0
2025-06-01T15:00:08.800,8.800,528,WE,R_Wrist,0x03,2,528,1.129,+0.375,-0.948,-0.283,+6.5,+15.8,-13.5,-0.369,+0.891,-0.265,29.0
2025-06-01T15:00:08.816,8.817,529,WE,R_Wrist,0x03,2,529,1.129,+0.381,-0.952,-0.284,+0.7,+15.4,-14.1,-0.370,+0.890,-0.266,29.0
2025-06-01T15:00:08.833,8.833,530,WE,R_Wrist,0x03,2,530,1.129,+0.390,-0.957,-0.288,-3.1,+19.9,-18.9,-0.374,+0.888,-0.268,29.0
2025-06-01T15:00:08.850,8.850,531,WE,R_Wrist,0x03,2,531,1.132,+0.397,-0.957,-0.292,-7.0,+18.9,-18.6,-0.377,+0.886,-0.269,29.0
2025-06-01T15:00:08.866,8.867,532,WE,R_Wrist,0x03,2,532,1.132,+0.402,-0.954,-0.298,-6.5,+13.5,-13.5,-0.380,+0.885,-0.269,29.0
2025-06-01T15:00:08.883,8.883,533,WE,R_Wrist,0x03,2,533,1.132,+0.405,-0.951,-0.301,-7.0,+12.3,-12.6,-0.382,+0.884,-0.269,29.0
2025-06-01T15:00:08.900,8.900,534,WE,R_Wrist,0x03,2,534,1.133,+0.409,-0.946,-0.307,-8.6,+15.0,-15.4,-0.385,+0.883,-0.268,29.0
2025-06-01T15:00:08.916,8.917,535,WE,R_Wrist,0x03,2,535,1.133,+0.412,-0.940,-0.312,-5.5,+10.2,-10.4,-0.387,+0.882,-0.267,29.0
2025-06-01T15:00:08.933,8.933,536,WE,R_Wrist,0x03,2,536,1.133,+0.413,-0.937,-0.313,-3.1,+8.7,-8.4,-0.388,+0.882,-0.267,29.0
2025-06-01T15:00:08.950,8.950,537,WE,R_Wrist,0x03,2,537,1.135,+0.413,-0.931,-0.316,-1.0,+9.8,-9.0,-0.390,+0.881,-0.268,29.0
2025-06-01T15:00:08.966,8.967,538,WE,R_Wrist,0x03,2,538,1.135,+0.412,-0.926,-0.317,+3.0,+7.0,-5.8,-0.392,+0.880,-0.269,29.0
2025-06-01T15:00:08.983,8.983,539,WE,R_Wrist,0x03,2,539,1.135,+0.411,-0.925,-0.316,+4.0,+3.3,-2.5,-0.392,+0.879,-0.271,29.0
2025-06-01T15:00:09.000,9.000,540,WE,R_Wrist,0x03,2,540,1.136,+0.411,-0.927,-0.315,+4.9,+0.2,+0.4,-0.392,+0.879,-0.272,29.0
2025-06-01T15:00:09.016,9.017,541,WE,R_Wrist,0x03,2,541,1.136,+0.409,-0.932,-0.312,+5.8,-3.3,+3.8,-0.392,+0.878,-0.274,29.0
2025-06-01T15:00:09.033,9.033,542,WE,R_Wrist,0x03,2,542,1.136,+0.405,-0.938,-0.308,+4.0,-8.3,+8.5,-0.391,+0.879,-0.274,29.0
2025-06-01T15:00:09.050,9.050,543,WE,R_Wrist,0x03,2,543,1.137,+0.400,-0.942,-0.303,+1.8,-9.1,+9.1,-0.389,+0.880,-0.274,29.0
2025-06-01T15:00:09.066,9.067,544,WE,R_Wrist,0x03,2,544,1.137,+0.397,-0.942,-0.300,+0.3,-12.7,+12.8,-0.388,+0.880,-0.273,29.0
2025-06-01T15:00:09.083,9.083,545,WE,R_Wrist,0x03,2,545,1.137,+0.388,-0.942,-0.292,-0.5,-20.2,+20.8,-0.384,+0.882,-0.271,29.0
2025-06-01T15:00:09.100,9.100,546,WE,R_Wrist,0x03,2,546,1.138,+0.379,-0.940,-0.283,-0.8,-17.4,+18.3,-0.380,+0.885,-0.268,29.0
2025-06-01T15:00:09.116,9.117,547,WE,R_Wrist,0x03,2,547,1.138,+0.374,-0.939,-0.278,-1.2,-19.9,+21.6,-0.378,+0.887,-0.267,29.0
2025-06-01T15:00:09.133,9.133,548,WE,R_Wrist,0x03,2,548,1.138,+0.362,-0.936,-0.269,-2.1,-28.6,+31.3,-0.372,+0.890,-0.263,29.0
2025-06-01T15:00:09.150,9.150,549,WE,R_Wrist,0x03,2,549,1.139,+0.345,-0.934,-0.261,-3.8,-30.9,+33.5,-0.366,+0.894,-0.259,29.0
2025-06-01T15:00:09.166,9.167,550,WE,R_Wrist,0x03,2,550,1.139,+0.320,-0.932,-0.256,-4.4,-24.2,+25.6,-0.359,+0.898,-0.255,29.0
2025-06-01T15:00:09.183,9.183,551,WE,R_Wrist,0x03,2,551,1.139,+0.303,-0.932,-0.255,-8.3,-25.1,+24.9,-0.356,+0.900,-0.252,29.0
2025-06-01T15:00:09.200,9.200,552,WE,R_Wrist,0x03,2,552,1.140,+0.255,-0.933,-0.256,-16.3,-33.6,+30.9,-0.350,+0.904,-0.245,29.0
2025-06-01T15:00:09.216,9.217,553,WE,R_Wrist,0x03,2,553,1.140,+0.189,-0.934,-0.262,-24.2,-32.9,+26.1,-0.345,+0.908,-0.237,29.0
2025-06-01T15:00:09.233,9.233,554,WE,R_Wrist,0x03,2,554,1.140,+0.103,-0.935,-0.270,-22.7,-23.7,+15.7,-0.341,+0.913,-0.226,29.0
2025-06-01T15:00:09.250,9.250,555,WE,R_Wrist,0x03,2,555,1.141,+0.054,-0.935,-0.274,-28.0,-21.3,+9.5,-0.339,+0.915,-0.220,29.0
2025-06-01T15:00:09.266,9.267,556,WE,R_Wrist,0x03,2,556,1.141,-0.055,-0.938,-0.282,-40.8,-24.4,+6.3,-0.338,+0.918,-0.207,29.0
2025-06-01T15:00:09.283,9.283,557,WE,R_Wrist,0x03,2,557,1.141,-0.164,-0.942,-0.288,-32.3,-14.9,+0.4,-0.339,+0.921,-0.193,29.0
2025-06-01T15:00:09.300,9.300,558,WE,R_Wrist,0x03,2,558,1.142,-0.211,-0.943,-0.290,-32.1,-10.3,-3.9,-0.340,+0.922,-0.187,29.0
2025-06-01T15:00:09.316,9.317,559,WE,R_Wrist,0x03,2,559,1.142,-0.279,-0.940,-0.292,-39.9,-11.0,-8.2,-0.342,+0.923,-0.174,29.0
2025-06-01T15:00:09.333,9.333,560,WE,R_Wrist,0x03,2,560,1.142,-0.303,-0.930,-0.290,-34.4,-9.6,-10.5,-0.345,+0.924,-0.163,29.0
2025-06-01T15:00:09.350,9.350,561,WE,R_Wrist,0x03,2,561,1.143,-0.285,-0.918,-0.286,-22.3,-7.3,-8.1,-0.349,+0.925,-0.154,29.0
2025-06-01T15:00:09.366,9.367,562,WE,R_Wrist,0x03,2,562,1.143,-0.261,-0.912,-0.286,-18.0,-7.5,-6.2,-0.350,+0.925,-0.149,29.0
2025-06-01T15:00:09.383,9.383,563,WE,R_Wrist,0x03,2,563,1.143,-0.181,-0.897,-0.287,-19.9,-9.2,-4.9,-0.353,+0.925,-0.142,29.0
2025-06-01T15:00:09.400,9.400,564,WE,R_Wrist,0x03,2,564,1.143,-0.057,-0.872,-0.292,-13.5,-7.1,-0.7,-0.354,+0.925,-0.137,29.0
2025-06-01T15:00:09.416,9.417,565,WE,R_Wrist,0x03,2,565,1.143,+0.110,-0.833,-0.300,-5.7,-3.5,+1.1,-0.354,+0.926,-0.134,29.0
2025-06-01T15:00:09.433,9.433,566,WE,R_Wrist,0x03,2,566,1.143,+0.205,-0.811,-0.304,+1.4,+0.4,+1.4,-0.353,+0.926,-0.133,29.0
2025-06-01T15:00:09.450,9.450,567,WE,R_Wrist,0x03,2,567,1.143,+0.412,-0.764,-0.315,+8.9,+6.2,+0.5,-0.353,+0.926,-0.134,29.0
2025-06-01T15:00:09.466,9.467,568,WE,R_Wrist,0x03,2,568,1.143,+0.629,-0.718,-0.328,+16.7,+15.1,-3.0,-0.353,+0.925,-0.139,29.0
2025-06-01T15:00:09.483,9.483,569,WE,R_Wrist,0x03,2,569,1.143,+0.850,-0.675,-0.342,+15.9,+16.8,-5.2,-0.353,+0.924,-0.147,29.0
2025-06-01T15:00:09.500,9.500,570,WE,R_Wrist,0x03,2,570,1.144,+0.958,-0.657,-0.349,+17.8,+24.1,-10.0,-0.354,+0.923,-0.151,29.0
2025-06-01T15:00:09.516,9.517,571,WE,R_Wrist,0x03,2,571,1.144,+1.162,-0.627,-0.362,+22.5,+38.8,-17.9,-0.357,+0.920,-0.161,29.0
2025-06-01T15:00:09.533,9.533,572,WE,R_Wrist,0x03,2,572,1.144,+1.345,-0.611,-0.373,+14.5,+33.5,-16.0,-0.360,+0.917,-0.171,29.0
2025-06-01T15:00:09.550,9.550,573,WE,R_Wrist,0x03,2,573,1.144,+1.429,-0.608,-0.376,+8.1,+36.9,-16.3,-0.362,+0.916,-0.176,29.0
2025-06-01T15:00:09.566,9.567,574,WE,R_Wrist,0x03,2,574,1.144,+1.581,-0.605,-0.378,+3.0,+47.8,-19.0,-0.365,+0.913,-0.183,29.0
2025-06-01T15:00:09.583,9.583,575,WE,R_Wrist,0x03,2,575,1.144,+1.706,-0.601,-0.374,-8.2,+40.1,-12.9,-0.367,+0.911,-0.188,29.0
2025-06-01T15:00:09.600,9.600,576,WE,R_Wrist,0x03,2,576,1.144,+1.782,-0.596,-0.367,-12.5,+22.7,-5.2,-0.367,+0.911,-0.188,29.0
2025-06-01T15:00:09.616,9.617,577,WE,R_Wrist,0x03,2,577,1.144,+1.795,-0.595,-0.364,-20.8,+10.2,+2.0,-0.367,+0.911,-0.186,29.0
2025-06-01T15:00:09.633,9.633,578,WE,R_Wrist,0x03,2,578,1.144,+1.759,-0.597,-0.362,-35.3,+1.2,+10.2,-0.365,+0.914,-0.179,29.0
2025-06-01T15:00:09.650,9.650,579,WE,R_Wrist,0x03,2,579,1.144,+1.640,-0.603,-0.366,-42.9,-13.0,+18.6,-0.361,+0.917,-0.167,29.0
2025-06-01T15:00:09.666,9.667,580,WE,R_Wrist,0x03,2,580,1.144,+1.440,-0.610,-0.375,-34.3,-15.8,+17.2,-0.356,+0.922,-0.153,29.0
2025-06-01T15:00:09.683,9.683,581,WE,R_Wrist,0x03,2,581,1.144,+1.312,-0.615,-0.381,-33.0,-20.0,+18.7,-0.354,+0.924,-0.146,29.0
2025-06-01T15:00:09.700,9.700,582,WE,R_Wrist,0x03,2,582,1.144,+1.010,-0.633,-0.396,-39.1,-25.9,+23.6,-0.348,+0.928,-0.131,29.0
2025-06-01T15:00:09.716,9.717,583,WE,R_Wrist,0x03,2,583,1.144,+0.665,-0.665,-0.417,-24.7,-17.0,+15.8,-0.343,+0.932,-0.119,29.0
2025-06-01T15:00:09.733,9.733,584,WE,R_Wrist,0x03,2,584,1.144,+0.487,-0.684,-0.430,-16.9,-10.3,+11.2,-0.341,+0.933,-0.114,29.0
2025-06-01T15:00:09.750,9.750,585,WE,R_Wrist,0x03,2,585,1.144,+0.140,-0.729,-0.456,-13.7,-5.1,+8.4,-0.338,+0.935,-0.108,29.0
2025-06-01T15:00:09.766,9.767,586,WE,R_Wrist,0x03,2,586,1.144,-0.173,-0.780,-0.480,-3.5,+3.0,+0.9,-0.336,+0.936,-0.106,29.0
2025-06-01T15:00:09.783,9.783,587,WE,R_Wrist,0x03,2,587,1.144,-0.311,-0.808,-0.490,+4.4,+12.0,-6.3,-0.337,+0.935,-0.107,29.0
2025-06-01T15:00:09.800,9.800,588,WE,R_Wrist,0x03,2,588,1.143,-0.541,-0.868,-0.505,+11.4,+23.6,-14.0,-0.339,+0.934,-0.111,29.0
2025-06-01T15:00:09.816,9.817,589,WE,R_Wrist,0x03,2,589,1.143,-0.702,-0.929,-0.513,+16.0,+31.0,-19.3,-0.343,+0.932,-0.118,29.0
2025-06-01T15:00:09.833,9.833,590,WE,R_Wrist,0x03,2,590,1.143,-0.789,-0.980,-0.511,+13.5,+25.4,-16.4,-0.347,+0.929,-0.126,29.0
2025-06-01T15:00:09.850,9.850,591,WE,R_Wrist,0x03,2,591,1.143,-0.807,-1.001,-0.507,+14.7,+24.0,-17.5,-0.350,+0.928,-0.130,29.0
2025-06-01T15:00:09.866,9.867,592,WE,R_Wrist,0x03,2,592,1.143,-0.800,-1.030,-0.491,+20.9,+26.9,-24.3,-0.355,+0.925,-0.139,29.0
2025-06-01T15:00:09.883,9.883,593,WE,R_Wrist,0x03,2,593,1.143,-0.751,-1.048,-0.468,+16.4,+15.1,-18.9,-0.361,+0.921,-0.147,29.0
2025-06-01T15:00:09.900,9.900,594,WE,R_Wrist,0x03,2,594,1.143,-0.719,-1.055,-0.455,+16.3,+6.5,-19.9,-0.364,+0.919,-0.150,29.0
2025-06-01T15:00:09.916,9.917,595,WE,R_Wrist,0x03,2,595,1.143,-0.649,-1.068,-0.429,+19.6,+0.1,-27.8,-0.371,+0.915,-0.157,29.0
2025-06-01T15:00:09.933,9.933,596,WE,R_Wrist,0x03,2,596,1.143,-0.587,-1.084,-0.405,+14.5,-10.1,-29.7,-0.379,+0.911,-0.161,29.0
2025-06-01T15:00:09.950,9.950,597,WE,R_Wrist,0x03,2,597,1.143,-0.543,-1.103,-0.384,+6.8,-12.4,-23.4,-0.388,+0.907,-0.162,29.0
2025-06-01T15:00:09.966,9.967,598,WE,R_Wrist,0x03,2,598,1.143,-0.527,-1.113,-0.377,+0.5,-17.0,-25.1,-0.392,+0.905,-0.162,29.0
2025-06-01T15:00:09.983,9.983,599,WE,R_Wrist,0x03,2,599,1.143,-0.509,-1.131,-0.368,-5.3,-25.4,-35.8,-0.402,+0.902,-0.159,29.0
2025-06-01T15:00:10.000,10.000,600,WE,R_Wrist,0x03,2,600,1.142,-0.504,-1.148,-0.366,-11.6,-28.0,-41.1,-0.413,+0.898,-0.153,29.0
2025-06-01T15:00:10.016,10.017,601,WE,R_Wrist,0x03,2,601,1.142,-0.521,-1.167,-0.366,-11.3,-22.2,-35.4,-0.426,+0.893,-0.146,29.0
2025-06-01T15:00:10.033,10.033,602,WE,R_Wrist,0x03,2,602,1.142,-0.541,-1.177,-0.367,-12.5,-22.1,-42.4,-0.434,+0.890,-0.142,29.0
2025-06-01T15:00:10.050,10.050,603,WE,R_Wrist,0x03,2,603,1.142,-0.599,-1.193,-0.370,-15.4,-25.0,-58.8,-0.450,+0.883,-0.134,29.0
2025-06-01T15:00:10.066,10.067,604,WE,R_Wrist,0x03,2,604,1.142,-0.634,-1.194,-0.377,-9.1,-13.5,-42.3,-0.466,+0.876,-0.127,29.0
2025-06-01T15:00:10.083,10.083,605,WE,R_Wrist,0x03,2,605,1.142,-0.617,-1.188,-0.380,-3.1,-6.5,-32.5,-0.473,+0.872,-0.125,29.0
2025-06-01T15:00:10.100,10.100,606,WE,R_Wrist,0x03,2,606,1.142,-0.474,-1.170,-0.372,+0.2,-10.2,-30.8,-0.483,+0.867,-0.124,29.0
2025-06-01T15:00:10.116,10.117,607,WE,R_Wrist,0x03,2,607,1.142,-0.188,-1.157,-0.340,-1.4,-22.2,-13.5,-0.489,+0.864,-0.123,29.0
2025-06-01T15:00:10.133,10.133,608,WE,R_Wrist,0x03,2,608,1.142,+0.189,-1.158,-0.297,-7.9,-27.2,+0.6,-0.491,+0.863,-0.117,29.0
2025-06-01T15:00:10.150,10.150,609,WE,R_Wrist,0x03,2,609,1.142,+0.393,-1.160,-0.279,-27.6,-40.8,+18.8,-0.491,+0.864,-0.111,29.0
2025-06-01T15:00:10.166,10.167,610,WE,R_Wrist,0x03,2,610,1.142,+0.811,-1.158,-0.265,-62.5,-64.6,+45.7,-0.484,+0.870,-0.091,29.0
2025-06-01T15:00:10.183,10.183,611,WE,R_Wrist,0x03,2,611,1.142,+1.225,-1.131,-0.288,-66.4,-54.7,+49.3,-0.471,+0.880,-0.061,29.0
2025-06-01T15:00:10.200,10.200,612,WE,R_Wrist,0x03,2,612,1.141,+1.421,-1.106,-0.312,-90.7,-62.6,+68.0,-0.461,+0.886,-0.042,29.0
2025-06-01T15:00:10.216,10.217,613,WE,R_Wrist,0x03,2,613,1.141,+1.767,-1.033,-0.379,-138.4,-86.7,+103.2,-0.437,+0.900,+0.002,29.0
2025-06-01T15:00:10.233,10.233,614,WE,R_Wrist,0x03,2,614,1.141,+2.019,-0.939,-0.462,-154.8,-86.9,+114.9,-0.407,+0.912,+0.052,29.0
2025-06-01T15:00:10.250,10.250,615,WE,R_Wrist,0x03,2,615,1.141,+2.145,-0.832,-0.546,-120.1,-61.3,+88.3,-0.373,+0.922,+0.105,29.0
2025-06-01T15:00:10.266,10.267,616,WE,R_Wrist,0x03,2,616,1.141,+2.153,-0.777,-0.586,-118.5,-56.2,+85.7,-0.356,+0.925,+0.131,29.0
2025-06-01T15:00:10.283,10.283,617,WE,R_Wrist,0x03,2,617,1.141,+2.049,-0.674,-0.661,-147.5,-63.5,+102.8,-0.323,+0.929,+0.179,29.0
2025-06-01T15:00:10.300,10.300,618,WE,R_Wrist,0x03,2,618,1.141,+1.783,-0.589,-0.730,-101.0,-38.1,+67.6,-0.294,+0.930,+0.222,29.0
2025-06-01T15:00:10.316,10.317,619,WE,R_Wrist,0x03,2,619,1.141,+1.602,-0.553,-0.762,-85.4,-23.3,+57.8,-0.281,+0.929,+0.241,29.0
2025-06-01T15:00:10.333,10.333,620,WE,R_Wrist,0x03,2,620,1.141,+1.196,-0.491,-0.819,-95.6,-13.9,+71.1,-0.259,+0.927,+0.272,29.0
2025-06-01T15:00:10.350,10.350,621,WE,R_Wrist,0x03,2,621,1.141,+0.806,-0.441,-0.854,-73.2,+0.7,+66.0,-0.241,+0.925,+0.295,29.0
2025-06-01T15:00:10.366,10.367,622,WE,R_Wrist,0x03,2,622,1.141,+0.477,-0.413,-0.853,-45.4,+2.4,+46.2,-0.224,+0.923,+0.312,29.0
2025-06-01T15:00:10.383,10.383,623,WE,R_Wrist,0x03,2,623,1.141,+0.332,-0.410,-0.841,-43.1,-5.6,+40.6,-0.216,+0.923,+0.319,29.0
2025-06-01T15:00:10.400,10.400,624,WE,R_Wrist,0x03,2,624,1.141,+0.057,-0.416,-0.803,-66.1,-17.3,+50.9,-0.201,+0.920,+0.335,29.0
2025-06-01T15:00:10.416,10.417,625,WE,R_Wrist,0x03,2,625,1.141,-0.199,-0.420,-0.766,-83.2,-29.1,+51.0,-0.186,+0.916,+0.356,29.0
2025-06-01T15:00:10.433,10.433,626,WE,R_Wrist,0x03,2,626,1.141,-0.412,-0.393,-0.740,-71.9,-27.3,+40.0,-0.168,+0.908,+0.383,29.0
2025-06-01T15:00:10.450,10.450,627,WE,R_Wrist,0x03,2,627,1.140,-0.495,-0.366,-0.731,-77.8,-36.5,+43.5,-0.158,+0.904,+0.397,29.0
2025-06-01T15:00:10.466,10.467,628,WE,R_Wrist,0x03,2,628,1.140,-0.610,-0.287,-0.713,-98.4,-57.1,+59.9,-0.137,+0.894,+0.427,29.0
2025-06-01T15:00:10.483,10.483,629,WE,R_Wrist,0x03,2,629,1.140,-0.652,-0.190,-0.688,-79.3,-66.6,+61.5,-0.113,+0.884,+0.453,29.0
2025-06-01T15:00:10.500,10.500,630,WE,R_Wrist,0x03,2,630,1.140,-0.620,-0.091,-0.650,-42.0,-53.5,+45.5,-0.088,+0.877,+0.472,29.0
2025-06-01T15:00:10.516,10.517,631,WE,R_Wrist,0x03,2,631,1.140,-0.581,-0.046,-0.627,-10.8,-55.3,+41.4,-0.075,+0.875,+0.477,29.0
2025-06-01T15:00:10.533,10.533,632,WE,R_Wrist,0x03,2,632,1.140,-0.471,+0.022,-0.579,+21.5,-71.8,+46.8,-0.051,+0.876,+0.479,29.0
2025-06-01T15:00:10.550,10.550,633,WE,R_Wrist,0x03,2,633,1.140,-0.344,+0.047,-0.540,+42.3,-51.0,+27.9,-0.031,+0.883,+0.469,29.0
2025-06-01T15:00:10.566,10.567,634,WE,R_Wrist,0x03,2,634,1.140,-0.281,+0.040,-0.527,+70.7,-42.7,+15.8,-0.023,+0.888,+0.459,29.0
2025-06-01T15:00:10.583,10.583,635,WE,R_Wrist,0x03,2,635,1.140,-0.163,-0.010,-0.513,+112.9,-46.0,+8.8,-0.011,+0.902,+0.432,29.0
2025-06-01T15:00:10.600,10.600,636,WE,R_Wrist,0x03,2,636,1.139,-0.064,-0.094,-0.513,+126.1,-28.6,-9.1,-0.007,+0.916,+0.400,29.0
2025-06-01T15:00:10.616,10.617,637,WE,R_Wrist,0x03,2,637,1.139,+0.011,-0.195,-0.521,+95.9,-10.4,-17.4,-0.010,+0.931,+0.365,29.0
2025-06-01T15:00:10.633,10.633,638,WE,R_Wrist,0x03,2,638,1.139,+0.039,-0.248,-0.527,+88.5,+4.6,-32.0,-0.014,+0.937,+0.348,29.0
2025-06-01T15:00:10.650,10.650,639,WE,R_Wrist,0x03,2,639,1.139,+0.077,-0.353,-0.542,+103.1,+21.8,-56.9,-0.028,+0.948,+0.317,29.0
2025-06-01T15:00:10.666,10.667,640,WE,R_Wrist,0x03,2,640,1.139,+0.097,-0.449,-0.558,+64.2,+27.6,-53.2,-0.049,+0.955,+0.291,29.0
2025-06-01T15:00:10.683,10.683,641,WE,R_Wrist,0x03,2,641,1.139,+0.102,-0.492,-0.565,+43.3,+39.1,-65.1,-0.062,+0.958,+0.281,29.0
2025-06-01T15:00:10.700,10.700,642,WE,R_Wrist,0x03,2,642,1.138,+0.105,-0.563,-0.576,+38.2,+61.9,-96.5,-0.092,+0.960,+0.265,29.0
2025-06-01T15:00:10.716,10.717,643,WE,R_Wrist,0x03,2,643,1.138,+0.102,-0.614,-0.583,+15.1,+71.4,-105.0,-0.126,+0.959,+0.256,29.0
2025-06-01T15:00:10.733,10.733,644,WE,R_Wrist,0x03,2,644,1.138,+0.106,-0.645,-0.585,+1.8,+57.3,-81.2,-0.161,+0.954,+0.251,29.0
2025-06-01T15:00:10.750,10.750,645,WE,R_Wrist,0x03,2,645,1.138,+0.115,-0.654,-0.584,-5.7,+59.8,-81.5,-0.179,+0.952,+0.250,29.0
2025-06-01T15:00:10.766,10.767,646,WE,R_Wrist,0x03,2,646,1.138,+0.153,-0.662,-0.578,-6.1,+79.9,-107.1,-0.215,+0.945,+0.248,29.0
2025-06-01T15:00:10.783,10.783,647,WE,R_Wrist,0x03,2,647,1.138,+0.204,-0.664,-0.567,-0.6,+59.5,-78.8,-0.250,+0.937,+0.243,29.0
2025-06-01T15:00:10.800,10.800,648,WE,R_Wrist,0x03,2,648,1.137,+0.229,-0.666,-0.561,+8.1,+58.5,-75.5,-0.266,+0.934,+0.240,29.0
2025-06-01T15:00:10.816,10.817,649,WE,R_Wrist,0x03,2,649,1.137,+0.270,-0.676,-0.553,+23.5,+77.5,-96.4,-0.299,+0.926,+0.229,29.0
2025-06-01T15:00:10.833,10.833,650,WE,R_Wrist,0x03,2,650,1.137,+0.300,-0.695,-0.547,+40.3,+77.1,-90.1,-0.329,+0.920,+0.214,29.0
2025-06-01T15:00:10.850,10.850,651,WE,R_Wrist,0x03,2,651,1.137,+0.325,-0.724,-0.543,+39.8,+58.0,-64.2,-0.357,+0.914,+0.193,29.0
2025-06-01T15:00:10.866,10.867,652,WE,R_Wrist,0x03,2,652,1.137,+0.337,-0.742,-0.540,+49.6,+56.9,-59.2,-0.370,+0.911,+0.181,29.0
2025-06-01T15:00:10.883,10.883,653,WE,R_Wrist,0x03,2,653,1.137,+0.362,-0.785,-0.534,+74.4,+75.6,-75.0,-0.394,+0.906,+0.154,29.0
2025-06-01T15:00:10.900,10.900,654,WE,R_Wrist,0x03,2,654,1.135,+0.393,-0.833,-0.525,+81.2,+74.3,-69.8,-0.416,+0.901,+0.125,29.0
2025-06-01T15:00:10.916,10.917,655,WE,R_Wrist,0x03,2,655,1.135,+0.431,-0.882,-0.515,+62.8,+54.9,-50.2,-0.436,+0.895,+0.094,29.0
2025-06-01T15:00:10.933,10.933,656,WE,R_Wrist,0x03,2,656,1.135,+0.451,-0.906,-0.510,+60.4,+52.1,-47.1,-0.445,+0.892,+0.078,29.0
2025-06-01T15:00:10.950,10.950,657,WE,R_Wrist,0x03,2,657,1.135,+0.492,-0.953,-0.503,+74.8,+67.4,-61.3,-0.463,+0.885,+0.048,29.0
2025-06-01T15:00:10.966,10.967,658,WE,R_Wrist,0x03,2,658,1.135,+0.528,-0.996,-0.501,+50.0,+48.9,-44.8,-0.479,+0.878,+0.022,29.0
2025-06-01T15:00:10.983,10.983,659,WE,R_Wrist,0x03,2,659,1.135,+0.544,-1.015,-0.502,+38.4,+46.3,-42.4,-0.486,+0.874,+0.010,29.0
2025-06-01T15:00:11.000,11.000,660,WE,R_Wrist,0x03,2,660,1.134,+0.572,-1.045,-0.510,+38.9,+59.8,-54.7,-0.500,+0.866,-0.011,29.0
2025-06-01T15:00:11.016,11.017,661,WE,R_Wrist,0x03,2,661,1.134,+0.595,-1.062,-0.526,+22.1,+56.8,-51.7,-0.513,+0.858,-0.027,29.0
2025-06-01T15:00:11.033,11.033,662,WE,R_Wrist,0x03,2,662,1.134,+0.613,-1.066,-0.546,+7.7,+40.7,-36.8,-0.525,+0.850,-0.039,29.0
2025-06-01T15:00:11.050,11.050,663,WE,R_Wrist,0x03,2,663,1.133,+0.620,-1.063,-0.558,-2.8,+37.9,-33.6,-0.531,+0.846,-0.044,29.0
2025-06-01T15:00:11.066,11.067,664,WE,R_Wrist,0x03,2,664,1.133,+0.629,-1.049,-0.582,-11.4,+47.4,-40.5,-0.541,+0.840,-0.050,29.0
2025-06-01T15:00:11.083,11.083,665,WE,R_Wrist,0x03,2,665,1.133,+0.633,-1.028,-0.606,-19.1,+42.5,-33.7,-0.549,+0.834,-0.053,29.0
2025-06-01T15:00:11.100,11.100,666,WE,R_Wrist,0x03,2,666,1.132,+0.634,-1.001,-0.627,-17.1,+28.7,-20.8,-0.556,+0.830,-0.054,29.0
2025-06-01T15:00:11.116,11.117,667,WE,R_Wrist,0x03,2,667,1.132,+0.633,-0.987,-0.637,-18.4,+23.6,-13.8,-0.558,+0.828,-0.054,29.0
2025-06-01T15:00:11.133,11.133,668,WE,R_Wrist,0x03,2,668,1.132,+0.629,-0.959,-0.651,-23.3,+25.3,-10.2,-0.562,+0.826,-0.053,29.0
2025-06-01T15:00:11.150,11.150,669,WE,R_Wrist,0x03,2,669,1.131,+0.621,-0.933,-0.661,-19.7,+16.2,+1.4,-0.562,+0.825,-0.051,29.0
2025-06-01T15:00:11.166,11.167,670,WE,R_Wrist,0x03,2,670,1.131,+0.610,-0.909,-0.665,-12.1,+6.5,+7.8,-0.561,+0.827,-0.049,29.0
2025-06-01T15:00:11.183,11.183,671,WE,R_Wrist,0x03,2,671,1.131,+0.603,-0.899,-0.667,-8.9,-2.0,+16.8,-0.559,+0.828,-0.047,29.0
2025-06-01T15:00:11.200,11.200,672,WE,R_Wrist,0x03,2,672,1.129,+0.586,-0.883,-0.667,-10.1,-12.0,+31.3,-0.552,+0.832,-0.044,29.0
2025-06-01T15:00:11.216,11.217,673,WE,R_Wrist,0x03,2,673,1.129,+0.564,-0.875,-0.663,-7.2,-16.1,+29.9,-0.544,+0.838,-0.038,29.0
2025-06-01T15:00:11.233,11.233,674,WE,R_Wrist,0x03,2,674,1.129,+0.550,-0.873,-0.660,-8.8,-26.0,+38.0,-0.538,+0.842,-0.035,29.0
2025-06-01T15:00:11.250,11.250,675,WE,R_Wrist,0x03,2,675,1.129,+0.515,-0.869,-0.654,-14.5,-44.5,+57.4,-0.526,+0.850,-0.026,29.0
2025-06-01T15:00:11.266,11.267,676,WE,R_Wrist,0x03,2,676,1.129,+0.466,-0.862,-0.647,-13.2,-40.5,+47.5,-0.510,+0.860,-0.014,29.0
2025-06-01T15:00:11.283,11.283,677,WE,R_Wrist,0x03,2,677,1.129,+0.436,-0.856,-0.643,-16.9,-49.6,+51.7,-0.502,+0.865,-0.007,29.0
2025-06-01T15:00:11.300,11.300,678,WE,R_Wrist,0x03,2,678,1.128,+0.365,-0.841,-0.634,-24.8,-74.1,+71.0,-0.485,+0.875,+0.008,29.0
2025-06-01T15:00:11.316,11.317,679,WE,R_Wrist,0x03,2,679,1.128,+0.277,-0.822,-0.624,-27.0,-83.5,+71.6,-0.466,+0.885,+0.026,29.0
2025-06-01T15:00:11.333,11.333,680,WE,R_Wrist,0x03,2,680,1.128,+0.174,-0.804,-0.611,-20.4,-66.7,+52.9,-0.446,+0.894,+0.045,29.0
2025-06-01T15:00:11.350,11.350,681,WE,R_Wrist,0x03,2,681,1.128,+0.117,-0.795,-0.604,-20.4,-70.2,+50.8,-0.437,+0.898,+0.054,29.0
2025-06-01T15:00:11.366,11.367,682,WE,R_Wrist,0x03,2,682,1.128,+0.001,-0.779,-0.588,-24.0,-94.1,+64.5,-0.417,+0.906,+0.073,29.0
2025-06-01T15:00:11.383,11.383,683,WE,R_Wrist,0x03,2,683,1.128,-0.105,-0.763,-0.567,-17.8,-92.7,+60.0,-0.399,+0.913,+0.090,29.0
2025-06-01T15:00:11.400,11.400,684,WE,R_Wrist,0x03,2,684,1.128,-0.185,-0.746,-0.542,-7.9,-67.8,+42.1,-0.381,+0.919,+0.104,29.0
2025-06-01T15:00:11.416,11.417,685,WE,R_Wrist,0x03,2,685,1.128,-0.210,-0.737,-0.528,+0.5,-65.0,+38.0,-0.372,+0.922,+0.110,29.0
2025-06-01T15:00:11.433,11.433,686,WE,R_Wrist,0x03,2,686,1.128,-0.229,-0.719,-0.501,+10.1,-83.6,+46.5,-0.356,+0.927,+0.117,29.0
2025-06-01T15:00:11.450,11.450,687,WE,R_Wrist,0x03,2,687,1.128,-0.200,-0.706,-0.475,+20.3,-79.7,+41.4,-0.341,+0.932,+0.121,29.0
2025-06-01T15:00:11.466,11.467,688,WE,R_Wrist,0x03,2,688,1.128,-0.121,-0.696,-0.453,+19.4,-57.7,+28.5,-0.328,+0.937,+0.122,29.0
2025-06-01T15:00:11.483,11.483,689,WE,R_Wrist,0x03,2,689,1.128,-0.064,-0.692,-0.445,+20.6,-54.5,+24.9,-0.322,+0.939,+0.122,29.0
2025-06-01T15:00:11.500,11.500,690,WE,R_Wrist,0x03,2,690,1.128,+0.084,-0.682,-0.434,+25.3,-68.7,+29.9,-0.310,+0.943,+0.121,29.0
2025-06-01T15:00:11.516,11.517,691,WE,R_Wrist,0x03,2,691,1.128,+0.269,-0.669,-0.434,+15.8,-48.0,+19.6,-0.301,+0.946,+0.121,29.0
2025-06-01T15:00:11.533,11.533,692,WE,R_Wrist,0x03,2,692,1.128,+0.373,-0.661,-0.437,+9.2,-41.6,+15.5,-0.296,+0.947,+0.121,29.0
2025-06-01T15:00:11.550,11.550,693,WE,R_Wrist,0x03,2,693,1.128,+0.598,-0.641,-0.448,+5.9,-47.3,+16.7,-0.289,+0.949,+0.123,29.0
2025-06-01T15:00:11.566,11.567,694,WE,R_Wrist,0x03,2,694,1.128,+0.832,-0.616,-0.462,-0.5,-34.5,+11.6,-0.284,+0.951,+0.126,29.0
2025-06-01T15:00:11.583,11.583,695,WE,R_Wrist,0x03,2,695,1.128,+1.061,-0.590,-0.475,-2.2,-17.8,+6.1,-0.280,+0.951,+0.129,29.0
2025-06-01T15:00:11.600,11.600,696,WE,R_Wrist,0x03,2,696,1.129,+1.167,-0.577,-0.480,-0.9,-5.7,+2.9,-0.279,+0.951,+0.130,29.0
2025-06-01T15:00:11.616,11.617,697,WE,R_Wrist,0x03,2,697,1.129,+1.353,-0.556,-0.490,+3.1,+5.0,+1.1,-0.278,+0.952,+0.130,29.0
2025-06-01T15:00:11.633,11.633,698,WE,R_Wrist,0x03,2,698,1.129,+1.493,-0.542,-0.497,+9.5,+20.9,-2.6,-0.279,+0.952,+0.127,29.0
2025-06-01T15:00:11.650,11.650,699,WE,R_Wrist,0x03,2,699,1.130,+1.576,-0.540,-0.504,+10.3,+23.8,-4.3,-0.281,+0.952,+0.121,29.0
2025-06-01T15:00:11.666,11.667,700,WE,R_Wrist,0x03,2,700,1.130,+1.592,-0.544,-0.506,+12.1,+32.5,-7.8,-0.283,+0.952,+0.118,29.0
2025-06-01T15:00:11.683,11.683,701,WE,R_Wrist,0x03,2,701,1.130,+1.566,-0.561,-0.512,+15.3,+50.4,-14.4,-0.288,+0.951,+0.109,29.0
2025-06-01T15:00:11.700,11.700,702,WE,R_Wrist,0x03,2,702,1.131,+1.457,-0.589,-0.516,+10.0,+42.6,-13.9,-0.294,+0.950,+0.101,29.0
2025-06-01T15:00:11.716,11.717,703,WE,R_Wrist,0x03,2,703,1.131,+1.372,-0.607,-0.519,+6.9,+48.4,-17.8,-0.298,+0.950,+0.097,29.0
2025-06-01T15:00:11.733,11.733,704,WE,R_Wrist,0x03,2,704,1.131,+1.148,-0.648,-0.524,+6.7,+70.0,-28.0,-0.307,+0.948,+0.088,29.0
2025-06-01T15:00:11.750,11.750,705,WE,R_Wrist,0x03,2,705,1.132,+0.869,-0.697,-0.532,+4.8,+77.2,-33.7,-0.317,+0.945,+0.080,29.0
2025-06-01T15:00:11.766,11.767,706,WE,R_Wrist,0x03,2,706,1.132,+0.561,-0.750,-0.543,+3.9,+62.0,-28.7,-0.329,+0.942,+0.072,29.0
2025-06-01T15:00:11.783,11.783,707,WE,R_Wrist,0x03,2,707,1.132,+0.405,-0.778,-0.550,+5.6,+67.5,-32.9,-0.335,+0.940,+0.067,29.0
2025-06-01T15:00:11.800,11.800,708,WE,R_Wrist,0x03,2,708,1.136,+0.106,-0.834,-0.563,+11.7,+95.2,-47.0,-0.349,+0.935,+0.055,29.0
2025-06-01T15:00:11.816,11.817,709,WE,R_Wrist,0x03,2,709,1.136,-0.156,-0.889,-0.575,+19.0,+100.9,-49.4,-0.364,+0.931,+0.041,29.0
2025-06-01T15:00:11.833,11.833,710,WE,R_Wrist,0x03,2,710,1.136,-0.365,-0.937,-0.584,+19.9,+78.1,-37.3,-0.378,+0.925,+0.023,29.0
2025-06-01T15:00:11.850,11.850,711,WE,R_Wrist,0x03,2,711,1.137,-0.446,-0.959,-0.587,+28.7,+78.8,-35.2,-0.385,+0.923,+0.013,29.0
2025-06-01T15:00:11.866,11.867,712,WE,R_Wrist,0x03,2,712,1.137,-0.560,-0.996,-0.586,+49.5,+103.2,-44.0,-0.398,+0.917,-0.010,29.0
2025-06-01T15:00:11.883,11.883,713,WE,R_Wrist,0x03,2,713,1.137,-0.610,-1.025,-0.579,+45.6,+74.9,-30.6,-0.408,+0.912,-0.037,29.0
2025-06-01T15:00:11.900,11.900,714,WE,R_Wrist,0x03,2,714,1.139,-0.616,-1.037,-0.573,+54.6,+68.2,-26.0,-0.412,+0.910,-0.052,29.0
2025-06-01T15:00:11.916,11.917,715,WE,R_Wrist,0x03,2,715,1.139,-0.595,-1.062,-0.556,+79.0,+82.4,-31.7,-0.420,+0.904,-0.082,29.0
2025-06-01T15:00:11.933,11.933,716,WE,R_Wrist,0x03,2,716,1.139,-0.549,-1.086,-0.537,+82.7,+70.1,-27.9,-0.425,+0.898,-0.113,29.0
2025-06-01T15:00:11.950,11.950,717,WE,R_Wrist,0x03,2,717,1.142,-0.493,-1.107,-0.515,+62.3,+46.1,-19.6,-0.430,+0.892,-0.143,29.0
2025-06-01T15:00:11.966,11.967,718,WE,R_Wrist,0x03,2,718,1.142,-0.466,-1.117,-0.503,+60.7,+38.6,-18.3,-0.432,+0.888,-0.157,29.0
2025-06-01T15:00:11.983,11.983,719,WE,R_Wrist,0x03,2,719,1.142,-0.419,-1.139,-0.479,+78.9,+45.5,-27.3,-0.435,+0.881,-0.184,29.0
2025-06-01T15:00:12.000,12.000,720,WE,R_Wrist,0x03,2,720,1.144,-0.397,-1.168,-0.458,+75.6,+38.6,-34.7,-0.441,+0.873,-0.209,29.0
2025-06-01T15:00:12.016,12.017,721,WE,R_Wrist,0x03,2,721,1.144,-0.407,-1.204,-0.446,+54.7,+26.9,-31.2,-0.448,+0.863,-0.232,29.0
2025-06-01T15:00:12.033,12.033,722,WE,R_Wrist,0x03,2,722,1.144,-0.420,-1.223,-0.443,+51.2,+29.6,-33.7,-0.453,+0.858,-0.244,29.0
2025-06-01T15:00:12.050,12.050,723,WE,R_Wrist,0x03,2,723,1.146,-0.425,-1.256,-0.441,+64.1,+47.7,-40.7,-0.461,+0.847,-0.266,29.0
2025-06-01T15:00:12.066,12.067,724,WE,R_Wrist,0x03,2,724,1.146,-0.347,-1.280,-0.435,+44.2,+41.4,-25.2,-0.466,+0.837,-0.288,29.0
2025-06-01T15:00:12.083,12.083,725,WE,R_Wrist,0x03,2,725,1.146,-0.262,-1.288,-0.427,+36.4,+41.0,-15.9,-0.466,+0.833,-0.298,29.0
2025-06-01T15:00:12.100,12.100,726,WE,R_Wrist,0x03,2,726,1.148,-0.011,-1.291,-0.403,+38.2,+44.6,-12.6,-0.466,+0.826,-0.317,29.0
2025-06-01T15:00:12.116,12.117,727,WE,R_Wrist,0x03,2,727,1.148,+0.308,-1.281,-0.377,+21.3,+25.0,+1.6,-0.464,+0.822,-0.329,29.0
2025-06-01T15:00:12.133,12.133,728,WE,R_Wrist,0x03,2,728,1.148,+0.646,-1.260,-0.361,+4.6,+6.5,+11.4,-0.460,+0.823,-0.334,29.0
2025-06-01T15:00:12.150,12.150,729,WE,R_Wrist,0x03,2,729,1.150,+0.814,-1.246,-0.359,-13.1,-10.1,+28.0,-0.458,+0.825,-0.333,29.0
2025-06-01T15:00:12.166,12.167,730,WE,R_Wrist,0x03,2,730,1.150,+1.143,-1.208,-0.367,-35.6,-30.8,+54.1,-0.449,+0.833,-0.325,29.0
2025-06-01T15:00:12.183,12.183,731,WE,R_Wrist,0x03,2,731,1.150,+1.444,-1.152,-0.384,-39.2,-36.0,+52.1,-0.437,+0.845,-0.308,29.0
2025-06-01T15:00:12.200,12.200,732,WE,R_Wrist,0x03,2,732,1.153,+1.577,-1.116,-0.392,-52.5,-53.3,+65.7,-0.430,+0.853,-0.296,29.0
2025-06-01T15:00:12.216,12.217,733,WE,R_Wrist,0x03,2,733,1.153,+1.787,-1.035,-0.408,-77.4,-85.1,+97.1,-0.413,+0.870,-0.269,29.0
2025-06-01T15:00:12.233,12.233,734,WE,R_Wrist,0x03,2,734,1.153,+1.902,-0.950,-0.422,-84.0,-101.1,+104.6,-0.394,+0.888,-0.237,29.0
2025-06-01T15:00:12.250,12.250,735,WE,R_Wrist,0x03,2,735,1.156,+1.897,-0.874,-0.440,-64.9,-82.4,+78.5,-0.373,+0.906,-0.202,29.0
2025-06-01T15:00:12.266,12.267,736,WE,R_Wrist,0x03,2,736,1.156,+1.843,-0.843,-0.452,-69.9,-88.2,+74.8,-0.363,+0.914,-0.184,29.0
2025-06-01T15:00:12.283,12.283,737,WE,R_Wrist,0x03,2,737,1.156,+1.639,-0.791,-0.481,-96.5,-114.5,+92.8,-0.342,+0.928,-0.147,29.0
2025-06-01T15:00:12.300,12.300,738,WE,R_Wrist,0x03,2,738,1.158,+1.341,-0.751,-0.512,-101.9,-103.3,+86.9,-0.322,+0.940,-0.109,29.0
2025-06-01T15:00:12.316,12.317,739,WE,R_Wrist,0x03,2,739,1.158,+1.020,-0.714,-0.536,-78.6,-67.7,+62.9,-0.301,+0.951,-0.072,29.0
2025-06-01T15:00:12.333,12.333,740,WE,R_Wrist,0x03,2,740,1.158,+0.872,-0.696,-0.540,-81.6,-59.0,+60.4,-0.291,+0.955,-0.053,29.0
2025-06-01T15:00:12.350,12.350,741,WE,R_Wrist,0x03,2,741,1.160,+0.613,-0.662,-0.533,-110.0,-75.6,+72.0,-0.270,+0.963,-0.017,29.0
2025-06-01T15:00:12.366,12.367,742,WE,R_Wrist,0x03,2,742,1.160,+0.386,-0.635,-0.511,-83.6,-57.0,+46.5,-0.251,+0.968,+0.020,29.0
2025-06-01T15:00:12.383,12.383,743,WE,R_Wrist,0x03,2,743,1.160,+0.276,-0.624,-0.500,-86.9,-59.4,+38.7,-0.243,+0.969,+0.039,29.0
2025-06-01T15:00:12.400,12.400,744,WE,R_Wrist,0x03,2,744,1.161,+0.059,-0.610,-0.483,-120.2,-77.8,+45.6,-0.228,+0.971,+0.077,29.0
2025-06-01T15:00:12.416,12.417,745,WE,R_Wrist,0x03,2,745,1.161,-0.129,-0.600,-0.477,-127.0,-75.4,+40.6,-0.214,+0.970,+0.117,29.0
2025-06-01T15:00:12.433,12.433,746,WE,R_Wrist,0x03,2,746,1.161,-0.261,-0.583,-0.472,-98.0,-55.1,+27.6,-0.200,+0.967,+0.159,29.0
2025-06-01T15:00:12.450,12.450,747,WE,R_Wrist,0x03,2,747,1.161,-0.301,-0.570,-0.467,-96.9,-54.9,+25.7,-0.193,+0.965,+0.179,29.0
2025-06-01T15:00:12.466,12.467,748,WE,R_Wrist,0x03,2,748,1.161,-0.334,-0.532,-0.450,-120.5,-72.2,+31.2,-0.180,+0.959,+0.219,29.0
2025-06-01T15:00:12.483,12.483,749,WE,R_Wrist,0x03,2,749,1.161,-0.314,-0.488,-0.424,-80.9,-53.2,+21.6,-0.166,+0.953,+0.254,29.0
2025-06-01T15:00:12.500,12.500,750,WE,R_Wrist,0x03,2,750,1.162,-0.289,-0.467,-0.412,-63.9,-51.5,+20.4,-0.160,+0.950,+0.269,29.0
2025-06-01T15:00:12.516,12.517,751,WE,R_Wrist,0x03,2,751,1.162,-0.224,-0.431,-0.391,-66.7,-64.7,+24.5,-0.147,+0.944,+0.294,29.0
2025-06-01T15:00:12.533,12.533,752,WE,R_Wrist,0x03,2,752,1.162,-0.154,-0.408,-0.380,-43.2,-57.2,+21.1,-0.135,+0.941,+0.311,29.0
2025-06-01T15:00:12.550,12.550,753,WE,R_Wrist,0x03,2,753,1.161,-0.091,-0.398,-0.379,-20.4,-37.2,+13.4,-0.125,+0.938,+0.322,29.0
2025-06-01T15:00:12.566,12.567,754,WE,R_Wrist,0x03,2,754,1.161,-0.065,-0.397,-0.381,-6.6,-27.6,+9.2,-0.121,+0.938,+0.325,29.0
2025-06-01T15:00:12.583,12.583,755,WE,R_Wrist,0x03,2,755,1.161,-0.023,-0.402,-0.389,+2.5,-25.5,+6.7,-0.115,+0.938,+0.328,29.0
2025-06-01T15:00:12.600,12.600,756,WE,R_Wrist,0x03,2,756,1.160,+0.001,-0.417,-0.401,+14.5,-9.4,-1.8,-0.112,+0.939,+0.326,29.0
2025-06-01T15:00:12.616,12.617,757,WE,R_Wrist,0x03,2,757,1.160,+0.010,-0.440,-0.417,+15.8,+2.5,-6.6,-0.114,+0.940,+0.320,29.0
2025-06-01T15:00:12.633,12.633,758,WE,R_Wrist,0x03,2,758,1.160,+0.011,-0.455,-0.427,+18.9,+14.9,-13.9,-0.116,+0.941,+0.317,29.0
2025-06-01T15:00:12.650,12.650,759,WE,R_Wrist,0x03,2,759,1.158,+0.008,-0.487,-0.448,+25.1,+31.5,-26.0,-0.124,+0.943,+0.309,29.0
2025-06-01T15:00:12.666,12.667,760,WE,R_Wrist,0x03,2,760,1.158,+0.002,-0.521,-0.472,+17.6,+31.9,-25.0,-0.136,+0.944,+0.301,29.0
2025-06-01T15:00:12.683,12.683,761,WE,R_Wrist,0x03,2,761,1.158,+0.001,-0.538,-0.485,+13.7,+41.5,-31.3,-0.144,+0.944,+0.297,29.0
2025-06-01T15:00:12.700,12.700,762,WE,R_Wrist,0x03,2,762,1.157,+0.006,-0.567,-0.511,+14.4,+63.4,-47.1,-0.161,+0.944,+0.290,29.0
2025-06-01T15:00:12.716,12.717,763,WE,R_Wrist,0x03,2,763,1.157,+0.028,-0.589,-0.536,+10.0,+71.7,-53.1,-0.180,+0.942,+0.283,29.0
2025-06-01T15:00:12.733,12.733,764,WE,R_Wrist,0x03,2,764,1.157,+0.066,-0.606,-0.560,+6.3,+57.0,-42.6,-0.202,+0.940,+0.276,29.0
2025-06-01T15:00:12.750,12.750,765,WE,R_Wrist,0x03,2,765,1.155,+0.090,-0.612,-0.572,+5.8,+58.9,-45.1,-0.213,+0.938,+0.273,29.0
2025-06-01T15:00:12.766,12.767,766,WE,R_Wrist,0x03,2,766,1.155,+0.141,-0.622,-0.596,+9.6,+78.6,-61.5,-0.235,+0.935,+0.266,29.0
2025-06-01T15:00:12.783,12.783,767,WE,R_Wrist,0x03,2,767,1.155,+0.188,-0.633,-0.621,+8.9,+58.4,-46.7,-0.258,+0.931,+0.257,29.0
2025-06-01T15:00:12.800,12.800,768,WE,R_Wrist,0x03,2,768,1.152,+0.208,-0.639,-0.634,+10.4,+56.4,-46.1,-0.270,+0.929,+0.252,29.0
2025-06-01T15:00:12.816,12.817,769,WE,R_Wrist,0x03,2,769,1.152,+0.242,-0.654,-0.661,+15.9,+72.6,-59.9,-0.291,+0.925,+0.242,29.0
2025-06-01T15:00:12.833,12.833,770,WE,R_Wrist,0x03,2,770,1.152,+0.266,-0.673,-0.686,+18.0,+68.3,-56.7,-0.312,+0.921,+0.232,29.0
2025-06-01T15:00:12.850,12.850,771,WE,R_Wrist,0x03,2,771,1.149,+0.286,-0.693,-0.708,+14.9,+48.5,-40.3,-0.331,+0.918,+0.220,29.0
2025-06-01T15:00:12.866,12.867,772,WE,R_Wrist,0x03,2,772,1.149,+0.295,-0.704,-0.717,+16.3,+44.1,-36.4,-0.340,+0.916,+0.215,29.0
2025-06-01T15:00:12.883,12.883,773,WE,R_Wrist,0x03,2,773,1.149,+0.313,-0.725,-0.733,+23.9,+54.1,-44.4,-0.356,+0.912,+0.203,29.0
2025-06-01T15:00:12.900,12.900,774,WE,R_Wrist,0x03,2,774,1.145,+0.333,-0.747,-0.744,+26.1,+47.4,-38.6,-0.370,+0.909,+0.191,29.0
2025-06-01T15:00:12.916,12.917,775,WE,R_Wrist,0x03,2,775,1.145,+0.353,-0.771,-0.753,+20.5,+31.8,-25.7,-0.382,+0.907,+0.179,29.0
2025-06-01T15:00:12.933,12.933,776,WE,R_Wrist,0x03,2,776,1.145,+0.362,-0.783,-0.756,+20.9,+26.7,-21.2,-0.387,+0.906,+0.173,29.0
2025-06-01T15:00:12.950,12.950,777,WE,R_Wrist,0x03,2,777,1.141,+0.380,-0.809,-0.763,+27.5,+30.9,-24.0,-0.395,+0.904,+0.162,29.0
2025-06-01T15:00:12.966,12.967,778,WE,R_Wrist,0x03,2,778,1.141,+0.395,-0.835,-0.770,+20.1,+19.7,-14.6,-0.402,+0.903,+0.151,29.0
2025-06-01T15:00:12.983,12.983,779,WE,R_Wrist,0x03,2,779,1.141,+0.402,-0.846,-0.773,+18.9,+15.1,-9.8,-0.405,+0.903,+0.147,29.0
2025-06-01T15:00:13.000,13.000,780,WE,R_Wrist,0x03,2,780,1.136,+0.411,-0.866,-0.778,+24.3,+15.6,-8.1,-0.409,+0.902,+0.138,29.0
2025-06-01T15:00:13.016,13.017,781,WE,R_Wrist,0x03,2,781,1.136,+0.415,-0.880,-0.781,+23.5,+9.4,-1.2,-0.410,+0.903,+0.130,29.0
2025-06-01T15:00:13.033,13.033,782,WE,R_Wrist,0x03,2,782,1.136,+0.414,-0.890,-0.781,+17.4,+3.4,+3.0,-0.410,+0.904,+0.123,29.0
2025-06-01T15:00:13.050,13.050,783,WE,R_Wrist,0x03,2,783,1.126,+0.411,-0.894,-0.780,+17.2,-1.3,+8.5,-0.409,+0.905,+0.120,29.0
2025-06-01T15:00:13.066,13.067,784,WE,R_Wrist,0x03,2,784,1.126,+0.402,-0.900,-0.775,+22.8,-6.4,+16.9,-0.405,+0.907,+0.115,29.0
2025-06-01T15:00:13.083,13.083,785,WE,R_Wrist,0x03,2,785,1.126,+0.388,-0.903,-0.767,+22.8,-12.2,+24.1,-0.400,+0.910,+0.110,29.0
2025-06-01T15:00:13.100,13.100,786,WE,R_Wrist,0x03,2,786,1.121,+0.372,-0.902,-0.754,+17.2,-12.3,+22.1,-0.392,+0.914,+0.105,29.0
2025-06-01T15:00:13.116,13.117,787,WE,R_Wrist,0x03,2,787,1.121,+0.364,-0.901,-0.745,+17.2,-15.9,+26.7,-0.387,+0.916,+0.103,29.0
2025-06-01T15:00:13.133,13.133,788,WE,R_Wrist,0x03,2,788,1.121,+0.346,-0.895,-0.725,+22.7,-24.4,+39.7,-0.377,+0.921,+0.100,29.0
2025-06-01T15:00:13.150,13.150,789,WE,R_Wrist,0x03,2,789,1.116,+0.327,-0.886,-0.700,+16.9,-20.5,+32.4,-0.365,+0.926,+0.096,29.0
2025-06-01T15:00:13.166,13.167,790,WE,R_Wrist,0x03,2,790,1.116,+0.316,-0.882,-0.686,+15.8,-22.6,+34.7,-0.358,+0.929,+0.095,29.0
2025-06-01T15:00:13.183,13.183,791,WE,R_Wrist,0x03,2,791,1.116,+0.291,-0.872,-0.656,+19.0,-31.9,+47.5,-0.345,+0.934,+0.093,29.0
2025-06-01T15:00:13.200,13.200,792,WE,R_Wrist,0x03,2,792,1.114,+0.260,-0.864,-0.628,+14.0,-34.2,+47.4,-0.331,+0.939,+0.091,29.0
2025-06-01T15:00:13.216,13.217,793,WE,R_Wrist,0x03,2,793,1.114,+0.219,-0.859,-0.603,+6.2,-27.1,+34.8,-0.317,+0.944,+0.092,29.0
2025-06-01T15:00:13.233,13.233,794,WE,R_Wrist,0x03,2,794,1.114,+0.193,-0.858,-0.593,-2.5,-29.3,+33.2,-0.310,+0.946,+0.093,29.0
2025-06-01T15:00:13.250,13.250,795,WE,R_Wrist,0x03,2,795,1.104,+0.128,-0.856,-0.573,-13.3,-40.9,+42.8,-0.297,+0.950,+0.098,29.0
2025-06-01T15:00:13.266,13.267,796,WE,R_Wrist,0x03,2,796,1.104,+0.050,-0.847,-0.554,-17.6,-31.6,+30.9,-0.284,+0.953,+0.107,29.0
2025-06-01T15:00:13.283,13.283,797,WE,R_Wrist,0x03,2,797,1.104,+0.009,-0.838,-0.546,-27.2,-32.3,+29.2,-0.278,+0.954,+0.113,29.0
2025-06-01T15:00:13.300,13.300,798,WE,R_Wrist,0x03,2,798,1.098,-0.067,-0.811,-0.535,-44.2,-42.7,+35.8,-0.266,+0.956,+0.127,29.0
2025-06-01T15:00:13.316,13.317,799,WE,R_Wrist,0x03,2,799,1.098,-0.130,-0.780,-0.535,-55.2,-41.8,+30.4,-0.255,+0.956,+0.144,29.0
2025-06-01T15:00:13.333,13.333,800,WE,R_Wrist,0x03,2,800,1.098,-0.181,-0.750,-0.547,-67.9,-39.3,+23.9,-0.245,+0.955,+0.164,29.0
2025-06-01T15:00:13.350,13.350,801,WE,R_Wrist,0x03,2,801,1.093,-0.219,-0.716,-0.569,-59.1,-27.0,+13.8,-0.238,+0.953,+0.188,29.0
2025-06-01T15:00:13.366,13.367,802,WE,R_Wrist,0x03,2,802,1.093,-0.232,-0.693,-0.584,-70.5,-22.3,+8.0,-0.235,+0.951,+0.201,29.0
2025-06-01T15:00:13.383,13.383,803,WE,R_Wrist,0x03,2,803,1.093,-0.236,-0.630,-0.623,-103.3,-24.1,+2.7,-0.231,+0.946,+0.230,29.0
2025-06-01T15:00:13.400,13.400,804,WE,R_Wrist,0x03,2,804,1.088,-0.210,-0.546,-0.671,-83.1,-13.8,-4.7,-0.230,+0.938,+0.261,29.0
2025-06-01T15:00:13.416,13.417,805,WE,R_Wrist,0x03,2,805,1.088,-0.187,-0.499,-0.697,-87.8,-6.2,-15.5,-0.231,+0.933,+0.277,29.0
2025-06-01T15:00:13.433,13.433,806,WE,R_Wrist,0x03,2,806,1.088,-0.124,-0.398,-0.752,-120.7,+3.0,-33.6,-0.237,+0.921,+0.309,29.0
2025-06-01T15:00:13.450,13.450,807,WE,R_Wrist,0x03,2,807,1.079,-0.034,-0.292,-0.809,-125.2,+23.0,-52.7,-0.250,+0.906,+0.341,29.0
2025-06-01T15:00:13.466,13.467,808,WE,R_Wrist,0x03,2,808,1.079,+0.091,-0.178,-0.863,-95.5,+30.3,-51.2,-0.270,+0.888,+0.372,29.0
2025-06-01T15:00:13.483,13.483,809,WE,R_Wrist,0x03,2,809,1.079,+0.168,-0.117,-0.884,-94.3,+52.1,-69.7,-0.283,+0.878,+0.386,29.0
2025-06-01T15:00:13.500,13.500,810,WE,R_Wrist,0x03,2,810,1.075,+0.352,+0.012,-0.902,-115.8,+90.5,-110.8,-0.316,+0.855,+0.411,29.0
2025-06-01T15:00:13.516,13.517,811,WE,R_Wrist,0x03,2,811,1.075,+0.570,+0.149,-0.879,-74.7,+83.9,-96.3,-0.359,+0.830,+0.427,29.0
2025-06-01T15:00:13.533,13.533,812,WE,R_Wrist,0x03,2,812,1.075,+0.691,+0.218,-0.852,-53.6,+107.6,-116.1,-0.384,+0.817,+0.430,29.0
2025-06-01T15:00:13.550,13.550,813,WE,R_Wrist,0x03,2,813,1.072,+0.956,+0.348,-0.776,-42.3,+163.4,-172.5,-0.441,+0.790,+0.426,29.0
2025-06-01T15:00:13.566,13.567,814,WE,R_Wrist,0x03,2,814,1.072,+1.242,+0.455,-0.677,-7.9,+137.2,-143.0,-0.504,+0.762,+0.407,29.0
2025-06-01T15:00:13.583,13.583,815,WE,R_Wrist,0x03,2,815,1.072,+1.387,+0.494,-0.620,+16.1,+152.6,-158.4,-0.538,+0.747,+0.391,29.0
2025-06-01T15:00:13.600,13.600,816,WE,R_Wrist,0x03,2,816,1.068,+1.660,+0.541,-0.496,+50.1,+213.8,-222.3,-0.606,+0.714,+0.349,29.0
2025-06-01T15:00:13.616,13.617,817,WE,R_Wrist,0x03,2,817,1.068,+1.891,+0.545,-0.365,+81.4,+221.4,-231.1,-0.673,+0.678,+0.295,29.0
2025-06-01T15:00:13.633,13.633,818,WE,R_Wrist,0x03,2,818,1.068,+2.060,+0.513,-0.242,+79.5,+168.0,-176.1,-0.735,+0.637,+0.230,29.0
2025-06-01T15:00:13.650,13.650,819,WE,R_Wrist,0x03,2,819,1.068,+2.118,+0.484,-0.187,+90.8,+158.9,-169.5,-0.763,+0.615,+0.196,29.0
2025-06-01T15:00:13.666,13.667,820,WE,R_Wrist,0x03,2,820,1.068,+2.170,+0.396,-0.099,+135.2,+202.2,-218.3,-0.812,+0.570,+0.125,29.0
2025-06-01T15:00:13.683,13.683,821,WE,R_Wrist,0x03,2,821,1.068,+2.135,+0.264,-0.045,+139.0,+184.4,-200.2,-0.851,+0.522,+0.056,29.0
2025-06-01T15:00:13.700,13.700,822,WE,R_Wrist,0x03,2,822,1.067,+2.017,+0.092,-0.032,+101.4,+129.2,-138.3,-0.880,+0.475,-0.008,29.0
2025-06-01T15:00:13.716,13.717,823,WE,R_Wrist,0x03,2,823,1.067,+1.933,-0.004,-0.042,+82.8,+114.6,-115.9,-0.891,+0.453,-0.037,29.0
2025-06-01T15:00:13.733,13.733,824,WE,R_Wrist,0x03,2,824,1.067,+1.734,-0.206,-0.091,+92.3,+143.6,-135.0,-0.907,+0.412,-0.090,29.0
2025-06-01T15:00:13.750,13.750,825,WE,R_Wrist,0x03,2,825,1.067,+1.513,-0.407,-0.165,+55.4,+100.6,-86.3,-0.916,+0.378,-0.135,29.0
2025-06-01T15:00:13.766,13.767,826,WE,R_Wrist,0x03,2,826,1.067,+1.402,-0.503,-0.204,+39.6,+91.9,-66.3,-0.919,+0.363,-0.155,29.0
2025-06-01T15:00:13.783,13.783,827,WE,R_Wrist,0x03,2,827,1.067,+1.186,-0.684,-0.284,+44.8,+117.1,-72.3,-0.921,+0.338,-0.193,29.0
2025-06-01T15:00:13.800,13.800,828,WE,R_Wrist,0x03,2,828,1.068,+0.997,-0.850,-0.361,+36.2,+111.1,-53.7,-0.920,+0.319,-0.227,29.0
2025-06-01T15:00:13.816,13.817,829,WE,R_Wrist,0x03,2,829,1.068,+0.847,-0.997,-0.434,+23.2,+80.7,-32.0,-0.917,+0.305,-0.259,29.0
2025-06-01T15:00:13.833,13.833,830,WE,R_Wrist,0x03,2,830,1.068,+0.789,-1.062,-0.467,+17.2,+77.0,-23.2,-0.914,+0.299,-0.274,29.0
2025-06-01T15:00:13.850,13.850,831,WE,R_Wrist,0x03,2,831,1.072,+0.707,-1.170,-0.521,+18.8,+98.5,-24.6,-0.908,+0.290,-0.303,29.0
2025-06-01T15:00:13.866,13.867,832,WE,R_Wrist,0x03,2,832,1.072,+0.666,-1.247,-0.558,+14.9,+91.3,-17.5,-0.901,+0.283,-0.329,29.0
2025-06-01T15:00:13.883,13.883,833,WE,R_Wrist,0x03,2,833,1.072,+0.654,-1.297,-0.578,+10.1,+63.5,-9.9,-0.893,+0.278,-0.353,29.0
2025-06-01T15:00:13.900,13.900,834,WE,R_Wrist,0x03,2,834,1.075,+0.657,-1.312,-0.582,+9.7,+55.4,-6.0,-0.890,+0.276,-0.364,29.0
2025-06-01T15:00:13.916,13.917,835,WE,R_Wrist,0x03,2,835,1.075,+0.673,-1.328,-0.581,+13.1,+64.8,-4.2,-0.883,+0.273,-0.383,29.0
2025-06-01T15:00:13.933,13.933,836,WE,R_Wrist,0x03,2,836,1.075,+0.699,-1.327,-0.567,+12.3,+52.1,+1.5,-0.876,+0.271,-0.399,29.0
2025-06-01T15:00:13.950,13.950,837,WE,R_Wrist,0x03,2,837,1.079,+0.732,-1.314,-0.544,+7.9,+31.7,+4.4,-0.870,+0.271,-0.412,29.0
2025-06-01T15:00:13.966,13.967,838,WE,R_Wrist,0x03,2,838,1.079,+0.749,-1.304,-0.531,+4.7,+21.6,+8.3,-0.868,+0.271,-0.416,29.0
2025-06-01T15:00:13.983,13.983,839,WE,R_Wrist,0x03,2,839,1.079,+0.778,-1.281,-0.506,+3.2,+19.1,+14.0,-0.864,+0.274,-0.423,29.0
2025-06-01T15:00:14.000,14.000,840,WE,R_Wrist,0x03,2,840,1.083,+0.796,-1.259,-0.487,+0.2,+7.5,+17.0,-0.861,+0.277,-0.427,29.0
2025-06-01T15:00:14.016,14.017,841,WE,R_Wrist,0x03,2,841,1.083,+0.797,-1.249,-0.474,-1.2,+0.3,+14.0,-0.859,+0.282,-0.427,29.0
2025-06-01T15:00:14.033,14.033,842,WE,R_Wrist,0x03,2,842,1.083,+0.791,-1.247,-0.469,-3.7,-4.7,+15.7,-0.859,+0.285,-0.427,29.0
2025-06-01T15:00:14.050,14.050,843,WE,R_Wrist,0x03,2,843,1.088,+0.771,-1.245,-0.459,-7.5,-10.7,+24.3,-0.858,+0.291,-0.424,29.0
2025-06-01T15:00:14.066,14.067,844,WE,R_Wrist,0x03,2,844,1.088,+0.756,-1.226,-0.440,-7.0,-11.9,+22.3,-0.857,+0.299,-0.420,29.0
2025-06-01T15:00:14.083,14.083,845,WE,R_Wrist,0x03,2,845,1.088,+0.757,-1.206,-0.424,-7.8,-19.9,+33.2,-0.857,+0.304,-0.417,29.0
2025-06-01T15:00:14.100,14.100,846,WE,R_Wrist,0x03,2,846,1.099,+0.794,-1.141,-0.375,-12.6,-38.7,+61.0,-0.856,+0.317,-0.409,29.0
2025-06-01T15:00:14.116,14.117,847,WE,R_Wrist,0x03,2,847,1.099,+0.887,-1.038,-0.299,-12.2,-40.0,+60.2,-0.854,+0.337,-0.395,29.0
2025-06-01T15:00:14.133,14.133,848,WE,R_Wrist,0x03,2,848,1.099,+0.956,-0.971,-0.252,-19.9,-59.2,+83.1,-0.853,+0.350,-0.386,29.0
2025-06-01T15:00:14.150,14.150,849,WE,R_Wrist,0x03,2,849,1.106,+1.133,-0.810,-0.150,-34.3,-101.2,+136.3,-0.850,+0.382,-0.362,29.0
2025-06-01T15:00:14.166,14.167,850,WE,R_Wrist,0x03,2,850,1.106,+1.349,-0.628,-0.052,-46.6,-133.8,+172.3,-0.844,+0.424,-0.329,29.0
2025-06-01T15:00:14.183,14.183,851,WE,R_Wrist,0x03,2,851,1.106,+1.586,-0.447,+0.028,-41.4,-119.4,+148.9,-0.832,+0.475,-0.285,29.0
2025-06-01T15:00:14.200,14.200,852,WE,R_Wrist,0x03,2,852,1.112,+1.706,-0.362,+0.058,-61.8,-149.4,+173.8,-0.824,+0.504,-0.259,29.0
2025-06-01T15:00:14.216,14.217,853,WE,R_Wrist,0x03,2,853,1.112,+1.923,-0.209,+0.093,-100.8,-226.7,+248.7,-0.801,+0.566,-0.197,29.0
2025-06-01T15:00:14.233,14.233,854,WE,R_Wrist,0x03,2,854,1.112,+2.075,-0.085,+0.091,-89.0,-188.4,+195.3,-0.767,+0.630,-0.121,29.0
2025-06-01T15:00:14.250,14.250,855,WE,R_Wrist,0x03,2,855,1.118,+2.114,-0.035,+0.074,-121.4,-214.2,+207.0,-0.745,+0.662,-0.078,29.0
2025-06-01T15:00:14.266,14.267,856,WE,R_Wrist,0x03,2,856,1.118,+2.103,+0.041,+0.008,-179.8,-296.5,+273.3,-0.693,+0.721,+0.016,29.0
2025-06-01T15:00:14.283,14.283,857,WE,R_Wrist,0x03,2,857,1.118,+1.967,+0.085,-0.098,-207.7,-305.3,+264.9,-0.628,+0.769,+0.117,29.0
2025-06-01T15:00:14.300,14.300,858,WE,R_Wrist,0x03,2,858,1.131,+1.717,+0.106,-0.230,-227.3,-301.9,+245.6,-0.554,+0.803,+0.220,29.0
2025-06-01T15:00:14.316,14.317,859,WE,R_Wrist,0x03,2,859,1.131,+1.374,+0.118,-0.365,-172.2,-216.9,+166.2,-0.475,+0.820,+0.321,29.0
2025-06-01T15:00:14.333,14.333,860,WE,R_Wrist,0x03,2,860,1.131,+1.180,+0.124,-0.427,-171.1,-206.2,+152.2,-0.435,+0.822,+0.368,29.0
2025-06-01T15:00:14.350,14.350,861,WE,R_Wrist,0x03,2,861,1.138,+0.780,+0.139,-0.527,-201.0,-249.5,+177.2,-0.357,+0.818,+0.451,29.0
2025-06-01T15:00:14.366,14.367,862,WE,R_Wrist,0x03,2,862,1.138,+0.407,+0.158,-0.583,-126.5,-168.3,+116.2,-0.285,+0.807,+0.517,29.0
2025-06-01T15:00:14.383,14.383,863,WE,R_Wrist,0x03,2,863,1.138,+0.245,+0.169,-0.592,-88.1,-144.8,+100.5,-0.252,+0.802,+0.542,29.0
2025-06-01T15:00:14.400,14.400,864,WE,R_Wrist,0x03,2,864,1.144,-0.016,+0.193,-0.579,-63.7,-165.8,+114.1,-0.193,+0.793,+0.577,29.0
2025-06-01T15:00:14.416,14.417,865,WE,R_Wrist,0x03,2,865,1.144,-0.187,+0.206,-0.538,+9.7,-133.1,+93.1,-0.143,+0.794,+0.591,29.0
2025-06-01T15:00:14.433,14.433,866,WE,R_Wrist,0x03,2,866,1.144,-0.268,+0.189,-0.487,+48.1,-83.2,+59.9,-0.104,+0.805,+0.584,29.0
2025-06-01T15:00:14.450,14.450,867,WE,R_Wrist,0x03,2,867,1.150,-0.279,+0.167,-0.462,+90.7,-63.2,+46.3,-0.087,+0.814,+0.574,29.0
2025-06-01T15:00:14.466,14.467,868,WE,R_Wrist,0x03,2,868,1.150,-0.255,+0.097,-0.416,+148.0,-69.6,+50.1,-0.060,+0.837,+0.544,29.0
2025-06-01T15:00:14.483,14.483,869,WE,R_Wrist,0x03,2,869,1.150,-0.196,+0.001,-0.376,+164.8,-52.2,+34.2,-0.041,+0.862,+0.505,29.0
2025-06-01T15:00:14.500,14.500,870,WE,R_Wrist,0x03,2,870,1.162,-0.133,-0.105,-0.345,+123.0,-30.5,+17.8,-0.028,+0.886,+0.463,29.0
2025-06-01T15:00:14.516,14.517,871,WE,R_Wrist,0x03,2,871,1.162,-0.107,-0.159,-0.336,+107.9,-18.6,+8.2,-0.023,+0.896,+0.442,29.0
2025-06-01T15:00:14.533,14.533,872,WE,R_Wrist,0x03,2,872,1.162,-0.068,-0.257,-0.330,+118.6,-13.6,+2.3,-0.019,+0.913,+0.407,29.0
2025-06-01T15:00:14.550,14.550,873,WE,R_Wrist,0x03,2,873,1.167,-0.047,-0.337,-0.342,+79.6,+0.9,-10.5,-0.019,+0.925,+0.380,29.0
2025-06-01T15:00:14.566,14.567,874,WE,R_Wrist,0x03,2,874,1.167,-0.044,-0.396,-0.366,+36.8,+8.6,-15.6,-0.025,+0.931,+0.364,29.0
2025-06-01T15:00:14.583,14.583,875,WE,R_Wrist,0x03,2,875,1.167,-0.049,-0.418,-0.381,+8.7,+19.4,-25.8,-0.029,+0.933,+0.360,29.0
2025-06-01T15:00:14.600,14.600,876,WE,R_Wrist,0x03,2,876,1.172,-0.070,-0.448,-0.414,-10.3,+37.4,-43.8,-0.043,+0.932,+0.359,29.0
2025-06-01T15:00:14.616,14.617,877,WE,R_Wrist,0x03,2,877,1.172,-0.092,-0.462,-0.448,-20.4,+36.8,-39.1,-0.061,+0.929,+0.364,29.0
2025-06-01T15:00:14.633,14.633,878,WE,R_Wrist,0x03,2,878,1.172,-0.098,-0.463,-0.463,-27.6,+48.2,-46.6,-0.072,+0.927,+0.368,29.0
2025-06-01T15:00:14.650,14.650,879,WE,R_Wrist,0x03,2,879,1.180,-0.092,-0.457,-0.489,-33.1,+73.7,-68.0,-0.096,+0.921,+0.377,29.0
2025-06-01T15:00:14.666,14.667,880,WE,R_Wrist,0x03,2,880,1.180,-0.060,-0.450,-0.508,-20.6,+83.9,-74.8,-0.124,+0.916,+0.382,29.0
2025-06-01T15:00:14.683,14.683,881,WE,R_Wrist,0x03,2,881,1.180,-0.006,-0.451,-0.525,-5.3,+67.3,-59.3,-0.155,+0.911,+0.382,29.0
2025-06-01T15:00:14.700,14.700,882,WE,R_Wrist,0x03,2,882,1.184,+0.027,-0.456,-0.533,+7.1,+71.0,-62.3,-0.171,+0.909,+0.379,29.0
2025-06-01T15:00:14.716,14.717,883,WE,R_Wrist,0x03,2,883,1.184,+0.099,-0.477,-0.554,+20.4,+96.6,-84.9,-0.203,+0.906,+0.370,29.0
2025-06-01T15:00:14.733,14.733,884,WE,R_Wrist,0x03,2,884,1.184,+0.173,-0.509,-0.578,+22.1,+73.6,-64.8,-0.236,+0.904,+0.357,29.0
2025-06-01T15:00:14.750,14.750,885,WE,R_Wrist,0x03,2,885,1.187,+0.210,-0.528,-0.591,+26.4,+73.7,-64.6,-0.253,+0.902,+0.349,29.0
2025-06-01T15:00:14.766,14.767,886,WE,R_Wrist,0x03,2,886,1.187,+0.280,-0.567,-0.617,+39.0,+98.4,-85.8,-0.285,+0.899,+0.332,29.0
2025-06-01T15:00:14.783,14.783,887,WE,R_Wrist,0x03,2,887,1.187,+0.343,-0.608,-0.643,+42.0,+98.4,-84.5,-0.317,+0.896,+0.312,29.0
2025-06-01T15:00:14.800,14.800,888,WE,R_Wrist,0x03,2,888,1.192,+0.399,-0.647,-0.664,+33.5,+74.1,-62.6,-0.347,+0.891,+0.292,29.0
2025-06-01T15:00:14.816,14.817,889,WE,R_Wrist,0x03,2,889,1.192,+0.426,-0.666,-0.674,+35.0,+73.8,-60.8,-0.362,+0.889,+0.281,29.0
2025-06-01T15:00:14.833,14.833,890,WE,R_Wrist,0x03,2,890,1.192,+0.474,-0.700,-0.689,+50.5,+98.7,-80.1,-0.390,+0.884,+0.257,29.0
2025-06-01T15:00:14.850,14.850,891,WE,R_Wrist,0x03,2,891,1.193,+0.519,-0.732,-0.700,+55.5,+98.2,-78.4,-0.418,+0.878,+0.232,29.0
2025-06-01T15:00:14.866,14.867,892,WE,R_Wrist,0x03,2,892,1.193,+0.560,-0.763,-0.708,+44.8,+73.3,-58.2,-0.444,+0.872,+0.205,29.0
2025-06-01T15:00:14.883,14.883,893,WE,R_Wrist,0x03,2,893,1.193,+0.578,-0.779,-0.711,+46.8,+71.2,-56.1,-0.456,+0.869,+0.191,29.0
2025-06-01T15:00:14.900,14.900,894,WE,R_Wrist,0x03,2,894,1.194,+0.608,-0.813,-0.717,+63.6,+92.7,-73.1,-0.480,+0.862,+0.162,29.0
2025-06-01T15:00:14.916,14.917,895,WE,R_Wrist,0x03,2,895,1.194,+0.633,-0.848,-0.723,+47.5,+67.4,-53.0,-0.502,+0.855,+0.133,29.0
2025-06-01T15:00:14.933,14.933,896,WE,R_Wrist,0x03,2,896,1.194,+0.642,-0.864,-0.726,+43.6,+62.4,-48.5,-0.512,+0.851,+0.119,29.0
2025-06-01T15:00:14.950,14.950,897,WE,R_Wrist,0x03,2,897,1.194,+0.658,-0.895,-0.732,+53.2,+77.7,-60.0,-0.530,+0.843,+0.093,29.0
2025-06-01T15:00:14.966,14.967,898,WE,R_Wrist,0x03,2,898,1.194,+0.669,-0.921,-0.737,+44.5,+68.6,-52.1,-0.545,+0.835,+0.069,29.0
2025-06-01T15:00:14.983,14.983,899,WE,R_Wrist,0x03,2,899,1.194,+0.675,-0.941,-0.743,+28.1,+45.9,-34.2,-0.558,+0.828,+0.050,29.0
2025-06-01T15:00:15.000,15.000,900,WE,R_Wrist,0x03,2,900,1.194,+0.677,-0.949,-0.745,+20.6,+37.5,-26.4,-0.563,+0.825,+0.041,29.0
2025-06-01T15:00:15.016,15.017,901,WE,R_Wrist,0x03,2,901,1.194,+0.676,-0.959,-0.751,+21.0,+41.5,-27.0,-0.572,+0.820,+0.027,29.0
2025-06-01T15:00:15.033,15.033,902,WE,R_Wrist,0x03,2,902,1.194,+0.672,-0.964,-0.755,+11.2,+24.6,-13.7,-0.577,+0.817,+0.017,29.0
2025-06-01T15:00:15.050,15.050,903,WE,R_Wrist,0x03,2,903,1.194,+0.668,-0.965,-0.757,+6.4,+15.9,-4.3,-0.578,+0.816,+0.014,29.0
2025-06-01T15:00:15.066,15.067,904,WE,R_Wrist,0x03,2,904,1.194,+0.659,-0.962,-0.760,+5.2,+12.5,+3.7,-0.579,+0.815,+0.009,29.0
2025-06-01T15:00:15.083,15.083,905,WE,R_Wrist,0x03,2,905,1.194,+0.649,-0.955,-0.760,+2.0,+0.9,+16.0,-0.577,+0.817,+0.007,29.0
2025-06-01T15:00:15.100,15.100,906,WE,R_Wrist,0x03,2,906,1.193,+0.639,-0.945,-0.757,+0.3,-6.0,+18.7,-0.571,+0.821,+0.008,29.0
2025-06-01T15:00:15.116,15.117,907,WE,R_Wrist,0x03,2,907,1.193,+0.633,-0.939,-0.754,-0.9,-14.8,+27.1,-0.568,+0.823,+0.009,29.0
2025-06-01T15:00:15.133,15.133,908,WE,R_Wrist,0x03,2,908,1.193,+0.619,-0.927,-0.746,-2.4,-28.5,+43.8,-0.558,+0.830,+0.013,29.0
2025-06-01T15:00:15.150,15.150,909,WE,R_Wrist,0x03,2,909,1.192,+0.601,-0.916,-0.736,-4.6,-39.7,+53.6,-0.546,+0.837,+0.019,29.0
2025-06-01T15:00:15.166,15.167,910,WE,R_Wrist,0x03,2,910,1.192,+0.575,-0.905,-0.723,-4.9,-35.8,+45.5,-0.532,+0.847,+0.028,29.0
2025-06-01T15:00:15.183,15.183,911,WE,R_Wrist,0x03,2,911,1.192,+0.559,-0.899,-0.716,-7.8,-43.2,+52.2,-0.523,+0.851,+0.033,29.0
2025-06-01T15:00:15.200,15.200,912,WE,R_Wrist,0x03,2,912,1.187,+0.523,-0.885,-0.700,-12.3,-64.2,+75.6,-0.505,+0.862,+0.045,29.0
2025-06-01T15:00:15.216,15.217,913,WE,R_Wrist,0x03,2,913,1.187,+0.480,-0.866,-0.682,-14.2,-71.9,+82.4,-0.484,+0.873,+0.058,29.0
2025-06-01T15:00:15.233,15.233,914,WE,R_Wrist,0x03,2,914,1.187,+0.427,-0.846,-0.663,-10.8,-57.6,+64.6,-0.460,+0.885,+0.072,29.0
2025-06-01T15:00:15.250,15.250,915,WE,R_Wrist,0x03,2,915,1.185,+0.397,-0.835,-0.652,-11.5,-61.5,+66.9,-0.448,+0.890,+0.079,29.0
2025-06-01T15:00:15.266,15.267,916,WE,R_Wrist,0x03,2,916,1.185,+0.327,-0.814,-0.632,-14.6,-84.7,+89.6,-0.423,+0.901,+0.093,29.0
2025-06-01T15:00:15.283,15.283,917,WE,R_Wrist,0x03,2,917,1.185,+0.243,-0.795,-0.613,-14.7,-87.2,+88.7,-0.397,+0.912,+0.108,29.0
2025-06-01T15:00:15.300,15.300,918,WE,R_Wrist,0x03,2,918,1.181,+0.146,-0.777,-0.595,-11.1,-66.1,+65.1,-0.370,+0.921,+0.121,29.0
2025-06-01T15:00:15.316,15.317,919,WE,R_Wrist,0x03,2,919,1.181,+0.093,-0.769,-0.585,-13.4,-65.9,+62.5,-0.357,+0.925,+0.128,29.0
2025-06-01T15:00:15.333,15.333,920,WE,R_Wrist,0x03,2,920,1.181,-0.018,-0.754,-0.567,-19.4,-86.4,+80.0,-0.332,+0.933,+0.142,29.0
2025-06-01T15:00:15.350,15.350,921,WE,R_Wrist,0x03,2,921,1.178,-0.126,-0.738,-0.546,-15.8,-63.4,+57.5,-0.307,+0.939,+0.156,29.0
2025-06-01T15:00:15.366,15.367,922,WE,R_Wrist,0x03,2,922,1.178,-0.175,-0.729,-0.534,-17.7,-62.1,+54.9,-0.295,+0.942,+0.162,29.0
2025-06-01T15:00:15.383,15.383,923,WE,R_Wrist,0x03,2,923,1.178,-0.252,-0.705,-0.507,-22.2,-82.3,+70.5,-0.271,+0.947,+0.175,29.0
2025-06-01T15:00:15.400,15.400,924,WE,R_Wrist,0x03,2,924,1.174,-0.294,-0.672,-0.475,-18.4,-82.9,+67.4,-0.247,+0.951,+0.188,29.0
2025-06-01T15:00:15.416,15.417,925,WE,R_Wrist,0x03,2,925,1.174,-0.301,-0.633,-0.439,-10.0,-62.8,+48.9,-0.224,+0.954,+0.198,29.0
2025-06-01T15:00:15.433,15.433,926,WE,R_Wrist,0x03,2,926,1.174,-0.292,-0.611,-0.420,-4.0,-62.7,+47.3,-0.213,+0.956,+0.202,29.0
2025-06-01T15:00:15.450,15.450,927,WE,R_Wrist,0x03,2,927,1.166,-0.242,-0.567,-0.385,+3.2,-80.4,+61.3,-0.191,+0.960,+0.207,29.0
2025-06-01T15:00:15.466,15.467,928,WE,R_Wrist,0x03,2,928,1.166,-0.145,-0.523,-0.362,+9.2,-56.3,+44.6,-0.169,+0.963,+0.209,29.0
2025-06-01T15:00:15.483,15.483,929,WE,R_Wrist,0x03,2,929,1.166,-0.076,-0.502,-0.358,+17.8,-46.7,+40.8,-0.159,+0.965,+0.208,29.0
2025-06-01T15:00:15.500,15.500,930,WE,R_Wrist,0x03,2,930,1.162,+0.106,-0.470,-0.367,+31.5,-48.8,+47.9,-0.140,+0.969,+0.203,29.0
2025-06-01T15:00:15.516,15.517,931,WE,R_Wrist,0x03,2,931,1.162,+0.340,-0.455,-0.399,+38.2,-26.9,+35.8,-0.126,+0.973,+0.194,29.0
2025-06-01T15:00:15.533,15.533,932,WE,R_Wrist,0x03,2,932,1.162,+0.610,-0.458,-0.449,+30.2,-6.0,+18.4,-0.117,+0.976,+0.183,29.0
2025-06-01T15:00:15.550,15.550,933,WE,R_Wrist,0x03,2,933,1.158,+0.752,-0.466,-0.479,+28.5,+14.6,+5.2,-0.115,+0.977,+0.178,29.0
2025-06-01T15:00:15.566,15.567,934,WE,R_Wrist,0x03,2,934,1.158,+1.032,-0.486,-0.541,+33.3,+39.3,-7.6,-0.116,+0.979,+0.166,29.0
2025-06-01T15:00:15.583,15.583,935,WE,R_Wrist,0x03,2,935,1.158,+1.288,-0.510,-0.605,+20.6,+43.6,-17.1,-0.123,+0.980,+0.156,29.0
2025-06-01T15:00:15.600,15.600,936,WE,R_Wrist,0x03,2,936,1.154,+1.397,-0.522,-0.636,+13.0,+59.0,-31.7,-0.129,+0.980,+0.151,29.0
2025-06-01T15:00:15.616,15.617,937,WE,R_Wrist,0x03,2,937,1.154,+1.563,-0.545,-0.692,+9.6,+90.0,-55.5,-0.146,+0.979,+0.144,29.0
2025-06-01T15:00:15.633,15.633,938,WE,R_Wrist,0x03,2,938,1.154,+1.645,-0.565,-0.736,+1.8,+73.8,-50.5,-0.169,+0.976,+0.138,29.0
2025-06-01T15:00:15.650,15.650,939,WE,R_Wrist,0x03,2,939,1.146,+1.652,-0.574,-0.753,-6.1,+77.0,-60.0,-0.181,+0.974,+0.136,29.0
2025-06-01T15:00:15.666,15.667,940,WE,R_Wrist,0x03,2,940,1.146,+1.595,-0.588,-0.773,-13.1,+101.4,-87.1,-0.209,+0.969,+0.133,29.0
2025-06-01T15:00:15.683,15.683,941,WE,R_Wrist,0x03,2,941,1.146,+1.445,-0.599,-0.775,-18.0,+97.2,-94.0,-0.238,+0.962,+0.131,29.0
2025-06-01T15:00:15.700,15.700,942,WE,R_Wrist,0x03,2,942,1.143,+1.212,-0.610,-0.763,-13.9,+70.1,-72.9,-0.269,+0.955,+0.129,29.0
2025-06-01T15:00:15.716,15.717,943,WE,R_Wrist,0x03,2,943,1.143,+1.072,-0.615,-0.754,-12.1,+68.3,-74.6,-0.284,+0.950,+0.128,29.0
2025-06-01T15:00:15.733,15.733,944,WE,R_Wrist,0x03,2,944,1.143,+0.769,-0.629,-0.734,-8.3,+92.1,-100.7,-0.315,+0.941,+0.124,29.0
2025-06-01T15:00:15.750,15.750,945,WE,R_Wrist,0x03,2,945,1.139,+0.466,-0.654,-0.717,+1.2,+71.3,-77.0,-0.346,+0.931,+0.116,29.0
2025-06-01T15:00:15.766,15.767,946,WE,R_Wrist,0x03,2,946,1.139,+0.326,-0.673,-0.710,+11.3,+77.0,-80.2,-0.362,+0.926,+0.110,29.0
2025-06-01T15:00:15.783,15.783,947,WE,R_Wrist,0x03,2,947,1.139,+0.084,-0.728,-0.701,+26.7,+110.6,-111.3,-0.394,+0.915,+0.093,29.0
2025-06-01T15:00:15.800,15.800,948,WE,R_Wrist,0x03,2,948,1.136,-0.098,-0.801,-0.693,+39.8,+122.1,-117.0,-0.427,+0.902,+0.070,29.0
2025-06-01T15:00:15.816,15.817,949,WE,R_Wrist,0x03,2,949,1.136,-0.212,-0.883,-0.683,+37.0,+98.3,-91.1,-0.460,+0.887,+0.042,29.0
2025-06-01T15:00:15.833,15.833,950,WE,R_Wrist,0x03,2,950,1.136,-0.244,-0.924,-0.677,+41.8,+103.9,-93.9,-0.476,+0.879,+0.026,29.0
2025-06-01T15:00:15.850,15.850,951,WE,R_Wrist,0x03,2,951,1.129,-0.262,-0.997,-0.664,+62.3,+142.0,-129.2,-0.509,+0.861,-0.010,29.0
2025-06-01T15:00:15.866,15.867,952,WE,R_Wrist,0x03,2,952,1.129,-0.232,-1.060,-0.649,+68.5,+142.4,-133.2,-0.540,+0.840,-0.048,29.0
2025-06-01T15:00:15.883,15.883,953,WE,R_Wrist,0x03,2,953,1.129,-0.173,-1.116,-0.633,+55.1,+105.6,-102.2,-0.570,+0.817,-0.088,29.0
2025-06-01T15:00:15.900,15.900,954,WE,R_Wrist,0x03,2,954,1.126,-0.137,-1.143,-0.625,+54.2,+99.1,-102.0,-0.584,+0.804,-0.108,29.0
2025-06-01T15:00:15.916,15.917,955,WE,R_Wrist,0x03,2,955,1.126,-0.057,-1.196,-0.608,+71.6,+124.7,-136.6,-0.611,+0.778,-0.148,29.0
2025-06-01T15:00:15.933,15.933,956,WE,R_Wrist,0x03,2,956,1.126,+0.026,-1.249,-0.592,+65.8,+111.8,-135.5,-0.635,+0.750,-0.185,29.0
2025-06-01T15:00:15.950,15.950,957,WE,R_Wrist,0x03,2,957,1.124,+0.105,-1.297,-0.580,+45.6,+76.3,-101.3,-0.658,+0.721,-0.218,29.0
2025-06-01T15:00:15.966,15.967,958,WE,R_Wrist,0x03,2,958,1.124,+0.141,-1.320,-0.576,+37.9,+65.0,-100.6,-0.669,+0.706,-0.232,29.0
2025-06-01T15:00:15.983,15.983,959,WE,R_Wrist,0x03,2,959,1.124,+0.205,-1.360,-0.569,+45.7,+77.8,-135.2,-0.690,+0.676,-0.259,29.0
2025-06-01T15:00:16.000,16.000,960,WE,R_Wrist,0x03,2,960,1.121,+0.260,-1.394,-0.563,+30.7,+52.0,-102.2,-0.710,+0.645,-0.282,29.0
2025-06-01T15:00:16.016,16.017,961,WE,R_Wrist,0x03,2,961,1.121,+0.286,-1.409,-0.560,+24.3,+43.3,-102.0,-0.720,+0.629,-0.292,29.0
2025-06-01T15:00:16.033,16.033,962,WE,R_Wrist,0x03,2,962,1.121,+0.342,-1.434,-0.551,+27.0,+48.8,-132.9,-0.740,+0.598,-0.309,29.0
2025-06-01T15:00:16.050,16.050,963,WE,R_Wrist,0x03,2,963,1.120,+0.421,-1.446,-0.535,+17.6,+33.6,-122.8,-0.758,+0.567,-0.322,29.0
2025-06-01T15:00:16.066,16.067,964,WE,R_Wrist,0x03,2,964,1.120,+0.544,-1.433,-0.506,+6.7,+14.7,-82.3,-0.774,+0.540,-0.329,29.0
2025-06-01T15:00:16.083,16.083,965,WE,R_Wrist,0x03,2,965,1.120,+0.624,-1.413,-0.485,-5.3,-3.0,-61.3,-0.781,+0.529,-0.331,29.0
2025-06-01T15:00:16.100,16.100,966,WE,R_Wrist,0x03,2,966,1.119,+0.819,-1.343,-0.434,-20.7,-25.0,-52.8,-0.794,+0.513,-0.326,29.0
2025-06-01T15:00:16.116,16.117,967,WE,R_Wrist,0x03,2,967,1.119,+1.046,-1.235,-0.383,-25.3,-35.6,-14.9,-0.802,+0.509,-0.313,29.0
2025-06-01T15:00:16.133,16.133,968,WE,R_Wrist,0x03,2,968,1.119,+1.166,-1.170,-0.360,-34.1,-60.0,+24.9,-0.805,+0.511,-0.302,29.0
2025-06-01T15:00:16.150,16.150,969,WE,R_Wrist,0x03,2,969,1.114,+1.412,-1.021,-0.322,-47.1,-106.2,+76.8,-0.805,+0.526,-0.275,29.0
2025-06-01T15:00:16.166,16.167,970,WE,R_Wrist,0x03,2,970,1.114,+1.653,-0.861,-0.293,-42.1,-141.8,+136.7,-0.797,+0.554,-0.239,29.0
2025-06-01T15:00:16.183,16.183,971,WE,R_Wrist,0x03,2,971,1.114,+1.872,-0.707,-0.272,-23.4,-125.9,+135.5,-0.780,+0.595,-0.196,29.0
2025-06-01T15:00:16.200,16.200,972,WE,R_Wrist,0x03,2,972,1.114,+1.966,-0.638,-0.265,-16.9,-150.1,+176.8,-0.766,+0.619,-0.173,29.0
2025-06-01T15:00:16.216,16.217,973,WE,R_Wrist,0x03,2,973,1.114,+2.107,-0.522,-0.258,-9.4,-217.6,+268.8,-0.728,+0.674,-0.125,29.0
2025-06-01T15:00:16.233,16.233,974,WE,R_Wrist,0x03,2,974,1.114,+2.165,-0.439,-0.268,+0.7,-233.9,+302.9,-0.675,+0.733,-0.078,29.0
2025-06-01T15:00:16.250,16.250,975,WE,R_Wrist,0x03,2,975,1.111,+2.122,-0.387,-0.297,+7.4,-179.9,+240.0,-0.609,+0.793,-0.034,29.0
2025-06-01T15:00:16.266,16.267,976,WE,R_Wrist,0x03,2,976,1.111,+2.061,-0.371,-0.319,-5.4,-177.1,+245.5,-0.571,+0.821,-0.013,29.0
2025-06-01T15:00:16.283,16.283,977,WE,R_Wrist,0x03,2,977,1.111,+1.868,-0.357,-0.375,-13.5,-226.6,+322.7,-0.490,+0.871,+0.024,29.0
2025-06-01T15:00:16.300,16.300,978,WE,R_Wrist,0x03,2,978,1.110,+1.605,-0.356,-0.440,-19.1,-159.8,+234.3,-0.405,+0.912,+0.059,29.0
2025-06-01T15:00:16.316,16.317,979,WE,R_Wrist,0x03,2,979,1.110,+1.458,-0.357,-0.472,-49.0,-145.7,+217.3,-0.362,+0.929,+0.076,29.0
2025-06-01T15:00:16.333,16.333,980,WE,R_Wrist,0x03,2,980,1.110,+1.151,-0.351,-0.530,-88.8,-176.2,+265.2,-0.280,+0.953,+0.113,29.0
2025-06-01T15:00:16.350,16.350,981,WE,R_Wrist,0x03,2,981,1.109,+0.842,-0.329,-0.569,-127.0,-152.7,+230.1,-0.204,+0.967,+0.155,29.0
2025-06-01T15:00:16.366,16.367,982,WE,R_Wrist,0x03,2,982,1.109,+0.538,-0.284,-0.587,-113.5,-99.1,+150.6,-0.137,+0.970,+0.203,29.0
2025-06-01T15:00:16.383,16.383,983,WE,R_Wrist,0x03,2,983,1.109,+0.390,-0.252,-0.588,-130.7,-84.2,+125.3,-0.107,+0.968,+0.229,29.0
2025-06-01T15:00:16.400,16.400,984,WE,R_Wrist,0x03,2,984,1.108,+0.116,-0.176,-0.573,-171.0,-93.2,+139.5,-0.056,+0.958,+0.281,29.0
2025-06-01T15:00:16.416,16.417,985,WE,R_Wrist,0x03,2,985,1.108,-0.112,-0.091,-0.535,-119.7,-57.8,+85.4,-0.014,+0.945,+0.328,29.0
2025-06-01T15:00:16.433,16.433,986,WE,R_Wrist,0x03,2,986,1.108,-0.204,-0.049,-0.508,-95.7,-48.4,+64.2,+0.003,+0.937,+0.348,29.0
2025-06-01T15:00:16.450,16.450,987,WE,R_Wrist,0x03,2,987,1.105,-0.341,+0.019,-0.439,-94.6,-56.3,+66.0,+0.031,+0.925,+0.380,29.0
2025-06-01T15:00:16.466,16.467,988,WE,R_Wrist,0x03,2,988,1.105,-0.418,+0.058,-0.359,-49.1,-49.4,+45.0,+0.051,+0.916,+0.398,29.0
2025-06-01T15:00:16.483,16.483,989,WE,R_Wrist,0x03,2,989,1.105,-0.444,+0.069,-0.279,-11.9,-34.3,+24.0,+0.066,+0.912,+0.404,29.0
2025-06-01T15:00:16.500,16.500,990,WE,R_Wrist,0x03,2,990,1.104,-0.442,+0.066,-0.244,+15.5,-31.5,+13.8,+0.072,+0.912,+0.403,29.0
2025-06-01T15:00:16.516,16.517,991,WE,R_Wrist,0x03,2,991,1.104,-0.417,+0.045,-0.187,+39.7,-39.1,+9.9,+0.081,+0.915,+0.395,29.0
2025-06-01T15:00:16.533,16.533,992,WE,R_Wrist,0x03,2,992,1.104,-0.376,+0.010,-0.156,+39.7,-26.6,+1.6,+0.086,+0.921,+0.380,29.0
2025-06-01T15:00:16.550,16.550,993,WE,R_Wrist,0x03,2,993,1.103,-0.352,-0.012,-0.150,+43.1,-21.1,-5.9,+0.088,+0.924,+0.372,29.0
2025-06-01T15:00:16.566,16.567,994,WE,R_Wrist,0x03,2,994,1.103,-0.302,-0.059,-0.156,+52.2,-20.4,-15.3,+0.088,+0.930,+0.356,29.0
2025-06-01T15:00:16.583,16.583,995,WE,R_Wrist,0x03,2,995,1.103,-0.252,-0.107,-0.182,+39.1,-7.7,-26.4,+0.083,+0.936,+0.343,29.0
2025-06-01T15:00:16.600,16.600,996,WE,R_Wrist,0x03,2,996,1.100,-0.208,-0.152,-0.222,+20.2,+3.0,-26.8,+0.075,+0.939,+0.335,29.0
2025-06-01T15:00:16.616,16.617,997,WE,R_Wrist,0x03,2,997,1.100,-0.189,-0.172,-0.243,+9.9,+17.3,-36.8,+0.068,+0.941,+0.332,29.0
2025-06-01T15:00:16.633,16.633,998,WE,R_Wrist,0x03,2,998,1.100,-0.154,-0.208,-0.285,+9.7,+40.1,-59.7,+0.051,+0.943,+0.330,29.0
2025-06-01T15:00:16.650,16.650,999,WE,R_Wrist,0x03,2,999,1.099,-0.116,-0.240,-0.319,+14.2,+64.4,-74.5,+0.028,+0.944,+0.328,29.0
2025-06-01T15:00:16.666,16.667,1000,WE,R_Wrist,0x03,2,1000,1.099,-0.072,-0.278,-0.345,+18.4,+62.5,-64.6,-0.002,+0.947,+0.323,29.0
2025-06-01T15:00:16.683,16.683,1001,WE,R_Wrist,0x03,2,1001,1.099,-0.045,-0.301,-0.356,+31.9,+79.5,-75.7,-0.019,+0.948,+0.318,29.0
2025-06-01T15:00:16.700,16.700,1002,WE,R_Wrist,0x03,2,1002,1.098,+0.016,-0.362,-0.378,+58.4,+121.0,-111.5,-0.059,+0.951,+0.303,29.0
2025-06-01T15:00:16.716,16.717,1003,WE,R_Wrist,0x03,2,1003,1.098,+0.091,-0.437,-0.399,+76.6,+136.9,-123.5,-0.103,+0.954,+0.281,29.0
2025-06-01T15:00:16.733,16.733,1004,WE,R_Wrist,0x03,2,1004,1.098,+0.180,-0.519,-0.419,+66.8,+110.1,-99.1,-0.150,+0.956,+0.252,29.0
2025-06-01T15:00:16.750,16.750,1005,WE,R_Wrist,0x03,2,1005,1.096,+0.229,-0.561,-0.428,+71.0,+113.8,-103.5,-0.174,+0.956,+0.236,29.0
2025-06-01T15:00:16.766,16.767,1006,WE,R_Wrist,0x03,2,1006,1.096,+0.333,-0.642,-0.445,+97.9,+154.4,-143.3,-0.223,+0.954,+0.200,29.0
2025-06-01T15:00:16.783,16.783,1007,WE,R_Wrist,0x03,2,1007,1.096,+0.441,-0.719,-0.462,+74.0,+116.7,-110.9,-0.271,+0.949,+0.161,29.0
2025-06-01T15:00:16.800,16.800,1008,WE,R_Wrist,0x03,2,1008,1.095,+0.493,-0.755,-0.470,+66.4,+113.3,-111.1,-0.295,+0.945,+0.142,29.0
2025-06-01T15:00:16.816,16.817,1009,WE,R_Wrist,0x03,2,1009,1.095,+0.591,-0.822,-0.488,+81.7,+149.3,-149.7,-0.341,+0.934,+0.104,29.0
2025-06-01T15:00:16.833,16.833,1010,WE,R_Wrist,0x03,2,1010,1.095,+0.677,-0.880,-0.508,+68.6,+145.1,-149.2,-0.386,+0.920,+0.068,29.0
2025-06-01T15:00:16.850,16.850,1011,WE,R_Wrist,0x03,2,1011,1.094,+0.750,-0.924,-0.529,+45.0,+107.0,-111.3,-0.427,+0.904,+0.035,29.0
2025-06-01T15:00:16.866,16.867,1012,WE,R_Wrist,0x03,2,1012,1.094,+0.782,-0.942,-0.539,+34.1,+103.4,-108.3,-0.447,+0.894,+0.019,29.0
2025-06-01T15:00:16.883,16.883,1013,WE,R_Wrist,0x03,2,1013,1.094,+0.839,-0.967,-0.555,+41.1,+135.7,-142.0,-0.484,+0.875,-0.011,29.0
2025-06-01T15:00:16.900,16.900,1014,WE,R_Wrist,0x03,2,1014,1.093,+0.890,-0.981,-0.567,+36.5,+131.7,-137.9,-0.518,+0.854,-0.040,29.0
2025-06-01T15:00:16.916,16.917,1015,WE,R_Wrist,0x03,2,1015,1.093,+0.934,-0.989,-0.574,+27.4,+96.5,-101.2,-0.549,+0.833,-0.069,29.0
2025-06-01T15:00:16.933,16.933,1016,WE,R_Wrist,0x03,2,1016,1.093,+0.954,-0.992,-0.576,+26.1,+91.6,-97.0,-0.564,+0.822,-0.083,29.0
2025-06-01T15:00:16.950,16.950,1017,WE,R_Wrist,0x03,2,1017,1.092,+0.987,-0.997,-0.578,+36.8,+117.1,-125.0,-0.591,+0.799,-0.112,29.0
2025-06-01T15:00:16.966,16.967,1018,WE,R_Wrist,0x03,2,1018,1.092,+1.011,-1.002,-0.578,+28.7,+83.6,-90.1,-0.615,+0.776,-0.141,29.0
2025-06-01T15:00:16.983,16.983,1019,WE,R_Wrist,0x03,2,1019,1.092,+1.020,-1.004,-0.578,+26.6,+76.0,-83.3,-0.625,+0.765,-0.154,29.0
2025-06-01T15:00:17.000,17.000,1020,WE,R_Wrist,0x03,2,1020,1.091,+1.031,-1.009,-0.579,+33.9,+93.6,-103.6,-0.644,+0.743,-0.181,29.0
2025-06-01T15:00:17.016,17.017,1021,WE,R_Wrist,0x03,2,1021,1.091,+1.034,-1.013,-0.580,+23.2,+63.9,-71.5,-0.660,+0.723,-0.204,29.0
2025-06-01T15:00:17.033,17.033,1022,WE,R_Wrist,0x03,2,1022,1.091,+1.032,-1.015,-0.581,+17.5,+54.3,-61.2,-0.667,+0.713,-0.214,29.0
2025-06-01T15:00:17.050,17.050,1023,WE,R_Wrist,0x03,2,1023,1.090,+1.020,-1.018,-0.582,+18.1,+62.8,-70.0,-0.679,+0.697,-0.233,29.0
2025-06-01T15:00:17.066,17.067,1024,WE,R_Wrist,0x03,2,1024,1.090,+1.001,-1.020,-0.582,+9.3,+39.6,-43.2,-0.687,+0.683,-0.246,29.0
2025-06-01T15:00:17.083,17.083,1025,WE,R_Wrist,0x03,2,1025,1.090,+0.989,-1.019,-0.581,+3.7,+29.3,-29.6,-0.690,+0.678,-0.252,29.0
2025-06-01T15:00:17.100,17.100,1026,WE,R_Wrist,0x03,2,1026,1.090,+0.963,-1.015,-0.578,+1.1,+28.6,-25.1,-0.695,+0.671,-0.260,29.0
2025-06-01T15:00:17.116,17.117,1027,WE,R_Wrist,0x03,2,1027,1.090,+0.936,-1.007,-0.572,-2.5,+14.2,-5.3,-0.696,+0.668,-0.264,29.0
2025-06-01T15:00:17.133,17.133,1028,WE,R_Wrist,0x03,2,1028,1.090,+0.908,-0.997,-0.563,-2.9,+2.3,+7.3,-0.695,+0.669,-0.265,29.0
2025-06-01T15:00:17.150,17.150,1029,WE,R_Wrist,0x03,2,1029,1.089,+0.895,-0.992,-0.558,-2.6,-9.1,+22.3,-0.693,+0.671,-0.264,29.0
2025-06-01T15:00:17.166,17.167,1030,WE,R_Wrist,0x03,2,1030,1.089,+0.868,-0.982,-0.546,-2.2,-23.7,+44.3,-0.687,+0.678,-0.260,29.0
2025-06-01T15:00:17.183,17.183,1031,WE,R_Wrist,0x03,2,1031,1.089,+0.844,-0.974,-0.534,-0.0,-39.5,+63.2,-0.679,+0.689,-0.253,29.0
2025-06-01T15:00:17.200,17.200,1032,WE,R_Wrist,0x03,2,1032,1.088,+0.822,-0.969,-0.522,+1.6,-38.5,+57.8,-0.668,+0.703,-0.244,29.0
2025-06-01T15:00:17.216,17.217,1033,WE,R_Wrist,0x03,2,1033,1.088,+0.811,-0.968,-0.517,+2.3,-50.3,+70.9,-0.661,+0.712,-0.239,29.0
2025-06-01T15:00:17.233,17.233,1034,WE,R_Wrist,0x03,2,1034,1.088,+0.791,-0.965,-0.506,+4.2,-78.6,+106.5,-0.645,+0.730,-0.226,29.0
2025-06-01T15:00:17.250,17.250,1035,WE,R_Wrist,0x03,2,1035,1.088,+0.771,-0.961,-0.496,+4.2,-67.5,+88.2,-0.626,+0.751,-0.211,29.0
2025-06-01T15:00:17.266,17.267,1036,WE,R_Wrist,0x03,2,1036,1.088,+0.761,-0.958,-0.492,+2.6,-78.3,+97.6,-0.615,+0.762,-0.203,29.0
2025-06-01T15:00:17.283,17.283,1037,WE,R_Wrist,0x03,2,1037,1.088,+0.740,-0.954,-0.485,+2.0,-114.7,+137.9,-0.591,+0.785,-0.185,29.0
2025-06-01T15:00:17.300,17.300,1038,WE,R_Wrist,0x03,2,1038,1.088,+0.714,-0.955,-0.481,-5.7,-127.3,+146.6,-0.564,+0.809,-0.165,29.0
2025-06-01T15:00:17.316,17.317,1039,WE,R_Wrist,0x03,2,1039,1.088,+0.685,-0.959,-0.479,-10.4,-101.8,+113.7,-0.534,+0.834,-0.141,29.0
2025-06-01T15:00:17.333,17.333,1040,WE,R_Wrist,0x03,2,1040,1.088,+0.669,-0.962,-0.478,-28.2,-109.5,+117.4,-0.518,+0.846,-0.127,29.0
2025-06-01T15:00:17.350,17.350,1041,WE,R_Wrist,0x03,2,1041,1.088,+0.635,-0.963,-0.478,-56.4,-151.8,+157.2,-0.484,+0.870,-0.095,29.0
2025-06-01T15:00:17.366,17.367,1042,WE,R_Wrist,0x03,2,1042,1.088,+0.594,-0.957,-0.478,-87.9,-158.8,+156.0,-0.447,+0.893,-0.056,29.0
2025-06-01T15:00:17.383,17.383,1043,WE,R_Wrist,0x03,2,1043,1.088,+0.538,-0.937,-0.479,-83.9,-121.3,+113.7,-0.408,+0.913,-0.008,29.0
2025-06-01T15:00:17.400,17.400,1044,WE,R_Wrist,0x03,2,1044,1.088,+0.501,-0.920,-0.478,-112.3,-126.6,+110.8,-0.388,+0.922,+0.019,29.0
2025-06-01T15:00:17.416,17.417,1045,WE,R_Wrist,0x03,2,1045,1.088,+0.408,-0.869,-0.472,-169.8,-168.6,+138.7,-0.346,+0.935,+0.079,29.0
2025-06-01T15:00:17.433,17.433,1046,WE,R_Wrist,0x03,2,1046,1.088,+0.285,-0.798,-0.453,-190.8,-167.1,+126.9,-0.304,+0.941,+0.145,29.0
2025-06-01T15:00:17.450,17.450,1047,WE,R_Wrist,0x03,2,1047,1.089,+0.138,-0.710,-0.418,-148.2,-121.1,+86.0,-0.263,+0.941,+0.213,29.0
2025-06-01T15:00:17.466,17.467,1048,WE,R_Wrist,0x03,2,1048,1.089,+0.059,-0.662,-0.396,-146.8,-115.0,+78.8,-0.242,+0.938,+0.247,29.0
2025-06-01T15:00:17.483,17.483,1049,WE,R_Wrist,0x03,2,1049,1.089,-0.094,-0.559,-0.346,-179.9,-139.4,+91.4,-0.203,+0.929,+0.308,29.0
2025-06-01T15:00:17.500,17.500,1050,WE,R_Wrist,0x03,2,1050,1.091,-0.222,-0.455,-0.294,-119.4,-93.6,+58.9,-0.168,+0.917,+0.361,29.0
2025-06-01T15:00:17.516,17.517,1051,WE,R_Wrist,0x03,2,1051,1.091,-0.272,-0.405,-0.270,-92.3,-78.8,+48.6,-0.152,+0.911,+0.383,29.0
2025-06-01T15:00:17.533,17.533,1052,WE,R_Wrist,0x03,2,1052,1.091,-0.342,-0.315,-0.226,-90.4,-86.7,+51.7,-0.125,+0.901,+0.416,29.0
2025-06-01T15:00:17.550,17.550,1053,WE,R_Wrist,0x03,2,1053,1.093,-0.368,-0.244,-0.195,-43.2,-51.1,+30.0,-0.104,+0.894,+0.437,29.0
2025-06-01T15:00:17.566,17.567,1054,WE,R_Wrist,0x03,2,1054,1.093,-0.363,-0.216,-0.187,-12.7,-31.1,+19.6,-0.096,+0.892,+0.442,29.0
2025-06-01T15:00:17.583,17.583,1055,WE,R_Wrist,0x03,2,1055,1.093,-0.312,-0.172,-0.190,+10.3,-20.0,+16.1,-0.086,+0.891,+0.445,29.0
2025-06-01T15:00:17.600,17.600,1056,WE,R_Wrist,0x03,2,1056,1.095,-0.198,-0.141,-0.216,+42.8,+10.1,+3.7,-0.083,+0.895,+0.438,29.0
2025-06-01T15:00:17.616,17.617,1057,WE,R_Wrist,0x03,2,1057,1.095,-0.019,-0.121,-0.264,+49.0,+25.3,-3.7,-0.086,+0.902,+0.422,29.0
2025-06-01T15:00:17.633,17.633,1058,WE,R_Wrist,0x03,2,1058,1.095,+0.095,-0.116,-0.293,+69.5,+49.4,-11.1,-0.091,+0.907,+0.411,29.0
2025-06-01T15:00:17.650,17.650,1059,WE,R_Wrist,0x03,2,1059,1.100,+0.365,-0.118,-0.361,+111.2,+88.7,-23.2,-0.104,+0.918,+0.382,29.0
2025-06-01T15:00:17.666,17.667,1060,WE,R_Wrist,0x03,2,1060,1.100,+0.678,-0.143,-0.437,+96.4,+82.6,-25.2,-0.123,+0.930,+0.346,29.0
2025-06-01T15:00:17.683,17.683,1061,WE,R_Wrist,0x03,2,1061,1.100,+0.842,-0.165,-0.474,+108.9,+98.5,-34.6,-0.134,+0.936,+0.325,29.0
2025-06-01T15:00:17.700,17.700,1062,WE,R_Wrist,0x03,2,1062,1.104,+1.164,-0.230,-0.541,+153.7,+143.2,-60.3,-0.160,+0.947,+0.278,29.0
2025-06-01T15:00:17.716,17.717,1063,WE,R_Wrist,0x03,2,1063,1.104,+1.449,-0.317,-0.588,+159.4,+153.9,-77.7,-0.191,+0.955,+0.226,29.0
2025-06-01T15:00:17.733,17.733,1064,WE,R_Wrist,0x03,2,1064,1.104,+1.672,-0.418,-0.614,+120.8,+120.2,-69.2,-0.224,+0.959,+0.172,29.0
2025-06-01T15:00:17.750,17.750,1065,WE,R_Wrist,0x03,2,1065,1.108,+1.755,-0.472,-0.620,+114.8,+120.3,-77.6,-0.241,+0.960,+0.144,29.0
2025-06-01T15:00:17.766,17.767,1066,WE,R_Wrist,0x03,2,1066,1.108,+1.861,-0.581,-0.618,+144.5,+160.2,-115.3,-0.277,+0.957,+0.090,29.0
2025-06-01T15:00:17.783,17.783,1067,WE,R_Wrist,0x03,2,1067,1.108,+1.878,-0.690,-0.602,+125.4,+155.7,-127.6,-0.314,+0.949,+0.038,29.0
2025-06-01T15:00:17.800,17.800,1068,WE,R_Wrist,0x03,2,1068,1.113,+1.800,-0.795,-0.578,+80.8,+114.1,-102.6,-0.351,+0.936,-0.008,29.0
2025-06-01T15:00:17.816,17.817,1069,WE,R_Wrist,0x03,2,1069,1.113,+1.728,-0.843,-0.566,+53.9,+108.4,-108.0,-0.370,+0.929,-0.028,29.0
2025-06-01T15:00:17.833,17.833,1070,WE,R_Wrist,0x03,2,1070,1.113,+1.528,-0.925,-0.547,+47.2,+142.7,-150.6,-0.407,+0.911,-0.062,29.0
2025-06-01T15:00:17.850,17.850,1071,WE,R_Wrist,0x03,2,1071,1.123,+1.277,-0.980,-0.538,+18.0,+141.5,-157.1,-0.444,+0.892,-0.087,29.0
2025-06-01T15:00:17.866,17.867,1072,WE,R_Wrist,0x03,2,1072,1.123,+1.006,-1.006,-0.535,+4.0,+107.1,-120.8,-0.481,+0.870,-0.108,29.0
2025-06-01T15:00:17.883,17.883,1073,WE,R_Wrist,0x03,2,1073,1.123,+0.872,-1.012,-0.534,+0.2,+111.2,-123.3,-0.500,+0.858,-0.118,29.0
2025-06-01T15:00:17.900,17.900,1074,WE,R_Wrist,0x03,2,1074,1.129,+0.628,-1.021,-0.533,+11.6,+154.0,-165.5,-0.535,+0.833,-0.141,29.0
2025-06-01T15:00:17.916,17.917,1075,WE,R_Wrist,0x03,2,1075,1.129,+0.434,-1.043,-0.534,+30.4,+161.1,-166.6,-0.567,+0.806,-0.171,29.0
2025-06-01T15:00:17.933,17.933,1076,WE,R_Wrist,0x03,2,1076,1.129,+0.307,-1.085,-0.537,+35.9,+124.1,-126.1,-0.596,+0.775,-0.209,29.0
2025-06-01T15:00:17.950,17.950,1077,WE,R_Wrist,0x03,2,1077,1.135,+0.268,-1.112,-0.538,+46.5,+123.1,-125.8,-0.610,+0.758,-0.230,29.0
2025-06-01T15:00:17.966,17.967,1078,WE,R_Wrist,0x03,2,1078,1.135,+0.233,-1.171,-0.534,+74.6,+160.6,-168.4,-0.634,+0.723,-0.274,29.0
2025-06-01T15:00:17.983,17.983,1079,WE,R_Wrist,0x03,2,1079,1.135,+0.241,-1.229,-0.521,+63.9,+116.8,-126.3,-0.655,+0.684,-0.320,29.0
2025-06-01T15:00:18.000,18.000,1080,WE,R_Wrist,0x03,2,1080,1.142,+0.255,-1.257,-0.512,+66.5,+106.6,-121.8,-0.664,+0.664,-0.343,29.0
2025-06-01T15:00:18.016,18.017,1081,WE,R_Wrist,0x03,2,1081,1.142,+0.298,-1.308,-0.488,+92.3,+132.8,-157.8,-0.680,+0.623,-0.388,29.0
2025-06-01T15:00:18.033,18.033,1082,WE,R_Wrist,0x03,2,1082,1.142,+0.349,-1.352,-0.457,+91.5,+117.7,-148.3,-0.692,+0.581,-0.429,29.0
2025-06-01T15:00:18.050,18.050,1083,WE,R_Wrist,0x03,2,1083,1.148,+0.404,-1.388,-0.420,+67.4,+79.8,-105.5,-0.701,+0.540,-0.466,29.0
2025-06-01T15:00:18.066,18.067,1084,WE,R_Wrist,0x03,2,1084,1.148,+0.431,-1.404,-0.402,+60.8,+65.9,-96.0,-0.704,+0.521,-0.482,29.0
2025-06-01T15:00:18.083,18.083,1085,WE,R_Wrist,0x03,2,1085,1.148,+0.481,-1.434,-0.370,+74.5,+76.7,-120.4,-0.711,+0.483,-0.511,29.0
2025-06-01T15:00:18.100,18.100,1086,WE,R_Wrist,0x03,2,1086,1.162,+0.519,-1.458,-0.346,+64.5,+62.4,-109.4,-0.716,+0.449,-0.535,29.0
2025-06-01T15:00:18.116,18.117,1087,WE,R_Wrist,0x03,2,1087,1.162,+0.538,-1.474,-0.325,+44.5,+39.8,-75.2,-0.720,+0.418,-0.554,29.0
2025-06-01T15:00:18.133,18.133,1088,WE,R_Wrist,0x03,2,1088,1.162,+0.543,-1.477,-0.312,+28.9,+21.5,-44.2,-0.722,+0.403,-0.563,29.0
2025-06-01T15:00:18.150,18.150,1089,WE,R_Wrist,0x03,2,1089,1.168,+0.548,-1.477,-0.296,+45.8,+23.1,-53.2,-0.723,+0.390,-0.570,29.0
2025-06-01T15:00:18.166,18.167,1090,WE,R_Wrist,0x03,2,1090,1.168,+0.576,-1.460,-0.255,+48.0,+16.5,-42.5,-0.726,+0.366,-0.583,29.0
2025-06-01T15:00:18.183,18.183,1091,WE,R_Wrist,0x03,2,1091,1.168,+0.605,-1.443,-0.229,+49.4,-0.4,-13.0,-0.727,+0.356,-0.587,29.0
2025-06-01T15:00:18.200,18.200,1092,WE,R_Wrist,0x03,2,1092,1.170,+0.700,-1.390,-0.175,+59.6,-18.4,+22.7,-0.729,+0.343,-0.593,29.0
2025-06-01T15:00:18.216,18.217,1093,WE,R_Wrist,0x03,2,1093,1.170,+0.849,-1.319,-0.126,+42.3,-43.4,+85.5,-0.729,+0.345,-0.591,29.0
2025-06-01T15:00:18.233,18.233,1094,WE,R_Wrist,0x03,2,1094,1.170,+1.063,-1.235,-0.090,+19.2,-47.8,+103.1,-0.726,+0.365,-0.583,29.0
2025-06-01T15:00:18.250,18.250,1095,WE,R_Wrist,0x03,2,1095,1.181,+1.195,-1.186,-0.077,+0.4,-71.0,+154.7,-0.723,+0.382,-0.575,29.0
2025-06-01T15:00:18.266,18.267,1096,WE,R_Wrist,0x03,2,1096,1.181,+1.499,-1.073,-0.056,-11.1,-121.0,+253.4,-0.714,+0.429,-0.553,29.0
2025-06-01T15:00:18.283,18.283,1097,WE,R_Wrist,0x03,2,1097,1.181,+1.823,-0.946,-0.043,-23.2,-155.1,+309.1,-0.698,+0.490,-0.523,29.0
2025-06-01T15:00:18.300,18.300,1098,WE,R_Wrist,0x03,2,1098,1.187,+2.119,-0.824,-0.039,-18.8,-133.0,+258.4,-0.671,+0.561,-0.484,29.0
2025-06-01T15:00:18.316,18.317,1099,WE,R_Wrist,0x03,2,1099,1.187,+2.246,-0.768,-0.042,-32.3,-151.1,+285.1,-0.654,+0.598,-0.463,29.0
2025-06-01T15:00:18.333,18.333,1100,WE,R_Wrist,0x03,2,1100,1.187,+2.443,-0.665,-0.062,-42.2,-210.1,+392.2,-0.608,+0.675,-0.418,29.0
2025-06-01T15:00:18.350,18.350,1101,WE,R_Wrist,0x03,2,1101,1.193,+2.541,-0.573,-0.101,-46.1,-215.0,+393.4,-0.550,+0.747,-0.373,29.0
2025-06-01T15:00:18.366,18.367,1102,WE,R_Wrist,0x03,2,1102,1.193,+2.515,-0.502,-0.158,-32.4,-158.4,+286.6,-0.484,+0.811,-0.329,29.0
2025-06-01T15:00:18.383,18.383,1103,WE,R_Wrist,0x03,2,1103,1.193,+2.449,-0.479,-0.192,-46.5,-150.7,+265.6,-0.449,+0.838,-0.309,29.0
2025-06-01T15:00:18.400,18.400,1104,WE,R_Wrist,0x03,2,1104,1.198,+2.223,-0.458,-0.265,-67.9,-185.1,+323.7,-0.379,+0.885,-0.270,29.0
2025-06-01T15:00:18.416,18.417,1105,WE,R_Wrist,0x03,2,1105,1.198,+1.898,-0.457,-0.329,-60.0,-126.0,+218.2,-0.312,+0.921,-0.232,29.0
2025-06-01T15:00:18.433,18.433,1106,WE,R_Wrist,0x03,2,1106,1.198,+1.713,-0.457,-0.353,-85.1,-114.3,+186.9,-0.281,+0.936,-0.212,29.0
2025-06-01T15:00:18.450,18.450,1107,WE,R_Wrist,0x03,2,1107,1.203,+1.316,-0.443,-0.381,-132.3,-136.2,+217.5,-0.223,+0.960,-0.169,29.0
2025-06-01T15:00:18.466,18.467,1108,WE,R_Wrist,0x03,2,1108,1.203,+0.902,-0.408,-0.382,-157.6,-116.6,+181.8,-0.173,+0.978,-0.120,29.0
2025-06-01T15:00:18.483,18.483,1109,WE,R_Wrist,0x03,2,1109,1.203,+0.502,-0.354,-0.361,-127.1,-75.3,+118.1,-0.128,+0.990,-0.067,29.0
2025-06-01T15:00:18.500,18.500,1110,WE,R_Wrist,0x03,2,1110,1.211,+0.319,-0.320,-0.341,-128.3,-67.4,+99.1,-0.108,+0.993,-0.040,29.0
2025-06-01T15:00:18.516,18.517,1111,WE,R_Wrist,0x03,2,1111,1.211,+0.003,-0.241,-0.283,-154.7,-83.2,+110.8,-0.072,+0.997,+0.011,29.0
2025-06-01T15:00:18.533,18.533,1112,WE,R_Wrist,0x03,2,1112,1.211,-0.247,-0.158,-0.203,-98.9,-60.3,+68.0,-0.043,+0.998,+0.054,29.0
2025-06-01T15:00:18.550,18.550,1113,WE,R_Wrist,0x03,2,1113,1.214,-0.352,-0.121,-0.160,-69.7,-60.7,+52.8,-0.031,+0.997,+0.071,29.0
2025-06-01T15:00:18.566,18.567,1114,WE,R_Wrist,0x03,2,1114,1.214,-0.519,-0.061,-0.075,-60.6,-78.9,+58.4,-0.010,+0.995,+0.095,29.0
2025-06-01T15:00:18.583,18.583,1115,WE,R_Wrist,0x03,2,1115,1.214,-0.612,-0.018,+0.004,-18.2,-76.5,+46.5,+0.007,+0.994,+0.106,29.0
2025-06-01T15:00:18.600,18.600,1116,WE,R_Wrist,0x03,2,1116,1.220,-0.619,+0.015,+0.081,+10.2,-55.9,+28.8,+0.022,+0.994,+0.105,29.0
2025-06-01T15:00:18.616,18.617,1117,WE,R_Wrist,0x03,2,1117,1.220,-0.596,+0.027,+0.119,+39.2,-52.4,+18.9,+0.027,+0.995,+0.100,29.0
2025-06-01T15:00:18.633,18.633,1118,WE,R_Wrist,0x03,2,1118,1.220,-0.515,+0.030,+0.184,+73.9,-62.1,+14.6,+0.036,+0.996,+0.082,29.0
2025-06-01T15:00:18.650,18.650,1119,WE,R_Wrist,0x03,2,1119,1.222,-0.412,-0.004,+0.222,+88.9,-45.9,-1.2,+0.039,+0.998,+0.056,29.0
2025-06-01T15:00:18.666,18.667,1120,WE,R_Wrist,0x03,2,1120,1.222,-0.297,-0.074,+0.224,+66.5,-22.3,-10.8,+0.036,+0.999,+0.029,29.0
2025-06-01T15:00:18.683,18.683,1121,WE,R_Wrist,0x03,2,1121,1.222,-0.238,-0.117,+0.212,+53.7,-2.6,-27.0,+0.033,+0.999,+0.017,29.0
2025-06-01T15:00:18.700,18.700,1122,WE,R_Wrist,0x03,2,1122,1.224,-0.126,-0.212,+0.171,+52.4,+20.1,-54.2,+0.021,+1.000,-0.002,29.0
2025-06-01T15:00:18.716,18.717,1123,WE,R_Wrist,0x03,2,1123,1.224,-0.030,-0.304,+0.120,+25.6,+34.2,-55.0,+0.001,+1.000,-0.014,29.0
2025-06-01T15:00:18.733,18.733,1124,WE,R_Wrist,0x03,2,1124,1.224,+0.013,-0.346,+0.096,+13.6,+62.0,-73.6,-0.011,+1.000,-0.017,29.0
2025-06-01T15:00:18.750,18.750,1125,WE,R_Wrist,0x03,2,1125,1.227,+0.095,-0.417,+0.051,+18.2,+110.7,-116.0,-0.041,+0.999,-0.023,29.0
2025-06-01T15:00:18.766,18.767,1126,WE,R_Wrist,0x03,2,1126,1.227,+0.176,-0.478,+0.009,+27.4,+144.5,-137.7,-0.077,+0.997,-0.031,29.0
2025-06-01T15:00:18.783,18.783,1127,WE,R_Wrist,0x03,2,1127,1.227,+0.253,-0.542,-0.036,+31.0,+125.1,-114.6,-0.118,+0.992,-0.046,29.0
2025-06-01T15:00:18.800,18.800,1128,WE,R_Wrist,0x03,2,1128,1.229,+0.290,-0.576,-0.059,+41.9,+139.9,-124.6,-0.140,+0.989,-0.056,29.0
2025-06-01T15:00:18.816,18.817,1129,WE,R_Wrist,0x03,2,1129,1.229,+0.364,-0.646,-0.107,+72.7,+195.7,-173.4,-0.185,+0.979,-0.083,29.0
2025-06-01T15:00:18.833,18.833,1130,WE,R_Wrist,0x03,2,1130,1.229,+0.453,-0.712,-0.145,+63.7,+142.8,-126.9,-0.229,+0.966,-0.119,29.0
2025-06-01T15:00:18.850,18.850,1131,WE,R_Wrist,0x03,2,1131,1.233,+0.497,-0.738,-0.154,+29.2,+58.6,-52.5,-0.247,+0.959,-0.136,29.0
2025-06-01T15:00:18.866,18.867,1132,WE,R_Wrist,0x03,2,1132,1.233,+0.516,-0.748,-0.157,+58.7,+103.8,-95.7,-0.254,+0.957,-0.143,29.0
2025-06-01T15:00:18.883,18.883,1133,WE,R_Wrist,0x03,2,1133,1.233,+0.629,-0.802,-0.156,+116.4,+177.4,-170.2,-0.291,+0.939,-0.186,29.0
2025-06-01T15:00:18.900,18.900,1134,WE,R_Wrist,0x03,2,1134,1.236,+0.759,-0.867,-0.134,+100.3,+132.0,-133.3,-0.328,+0.915,-0.237,29.0
2025-06-01T15:00:18.916,18.917,1135,WE,R_Wrist,0x03,2,1135,1.236,+0.820,-0.902,-0.120,+101.2,+116.4,-127.6,-0.345,+0.901,-0.263,29.0
2025-06-01T15:00:18.933,18.933,1136,WE,R_Wrist,0x03,2,1136,1.236,+0.925,-0.977,-0.094,+133.8,+144.3,-167.7,-0.376,+0.872,-0.314,29.0
2025-06-01T15:00:18.950,18.950,1137,WE,R_Wrist,0x03,2,1137,1.236,+1.005,-1.050,-0.080,+122.2,+128.5,-162.2,-0.403,+0.840,-0.362,29.0
2025-06-01T15:00:18.966,18.967,1138,WE,R_Wrist,0x03,2,1138,1.236,+1.057,-1.120,-0.080,+82.2,+89.1,-119.4,-0.428,+0.808,-0.404,29.0
2025-06-01T15:00:18.983,18.983,1139,WE,R_Wrist,0x03,2,1139,1.236,+1.072,-1.153,-0.085,+61.6,+79.6,-114.4,-0.440,+0.793,-0.422,29.0
2025-06-01T15:00:19.000,19.000,1140,WE,R_Wrist,0x03,2,1140,1.239,+1.081,-1.209,-0.095,+63.4,+102.7,-148.9,-0.461,+0.763,-0.453,29.0
2025-06-01T15:00:19.016,19.017,1141,WE,R_Wrist,0x03,2,1141,1.239,+1.076,-1.247,-0.103,+34.2,+75.1,-108.3,-0.479,+0.736,-0.478,29.0
2025-06-01T15:00:19.033,19.033,1142,WE,R_Wrist,0x03,2,1142,1.239,+1.073,-1.258,-0.105,+18.0,+73.2,-102.6,-0.487,+0.724,-0.488,29.0
2025-06-01T15:00:19.050,19.050,1143,WE,R_Wrist,0x03,2,1143,1.242,+1.069,-1.267,-0.107,+14.7,+96.3,-131.5,-0.501,+0.702,-0.507,29.0
2025-06-01T15:00:19.066,19.067,1144,WE,R_Wrist,0x03,2,1144,1.242,+1.066,-1.263,-0.111,+4.5,+93.2,-124.2,-0.512,+0.682,-0.522,29.0
2025-06-01T15:00:19.083,19.083,1145,WE,R_Wrist,0x03,2,1145,1.242,+1.063,-1.253,-0.118,-0.2,+67.5,-89.0,-0.522,+0.663,-0.536,29.0
2025-06-01T15:00:19.100,19.100,1146,WE,R_Wrist,0x03,2,1146,1.248,+1.061,-1.246,-0.122,-4.9,+63.4,-83.1,-0.526,+0.655,-0.542,29.0
2025-06-01T15:00:19.116,19.117,1147,WE,R_Wrist,0x03,2,1147,1.248,+1.054,-1.230,-0.131,-8.1,+79.7,-103.8,-0.533,+0.639,-0.554,29.0
2025-06-01T15:00:19.133,19.133,1148,WE,R_Wrist,0x03,2,1148,1.248,+1.041,-1.212,-0.142,-9.9,+72.5,-92.8,-0.539,+0.625,-0.564,29.0
2025-06-01T15:00:19.150,19.150,1149,WE,R_Wrist,0x03,2,1149,1.250,+1.021,-1.191,-0.154,-7.4,+49.9,-62.2,-0.543,+0.614,-0.573,29.0
2025-06-01T15:00:19.166,19.167,1150,WE,R_Wrist,0x03,2,1150,1.250,+1.009,-1.179,-0.160,-7.0,+42.7,-50.5,-0.545,+0.608,-0.577,29.0
2025-06-01T15:00:19.183,19.183,1151,WE,R_Wrist,0x03,2,1151,1.250,+0.981,-1.151,-0.172,-7.0,+48.3,-53.4,-0.547,+0.600,-0.584,29.0
2025-06-01T15:00:19.200,19.200,1152,WE,R_Wrist,0x03,2,1152,1.257,+0.948,-1.120,-0.182,-3.4,+35.2,-32.9,-0.547,+0.594,-0.590,29.0
2025-06-01T15:00:19.216,19.217,1153,WE,R_Wrist,0x03,2,1153,1.257,+0.914,-1.087,-0.189,-0.0,+18.3,-12.0,-0.546,+0.591,-0.594,29.0
2025-06-01T15:00:19.233,19.233,1154,WE,R_Wrist,0x03,2,1154,1.257,+0.896,-1.071,-0.192,+4.1,+6.4,+6.5,-0.545,+0.590,-0.596,29.0
2025-06-01T15:00:19.250,19.250,1155,WE,R_Wrist,0x03,2,1155,1.261,+0.861,-1.039,-0.193,+9.8,-4.4,+28.0,-0.542,+0.591,-0.598,29.0
2025-06-01T15:00:19.266,19.267,1156,WE,R_Wrist,0x03,2,1156,1.261,+0.827,-1.011,-0.193,+10.6,-13.5,+35.6,-0.537,+0.595,-0.598,29.0
2025-06-01T15:00:19.283,19.283,1157,WE,R_Wrist,0x03,2,1157,1.261,+0.811,-0.998,-0.191,+13.9,-27.7,+54.6,-0.534,+0.599,-0.597,29.0
2025-06-01T15:00:19.300,19.300,1158,WE,R_Wrist,0x03,2,1158,1.265,+0.783,-0.978,-0.186,+20.6,-52.4,+91.2,-0.527,+0.607,-0.594,29.0
2025-06-01T15:00:19.316,19.317,1159,WE,R_Wrist,0x03,2,1159,1.265,+0.762,-0.966,-0.179,+16.3,-51.4,+81.9,-0.520,+0.619,-0.588,29.0
2025-06-01T15:00:19.333,19.333,1160,WE,R_Wrist,0x03,2,1160,1.265,+0.754,-0.964,-0.174,+12.6,-68.0,+98.5,-0.516,+0.627,-0.584,29.0
2025-06-01T15:00:19.350,19.350,1161,WE,R_Wrist,0x03,2,1161,1.270,+0.745,-0.964,-0.164,+11.5,-108.0,+146.8,-0.507,+0.644,-0.573,29.0
2025-06-01T15:00:19.366,19.367,1162,WE,R_Wrist,0x03,2,1162,1.270,+0.743,-0.967,-0.155,-0.1,-130.5,+165.1,-0.496,+0.666,-0.557,29.0
2025-06-01T15:00:19.383,19.383,1163,WE,R_Wrist,0x03,2,1163,1.270,+0.746,-0.969,-0.146,-6.7,-109.8,+132.5,-0.485,+0.692,-0.535,29.0
2025-06-01T15:00:19.400,19.400,1164,WE,R_Wrist,0x03,2,1164,1.277,+0.749,-0.969,-0.143,-22.5,-124.5,+141.7,-0.478,+0.706,-0.523,29.0
2025-06-01T15:00:19.416,19.417,1165,WE,R_Wrist,0x03,2,1165,1.277,+0.753,-0.964,-0.137,-41.0,-177.4,+194.2,-0.463,+0.737,-0.493,29.0
2025-06-01T15:00:19.433,19.433,1166,WE,R_Wrist,0x03,2,1166,1.277,+0.753,-0.950,-0.133,-38.3,-139.8,+147.6,-0.445,+0.770,-0.457,29.0
2025-06-01T15:00:19.450,19.450,1167,WE,R_Wrist,0x03,2,1167,1.278,+0.750,-0.940,-0.132,-53.9,-146.6,+148.3,-0.435,+0.787,-0.438,29.0
2025-06-01T15:00:19.466,19.467,1168,WE,R_Wrist,0x03,2,1168,1.278,+0.735,-0.913,-0.131,-78.5,-194.9,+192.4,-0.413,+0.820,-0.397,29.0
2025-06-01T15:00:19.483,19.483,1169,WE,R_Wrist,0x03,2,1169,1.278,+0.707,-0.881,-0.130,-63.3,-143.3,+138.6,-0.389,+0.851,-0.354,29.0
2025-06-01T15:00:19.500,19.500,1170,WE,R_Wrist,0x03,2,1170,1.284,+0.689,-0.862,-0.130,-72.9,-137.6,+130.7,-0.375,+0.866,-0.332,29.0
2025-06-01T15:00:19.516,19.517,1171,WE,R_Wrist,0x03,2,1171,1.284,+0.646,-0.822,-0.131,-98.5,-170.9,+160.2,-0.348,+0.892,-0.288,29.0
2025-06-01T15:00:19.533,19.533,1172,WE,R_Wrist,0x03,2,1172,1.284,+0.593,-0.780,-0.133,-101.7,-153.2,+140.9,-0.321,+0.915,-0.245,29.0
2025-06-01T15:00:19.550,19.550,1173,WE,R_Wrist,0x03,2,1173,1.286,+0.533,-0.738,-0.134,-76.5,-103.3,+93.3,-0.295,+0.933,-0.205,29.0
2025-06-01T15:00:19.566,19.567,1174,WE,R_Wrist,0x03,2,1174,1.286,+0.501,-0.718,-0.133,-78.6,-89.7,+79.1,-0.283,+0.941,-0.185,29.0
2025-06-01T15:00:19.583,19.583,1175,WE,R_Wrist,0x03,2,1175,1.286,+0.433,-0.682,-0.129,-103.4,-104.9,+90.1,-0.261,+0.954,-0.147,29.0
2025-06-01T15:00:19.600,19.600,1176,WE,R_Wrist,0x03,2,1176,1.288,+0.365,-0.650,-0.121,-101.8,-88.5,+72.7,-0.242,+0.964,-0.112,29.0
2025-06-01T15:00:19.616,19.617,1177,WE,R_Wrist,0x03,2,1177,1.288,+0.300,-0.619,-0.109,-74.4,-58.4,+45.5,-0.226,+0.971,-0.078,29.0
2025-06-01T15:00:19.633,19.633,1178,WE,R_Wrist,0x03,2,1178,1.288,+0.268,-0.603,-0.101,-70.8,-51.2,+36.9,-0.219,+0.974,-0.062,29.0
2025-06-01T15:00:19.650,19.650,1179,WE,R_Wrist,0x03,2,1179,1.289,+0.209,-0.574,-0.084,-87.8,-62.5,+41.3,-0.207,+0.978,-0.031,29.0
2025-06-01T15:00:19.666,19.667,1180,WE,R_Wrist,0x03,2,1180,1.289,+0.155,-0.545,-0.063,-60.0,-43.4,+25.9,-0.197,+0.980,-0.004,29.0
2025-06-01T15:00:19.683,19.683,1181,WE,R_Wrist,0x03,2,1181,1.289,+0.129,-0.531,-0.052,-49.4,-40.0,+21.2,-0.193,+0.981,+0.008,29.0
2025-06-01T15:00:19.700,19.700,1182,WE,R_Wrist,0x03,2,1182,1.289,+0.083,-0.505,-0.028,-51.8,-49.1,+23.3,-0.185,+0.982,+0.029,29.0
2025-06-01T15:00:19.716,19.717,1183,WE,R_Wrist,0x03,2,1183,1.289,+0.042,-0.483,-0.004,-30.7,-42.2,+17.1,-0.179,+0.983,+0.043,29.0
2025-06-01T15:00:19.733,19.733,1184,WE,R_Wrist,0x03,2,1184,1.289,+0.008,-0.469,+0.016,-10.2,-26.6,+9.1,-0.174,+0.983,+0.051,29.0
2025-06-01T15:00:19.750,19.750,1185,WE,R_Wrist,0x03,2,1185,1.288,-0.006,-0.466,+0.023,+6.9,-17.5,+3.6,-0.173,+0.984,+0.052,29.0
2025-06-01T15:00:19.766,19.767,1186,WE,R_Wrist,0x03,2,1186,1.288,-0.024,-0.469,+0.035,+25.0,-12.4,-1.6,-0.171,+0.984,+0.048,29.0
2025-06-01T15:00:19.783,19.783,1187,WE,R_Wrist,0x03,2,1187,1.288,-0.029,-0.482,+0.041,+43.5,+3.5,-11.0,-0.173,+0.984,+0.039,29.0
2025-06-01T15:00:19.800,19.800,1188,WE,R_Wrist,0x03,2,1188,1.288,-0.020,-0.505,+0.042,+41.4,+12.2,-14.1,-0.178,+0.984,+0.023,29.0
2025-06-01T15:00:19.816,19.817,1189,WE,R_Wrist,0x03,2,1189,1.288,-0.011,-0.520,+0.041,+50.0,+24.8,-22.0,-0.181,+0.983,+0.014,29.0
2025-06-01T15:00:19.833,19.833,1190,WE,R_Wrist,0x03,2,1190,1.288,+0.014,-0.555,+0.037,+72.9,+45.5,-37.6,-0.191,+0.982,-0.008,29.0
2025-06-01T15:00:19.850,19.850,1191,WE,R_Wrist,0x03,2,1191,1.286,+0.048,-0.593,+0.032,+79.6,+61.2,-48.2,-0.203,+0.979,-0.033,29.0
2025-06-01T15:00:19.866,19.867,1192,WE,R_Wrist,0x03,2,1192,1.286,+0.088,-0.632,+0.027,+63.3,+54.4,-42.3,-0.217,+0.974,-0.061,29.0
2025-06-01T15:00:19.883,19.883,1193,WE,R_Wrist,0x03,2,1193,1.286,+0.110,-0.652,+0.025,+67.6,+63.7,-48.6,-0.225,+0.971,-0.076,29.0
2025-06-01T15:00:19.900,19.900,1194,WE,R_Wrist,0x03,2,1194,1.283,+0.157,-0.691,+0.022,+96.2,+94.0,-71.7,-0.241,+0.964,-0.108,29.0
2025-06-01T15:00:19.916,19.917,1195,WE,R_Wrist,0x03,2,1195,1.283,+0.208,-0.730,+0.022,+77.4,+77.0,-59.0,-0.259,+0.955,-0.143,29.0
2025-06-01T15:00:19.933,19.933,1196,WE,R_Wrist,0x03,2,1196,1.283,+0.235,-0.750,+0.024,+83.6,+82.9,-63.1,-0.268,+0.950,-0.162,29.0
2025-06-01T15:00:19.950,19.950,1197,WE,R_Wrist,0x03,2,1197,1.276,+0.290,-0.792,+0.030,+119.1,+116.9,-89.8,-0.286,+0.937,-0.203,29.0
2025-06-01T15:00:19.966,19.967,1198,WE,R_Wrist,0x03,2,1198,1.276,+0.347,-0.836,+0.039,+126.9,+123.3,-95.8,-0.303,+0.921,-0.246,29.0
2025-06-01T15:00:19.983,19.983,1199,WE,R_Wrist,0x03,2,1199,1.276,+0.405,-0.883,+0.050,+132.0,+128.0,-101.1,-0.319,+0.901,-0.292,29.0
