timestamp_iso,t_s,round,node,label,present_mask_hex,version,node_seq,distance_m,ax_g,ay_g,az_g,gx_dps,gy_dps,gz_dps,hx_g,hy_g,hz_g,imu_temp_c
2025-06-01T15:00:00.000,0.000,0,WF,L_Knee,0x21,2,0,2.194,-0.944,-0.054,+0.370,+22.5,+16.8,+2.7,+0.987,+0.066,+0.150,29.0
2025-06-01T15:00:00.016,0.017,1,WF,L_Knee,0x21,2,1,2.194,-0.953,-0.051,+0.378,+21.9,+13.4,+2.5,+0.986,+0.066,+0.154,29.0
2025-06-01T15:00:00.033,0.033,2,WF,L_Knee,0x21,2,2,2.194,-0.956,-0.048,+0.388,+21.3,+9.0,+2.1,+0.985,+0.066,+0.157,29.0
2025-06-01T15:00:00.050,0.050,3,WF,L_Knee,0x21,2,3,2.193,-0.955,-0.045,+0.395,+16.3,+6.7,+1.4,+0.985,+0.067,+0.158,29.0
2025-06-01T15:00:00.066,0.067,4,WF,L_Knee,0x21,2,4,2.193,-0.953,-0.044,+0.397,+18.6,+10.8,+2.0,+0.985,+0.067,+0.160,29.0
2025-06-01T15:00:00.083,0.083,5,WF,L_Knee,0x21,2,5,2.193,-0.949,-0.040,+0.395,+26.4,+16.6,+3.3,+0.984,+0.067,+0.164,29.0
2025-06-01T15:00:00.100,0.100,6,WF,L_Knee,0x21,2,6,2.192,-0.944,-0.035,+0.390,+26.5,+15.9,+2.8,+0.983,+0.067,+0.168,29.0
2025-06-01T15:00:00.116,0.117,7,WF,L_Knee,0x21,2,7,2.192,-0.938,-0.031,+0.384,+19.2,+10.3,+0.9,+0.983,+0.068,+0.172,29.0
2025-06-01T15:00:00.133,0.133,8,WF,L_Knee,0x21,2,8,2.192,-0.936,-0.029,+0.381,+18.8,+9.3,-0.5,+0.982,+0.069,+0.173,29.0
2025-06-01T15:00:00.150,0.150,9,WF,L_Knee,0x21,2,9,2.191,-0.932,-0.026,+0.375,+26.6,+13.0,+0.0,+0.982,+0.070,+0.176,29.0
2025-06-01T15:00:00.166,0.167,10,WF,L_Knee,0x21,2,10,2.191,-0.932,-0.022,+0.372,+21.8,+10.7,+1.1,+0.981,+0.071,+0.180,29.0
2025-06-01T15:00:00.183,0.183,11,WF,L_Knee,0x21,2,11,2.191,-0.932,-0.020,+0.370,+24.1,+12.2,+1.5,+0.981,+0.072,+0.182,29.0
2025-06-01T15:00:00.200,0.200,12,WF,L_Knee,0x21,2,12,2.188,-0.936,-0.016,+0.368,+33.3,+17.4,+0.6,+0.980,+0.073,+0.186,29.0
2025-06-01T15:00:00.216,0.217,13,WF,L_Knee,0x21,2,13,2.188,-0.942,-0.012,+0.368,+34.6,+17.6,-0.4,+0.979,+0.075,+0.190,29.0
2025-06-01T15:00:00.233,0.233,14,WF,L_Knee,0x21,2,14,2.188,-0.949,-0.008,+0.373,+26.9,+12.7,+0.4,+0.978,+0.077,+0.194,29.0
2025-06-01T15:00:00.250,0.250,15,WF,L_Knee,0x21,2,15,2.187,-0.952,-0.006,+0.377,+29.3,+12.8,+2.9,+0.977,+0.078,+0.196,29.0
2025-06-01T15:00:00.266,0.267,16,WF,L_Knee,0x21,2,16,2.187,-0.958,-0.001,+0.388,+43.0,+18.8,+5.6,+0.977,+0.079,+0.200,29.0
2025-06-01T15:00:00.283,0.283,17,WF,L_Knee,0x21,2,17,2.187,-0.967,+0.007,+0.396,+34.9,+15.8,+5.0,+0.976,+0.080,+0.205,29.0
2025-06-01T15:00:00.300,0.300,18,WF,L_Knee,0x21,2,18,2.186,-0.973,+0.014,+0.398,+36.5,+17.6,+6.3,+0.975,+0.080,+0.207,29.0
2025-06-01T15:00:00.316,0.317,19,WF,L_Knee,0x21,2,19,2.186,-0.986,+0.031,+0.398,+49.1,+23.6,+10.4,+0.974,+0.081,+0.213,29.0
2025-06-01T15:00:00.333,0.333,20,WF,L_Knee,0x21,2,20,2.186,-0.996,+0.054,+0.395,+52.4,+21.9,+13.3,+0.973,+0.080,+0.219,29.0
2025-06-01T15:00:00.350,0.350,21,WF,L_Knee,0x21,2,21,2.186,-1.001,+0.080,+0.394,+42.6,+14.8,+11.2,+0.972,+0.080,+0.223,29.0
2025-06-01T15:00:00.366,0.367,22,WF,L_Knee,0x21,2,22,2.186,-1.002,+0.093,+0.394,+40.9,+12.4,+11.6,+0.971,+0.080,+0.225,29.0
2025-06-01T15:00:00.383,0.383,23,WF,L_Knee,0x21,2,23,2.186,-0.999,+0.119,+0.392,+47.7,+15.8,+15.3,+0.970,+0.079,+0.228,29.0
2025-06-01T15:00:00.400,0.400,24,WF,L_Knee,0x21,2,24,2.185,-0.995,+0.144,+0.388,+40.2,+14.4,+12.8,+0.970,+0.077,+0.232,29.0
2025-06-01T15:00:00.416,0.417,25,WF,L_Knee,0x21,2,25,2.185,-0.994,+0.159,+0.389,+69.2,+22.4,+17.4,+0.969,+0.077,+0.234,29.0
2025-06-01T15:00:00.433,0.433,26,WF,L_Knee,0x21,2,26,2.185,-0.992,+0.193,+0.396,+103.0,+30.6,+23.6,+0.967,+0.077,+0.241,29.0
2025-06-01T15:00:00.450,0.450,27,WF,L_Knee,0x21,2,27,2.185,-0.986,+0.224,+0.406,+71.6,+19.7,+15.9,+0.966,+0.078,+0.247,29.0
2025-06-01T15:00:00.466,0.467,28,WF,L_Knee,0x21,2,28,2.185,-0.979,+0.234,+0.410,+37.4,+10.0,+10.5,+0.965,+0.078,+0.249,29.0
2025-06-01T15:00:00.483,0.483,29,WF,L_Knee,0x21,2,29,2.185,-0.958,+0.242,+0.411,+30.5,+8.2,+11.3,+0.965,+0.078,+0.251,29.0
2025-06-01T15:00:00.500,0.500,30,WF,L_Knee,0x21,2,30,2.185,-0.936,+0.243,+0.412,+26.4,+7.2,+10.9,+0.965,+0.076,+0.252,29.0
2025-06-01T15:00:00.516,0.517,31,WF,L_Knee,0x21,2,31,2.185,-0.918,+0.242,+0.416,+18.9,+5.3,+8.2,+0.964,+0.075,+0.254,29.0
2025-06-01T15:00:00.533,0.533,32,WF,L_Knee,0x21,2,32,2.185,-0.911,+0.240,+0.418,+27.8,+7.9,+9.7,+0.964,+0.075,+0.254,29.0
2025-06-01T15:00:00.550,0.550,33,WF,L_Knee,0x21,2,33,2.186,-0.906,+0.239,+0.431,+74.6,+19.5,+17.6,+0.964,+0.074,+0.257,29.0
2025-06-01T15:00:00.566,0.567,34,WF,L_Knee,0x21,2,34,2.186,-0.918,+0.250,+0.462,+117.7,+27.0,+19.5,+0.962,+0.076,+0.262,29.0
2025-06-01T15:00:00.583,0.583,35,WF,L_Knee,0x21,2,35,2.186,-0.938,+0.271,+0.512,+97.6,+19.2,+11.5,+0.960,+0.081,+0.267,29.0
2025-06-01T15:00:00.600,0.600,36,WF,L_Knee,0x21,2,36,2.188,-0.943,+0.282,+0.543,+81.9,+10.5,+3.7,+0.960,+0.085,+0.268,29.0
2025-06-01T15:00:00.616,0.617,37,WF,L_Knee,0x21,2,37,2.188,-0.942,+0.299,+0.607,+98.7,+7.1,+0.5,+0.959,+0.092,+0.269,29.0
2025-06-01T15:00:00.633,0.633,38,WF,L_Knee,0x21,2,38,2.188,-0.931,+0.317,+0.662,+106.6,-0.2,-2.1,+0.959,+0.100,+0.267,29.0
2025-06-01T15:00:00.650,0.650,39,WF,L_Knee,0x21,2,39,2.190,-0.922,+0.335,+0.694,+89.2,-6.2,-4.4,+0.959,+0.109,+0.262,29.0
2025-06-01T15:00:00.666,0.667,40,WF,L_Knee,0x21,2,40,2.190,-0.919,+0.341,+0.700,+89.2,-12.9,-13.9,+0.959,+0.116,+0.258,29.0
2025-06-01T15:00:00.683,0.683,41,WF,L_Knee,0x21,2,41,2.190,-0.912,+0.343,+0.691,+98.4,-0.9,-24.4,+0.960,+0.130,+0.249,29.0
2025-06-01T15:00:00.700,0.700,42,WF,L_Knee,0x21,2,42,2.196,-0.908,+0.328,+0.649,+63.7,+49.2,-22.9,+0.957,+0.144,+0.250,29.0
2025-06-01T15:00:00.716,0.717,43,WF,L_Knee,0x21,2,43,2.196,-0.913,+0.301,+0.566,+38.6,+73.6,-11.4,+0.950,+0.153,+0.271,29.0
2025-06-01T15:00:00.733,0.733,44,WF,L_Knee,0x21,2,44,2.196,-0.920,+0.287,+0.515,+50.6,+113.0,-1.3,+0.945,+0.156,+0.287,29.0
2025-06-01T15:00:00.750,0.750,45,WF,L_Knee,0x21,2,45,2.199,-0.939,+0.261,+0.398,+5.0,+171.7,-2.9,+0.931,+0.163,+0.328,29.0
2025-06-01T15:00:00.766,0.767,46,WF,L_Knee,0x21,2,46,2.199,-0.960,+0.210,+0.247,-76.0,+131.6,-3.7,+0.912,+0.157,+0.380,29.0
2025-06-01T15:00:00.783,0.783,47,WF,L_Knee,0x21,2,47,2.199,-0.968,+0.174,+0.164,-162.1,+98.8,-13.4,+0.902,+0.148,+0.405,29.0
2025-06-01T15:00:00.800,0.800,48,WF,L_Knee,0x21,2,48,2.203,-0.975,+0.098,+0.009,-198.7,+81.8,-16.8,+0.887,+0.124,+0.445,29.0
2025-06-01T15:00:00.816,0.817,49,WF,L_Knee,0x21,2,49,2.203,-0.975,+0.036,-0.092,-103.3,+29.6,-14.5,+0.880,+0.107,+0.463,29.0
2025-06-01T15:00:00.833,0.833,50,WF,L_Knee,0x21,2,50,2.203,-0.971,-0.002,-0.124,-31.8,+9.7,-9.1,+0.878,+0.104,+0.467,29.0
2025-06-01T15:00:00.850,0.850,51,WF,L_Knee,0x21,2,51,2.207,-0.965,-0.018,-0.126,-40.4,+13.3,-10.9,+0.877,+0.103,+0.469,29.0
2025-06-01T15:00:00.866,0.867,52,WF,L_Knee,0x21,2,52,2.207,-0.942,-0.043,-0.112,-61.4,+18.1,-16.0,+0.874,+0.099,+0.476,29.0
2025-06-01T15:00:00.883,0.883,53,WF,L_Knee,0x21,2,53,2.207,-0.909,-0.055,-0.083,-46.6,+12.4,-12.7,+0.871,+0.094,+0.482,29.0
2025-06-01T15:00:00.900,0.900,54,WF,L_Knee,0x21,2,54,2.216,-0.892,-0.057,-0.070,-37.6,+10.0,-13.1,+0.870,+0.092,+0.485,29.0
2025-06-01T15:00:00.916,0.917,55,WF,L_Knee,0x21,2,55,2.216,-0.868,-0.054,-0.049,-110.2,+17.4,-22.2,+0.867,+0.090,+0.489,29.0
2025-06-01T15:00:00.933,0.933,56,WF,L_Knee,0x21,2,56,2.216,-0.853,-0.060,-0.072,-250.5,+23.6,-30.0,+0.864,+0.072,+0.499,29.0
2025-06-01T15:00:00.950,0.950,57,WF,L_Knee,0x21,2,57,2.221,-0.841,-0.070,-0.135,-251.3,+16.4,-23.5,+0.860,+0.032,+0.510,29.0
2025-06-01T15:00:00.966,0.967,58,WF,L_Knee,0x21,2,58,2.221,-0.835,-0.070,-0.167,-237.6,+10.7,-19.0,+0.858,+0.009,+0.513,29.0
2025-06-01T15:00:00.983,0.983,59,WF,L_Knee,0x21,2,59,2.221,-0.826,-0.053,-0.215,-245.3,+7.3,-18.6,+0.856,-0.030,+0.515,29.0
2025-06-01T15:00:01.000,1.000,60,WF,L_Knee,0x21,2,60,2.225,-0.825,-0.019,-0.233,-147.9,+3.7,-12.1,+0.856,-0.055,+0.514,29.0
2025-06-01T15:00:01.016,1.017,61,WF,L_Knee,0x21,2,61,2.225,-0.828,+0.000,-0.246,-170.2,+7.3,-17.5,+0.856,-0.068,+0.513,29.0
2025-06-01T15:00:01.033,1.033,62,WF,L_Knee,0x21,2,62,2.225,-0.842,+0.042,-0.280,-227.5,+12.5,-26.8,+0.855,-0.097,+0.510,29.0
2025-06-01T15:00:01.050,1.050,63,WF,L_Knee,0x21,2,63,2.229,-0.868,+0.087,-0.312,-201.3,+20.4,-27.4,+0.854,-0.122,+0.507,29.0
2025-06-01T15:00:01.066,1.067,64,WF,L_Knee,0x21,2,64,2.229,-0.901,+0.133,-0.336,-136.0,+20.5,-19.2,+0.851,-0.143,+0.506,29.0
2025-06-01T15:00:01.083,1.083,65,WF,L_Knee,0x21,2,65,2.229,-0.917,+0.153,-0.348,-130.9,+20.7,-19.5,+0.849,-0.153,+0.506,29.0
2025-06-01T15:00:01.100,1.100,66,WF,L_Knee,0x21,2,66,2.237,-0.943,+0.189,-0.366,-164.2,+18.7,-25.7,+0.846,-0.172,+0.504,29.0
2025-06-01T15:00:01.116,1.117,67,WF,L_Knee,0x21,2,67,2.237,-0.965,+0.214,-0.372,-136.1,+11.1,-23.1,+0.846,-0.188,+0.499,29.0
2025-06-01T15:00:01.133,1.133,68,WF,L_Knee,0x21,2,68,2.237,-0.991,+0.231,-0.366,-81.1,+10.2,-13.9,+0.846,-0.200,+0.495,29.0
2025-06-01T15:00:01.150,1.150,69,WF,L_Knee,0x21,2,69,2.240,-1.006,+0.236,-0.360,-54.2,+21.7,-10.2,+0.845,-0.205,+0.495,29.0
2025-06-01T15:00:01.166,1.167,70,WF,L_Knee,0x21,2,70,2.240,-1.033,+0.238,-0.345,-50.8,+35.3,-15.1,+0.841,-0.211,+0.499,29.0
2025-06-01T15:00:01.183,1.183,71,WF,L_Knee,0x21,2,71,2.240,-1.048,+0.228,-0.322,-24.0,+29.8,-21.0,+0.836,-0.212,+0.506,29.0
2025-06-01T15:00:01.200,1.200,72,WF,L_Knee,0x21,2,72,2.245,-1.053,+0.207,-0.290,-2.6,+12.0,-18.5,+0.834,-0.207,+0.511,29.0
2025-06-01T15:00:01.216,1.217,73,WF,L_Knee,0x21,2,73,2.245,-1.054,+0.194,-0.271,+18.0,-5.1,-16.1,+0.835,-0.204,+0.511,29.0
2025-06-01T15:00:01.233,1.233,74,WF,L_Knee,0x21,2,74,2.245,-1.059,+0.164,-0.230,+41.4,-16.9,-16.0,+0.838,-0.194,+0.510,29.0
2025-06-01T15:00:01.250,1.250,75,WF,L_Knee,0x21,2,75,2.245,-1.064,+0.132,-0.190,+41.3,-14.8,-8.7,+0.842,-0.184,+0.508,29.0
2025-06-01T15:00:01.266,1.267,76,WF,L_Knee,0x21,2,76,2.245,-1.062,+0.117,-0.175,+48.7,-3.6,-9.3,+0.843,-0.178,+0.507,29.0
2025-06-01T15:00:01.283,1.283,77,WF,L_Knee,0x21,2,77,2.245,-1.048,+0.091,-0.163,+71.1,+12.1,-14.1,+0.844,-0.165,+0.511,29.0
2025-06-01T15:00:01.300,1.300,78,WF,L_Knee,0x21,2,78,2.247,-1.026,+0.067,-0.193,+82.4,+23.5,-12.1,+0.841,-0.150,+0.520,29.0
2025-06-01T15:00:01.316,1.317,79,WF,L_Knee,0x21,2,79,2.247,-1.012,+0.032,-0.254,+68.5,+15.8,-6.7,+0.838,-0.134,+0.530,29.0
2025-06-01T15:00:01.333,1.333,80,WF,L_Knee,0x21,2,80,2.247,-1.006,+0.008,-0.285,+62.6,+15.0,-14.4,+0.837,-0.125,+0.533,29.0
2025-06-01T15:00:01.350,1.350,81,WF,L_Knee,0x21,2,81,2.248,-0.979,-0.047,-0.324,+51.0,+37.6,-45.2,+0.834,-0.107,+0.541,29.0
2025-06-01T15:00:01.366,1.367,82,WF,L_Knee,0x21,2,82,2.248,-0.914,-0.084,-0.325,+8.3,+41.2,-53.4,+0.827,-0.087,+0.555,29.0
2025-06-01T15:00:01.383,1.383,83,WF,L_Knee,0x21,2,83,2.248,-0.872,-0.087,-0.314,-17.0,+16.7,-49.1,+0.824,-0.079,+0.562,29.0
2025-06-01T15:00:01.400,1.400,84,WF,L_Knee,0x21,2,84,2.248,-0.800,-0.058,-0.268,-6.7,-59.1,-23.7,+0.824,-0.069,+0.562,29.0
2025-06-01T15:00:01.416,1.417,85,WF,L_Knee,0x21,2,85,2.248,-0.767,+0.000,-0.184,+33.0,-154.4,+25.4,+0.843,-0.070,+0.533,29.0
2025-06-01T15:00:01.433,1.433,86,WF,L_Knee,0x21,2,86,2.248,-0.761,+0.062,-0.077,+42.4,-131.1,+29.4,+0.870,-0.072,+0.487,29.0
2025-06-01T15:00:01.450,1.450,87,WF,L_Knee,0x21,2,87,2.248,-0.763,+0.087,-0.026,+34.7,-68.9,+9.0,+0.880,-0.072,+0.469,29.0
2025-06-01T15:00:01.466,1.467,88,WF,L_Knee,0x21,2,88,2.248,-0.781,+0.122,+0.054,+30.0,-21.2,-10.4,+0.889,-0.068,+0.453,29.0
2025-06-01T15:00:01.483,1.483,89,WF,L_Knee,0x21,2,89,2.248,-0.829,+0.131,+0.110,+18.8,+26.4,-33.2,+0.887,-0.059,+0.459,29.0
2025-06-01T15:00:01.500,1.500,90,WF,L_Knee,0x21,2,90,2.246,-0.896,+0.121,+0.154,+14.2,+22.2,-34.2,+0.883,-0.045,+0.468,29.0
2025-06-01T15:00:01.516,1.517,91,WF,L_Knee,0x21,2,91,2.246,-0.928,+0.110,+0.173,+18.5,+19.4,-37.9,+0.881,-0.037,+0.471,29.0
2025-06-01T15:00:01.533,1.533,92,WF,L_Knee,0x21,2,92,2.246,-0.980,+0.086,+0.199,+31.9,+29.4,-38.5,+0.878,-0.021,+0.478,29.0
2025-06-01T15:00:01.550,1.550,93,WF,L_Knee,0x21,2,93,2.245,-1.014,+0.060,+0.198,+29.9,+22.2,-16.0,+0.874,-0.009,+0.486,29.0
2025-06-01T15:00:01.566,1.567,94,WF,L_Knee,0x21,2,94,2.245,-1.029,+0.044,+0.184,+35.8,+9.4,-3.2,+0.872,-0.004,+0.489,29.0
2025-06-01T15:00:01.583,1.583,95,WF,L_Knee,0x21,2,95,2.245,-1.061,-0.007,+0.134,+49.2,-1.0,-3.9,+0.871,+0.003,+0.491,29.0
2025-06-01T15:00:01.600,1.600,96,WF,L_Knee,0x21,2,96,2.240,-1.088,-0.078,+0.085,+48.6,-6.0,-9.8,+0.872,+0.012,+0.489,29.0
2025-06-01T15:00:01.616,1.617,97,WF,L_Knee,0x21,2,97,2.240,-1.087,-0.138,+0.073,+34.3,-0.5,-11.2,+0.873,+0.022,+0.488,29.0
2025-06-01T15:00:01.633,1.633,98,WF,L_Knee,0x21,2,98,2.240,-1.073,-0.155,+0.078,+27.0,+5.2,-12.6,+0.872,+0.027,+0.488,29.0
2025-06-01T15:00:01.650,1.650,99,WF,L_Knee,0x21,2,99,2.238,-1.031,-0.155,+0.084,+29.2,+7.6,-13.9,+0.871,+0.036,+0.490,29.0
2025-06-01T15:00:01.666,1.667,100,WF,L_Knee,0x21,2,100,2.238,-0.988,-0.134,+0.053,+25.2,+8.1,-8.1,+0.870,+0.042,+0.491,29.0
2025-06-01T15:00:01.683,1.683,101,WF,L_Knee,0x21,2,101,2.238,-0.962,-0.113,-0.014,+18.2,+7.7,-3.6,+0.869,+0.047,+0.493,29.0
2025-06-01T15:00:01.700,1.700,102,WF,L_Knee,0x21,2,102,2.235,-0.956,-0.106,-0.051,+12.5,+11.2,-2.8,+0.868,+0.050,+0.495,29.0
2025-06-01T15:00:01.716,1.717,103,WF,L_Knee,0x21,2,103,2.235,-0.965,-0.097,-0.114,+10.5,+17.4,-0.3,+0.865,+0.052,+0.499,29.0
2025-06-01T15:00:01.733,1.733,104,WF,L_Knee,0x21,2,104,2.235,-1.001,-0.095,-0.150,+7.4,+14.8,+4.2,+0.863,+0.053,+0.503,29.0
2025-06-01T15:00:01.750,1.750,105,WF,L_Knee,0x21,2,105,2.231,-1.026,-0.095,-0.158,+17.5,+18.7,+8.6,+0.861,+0.052,+0.506,29.0
2025-06-01T15:00:01.766,1.767,106,WF,L_Knee,0x21,2,106,2.231,-1.073,-0.097,-0.157,+28.0,+28.8,+5.1,+0.857,+0.054,+0.512,29.0
2025-06-01T15:00:01.783,1.783,107,WF,L_Knee,0x21,2,107,2.231,-1.098,-0.099,-0.141,+18.6,+23.7,-4.7,+0.853,+0.058,+0.519,29.0
2025-06-01T15:00:01.800,1.800,108,WF,L_Knee,0x21,2,108,2.224,-1.099,-0.099,-0.130,+7.9,+24.9,-14.1,+0.850,+0.061,+0.523,29.0
2025-06-01T15:00:01.816,1.817,109,WF,L_Knee,0x21,2,109,2.224,-1.086,-0.101,-0.104,+8.8,+34.0,-17.1,+0.844,+0.068,+0.531,29.0
2025-06-01T15:00:01.833,1.833,110,WF,L_Knee,0x21,2,110,2.224,-1.063,-0.104,-0.076,+15.3,+34.4,-9.0,+0.839,+0.073,+0.540,29.0
2025-06-01T15:00:01.850,1.850,111,WF,L_Knee,0x21,2,111,2.220,-1.041,-0.107,-0.054,+16.1,+25.0,-2.5,+0.833,+0.077,+0.547,29.0
2025-06-01T15:00:01.866,1.867,112,WF,L_Knee,0x21,2,112,2.220,-1.031,-0.108,-0.046,+16.5,+22.0,-0.3,+0.831,+0.079,+0.551,29.0
2025-06-01T15:00:01.883,1.883,113,WF,L_Knee,0x21,2,113,2.220,-1.011,-0.110,-0.036,+20.6,+26.5,+0.1,+0.826,+0.082,+0.557,29.0
2025-06-01T15:00:01.900,1.900,114,WF,L_Knee,0x21,2,114,2.216,-0.991,-0.111,-0.035,+15.2,+18.2,+0.2,+0.822,+0.085,+0.563,29.0
2025-06-01T15:00:01.916,1.917,115,WF,L_Knee,0x21,2,115,2.216,-0.981,-0.111,-0.038,+16.1,+15.9,-0.6,+0.820,+0.087,+0.565,29.0
2025-06-01T15:00:01.933,1.933,116,WF,L_Knee,0x21,2,116,2.216,-0.963,-0.112,-0.052,+20.4,+18.0,-2.1,+0.817,+0.091,+0.570,29.0
2025-06-01T15:00:01.950,1.950,117,WF,L_Knee,0x21,2,117,2.212,-0.949,-0.113,-0.071,+13.6,+11.2,-2.2,+0.814,+0.095,+0.573,29.0
2025-06-01T15:00:01.966,1.967,118,WF,L_Knee,0x21,2,118,2.212,-0.944,-0.114,-0.081,+11.6,+10.2,-2.4,+0.813,+0.097,+0.574,29.0
2025-06-01T15:00:01.983,1.983,119,WF,L_Knee,0x21,2,119,2.212,-0.938,-0.115,-0.095,+16.8,+14.8,-3.7,+0.811,+0.100,+0.577,29.0
2025-06-01T15:00:02.000,2.000,120,WF,L_Knee,0x21,2,120,2.208,-0.936,-0.117,-0.098,+20.5,+16.5,-4.7,+0.808,+0.104,+0.580,29.0
2025-06-01T15:00:02.016,2.017,121,WF,L_Knee,0x21,2,121,2.208,-0.935,-0.119,-0.093,+17.1,+12.6,-4.0,+0.805,+0.109,+0.583,29.0
2025-06-01T15:00:02.033,2.033,122,WF,L_Knee,0x21,2,122,2.208,-0.936,-0.120,-0.090,+16.8,+11.5,-3.4,+0.803,+0.112,+0.585,29.0
2025-06-01T15:00:02.050,2.050,123,WF,L_Knee,0x21,2,123,2.204,-0.938,-0.120,-0.085,+22.0,+14.7,-2.8,+0.801,+0.116,+0.588,29.0
2025-06-01T15:00:02.066,2.067,124,WF,L_Knee,0x21,2,124,2.204,-0.942,-0.119,-0.083,+22.7,+14.2,-0.6,+0.798,+0.121,+0.590,29.0
2025-06-01T15:00:02.083,2.083,125,WF,L_Knee,0x21,2,125,2.204,-0.948,-0.118,-0.083,+17.4,+10.3,-0.2,+0.796,+0.124,+0.593,29.0
2025-06-01T15:00:02.100,2.100,126,WF,L_Knee,0x21,2,126,2.200,-0.950,-0.117,-0.084,+16.6,+10.3,-2.5,+0.795,+0.127,+0.594,29.0
2025-06-01T15:00:02.116,2.117,127,WF,L_Knee,0x21,2,127,2.200,-0.955,-0.117,-0.086,+22.7,+16.2,-5.9,+0.792,+0.131,+0.596,29.0
2025-06-01T15:00:02.133,2.133,128,WF,L_Knee,0x21,2,128,2.200,-0.959,-0.118,-0.087,+19.2,+14.9,-5.5,+0.789,+0.137,+0.600,29.0
2025-06-01T15:00:02.150,2.150,129,WF,L_Knee,0x21,2,129,2.196,-0.961,-0.119,-0.086,+25.2,+17.9,-4.4,+0.786,+0.141,+0.602,29.0
2025-06-01T15:00:02.166,2.167,130,WF,L_Knee,0x21,2,130,2.196,-0.963,-0.122,-0.082,+37.3,+23.5,-4.4,+0.782,+0.148,+0.606,29.0
2025-06-01T15:00:02.183,2.183,131,WF,L_Knee,0x21,2,131,2.196,-0.964,-0.125,-0.078,+39.0,+23.2,-3.0,+0.778,+0.156,+0.609,29.0
2025-06-01T15:00:02.200,2.200,132,WF,L_Knee,0x21,2,132,2.192,-0.965,-0.126,-0.076,+29.8,+19.2,-1.9,+0.773,+0.163,+0.613,29.0
2025-06-01T15:00:02.216,2.217,133,WF,L_Knee,0x21,2,133,2.192,-0.965,-0.127,-0.076,+31.8,+24.8,-1.5,+0.771,+0.167,+0.615,29.0
2025-06-01T15:00:02.233,2.233,134,WF,L_Knee,0x21,2,134,2.192,-0.966,-0.128,-0.075,+44.7,+37.3,-3.0,+0.764,+0.175,+0.621,29.0
2025-06-01T15:00:02.250,2.250,135,WF,L_Knee,0x21,2,135,2.188,-0.963,-0.133,-0.073,+46.5,+40.2,-4.8,+0.757,+0.185,+0.627,29.0
2025-06-01T15:00:02.266,2.267,136,WF,L_Knee,0x21,2,136,2.188,-0.956,-0.139,-0.074,+35.5,+31.0,-4.2,+0.749,+0.194,+0.633,29.0
2025-06-01T15:00:02.283,2.283,137,WF,L_Knee,0x21,2,137,2.188,-0.951,-0.141,-0.076,+37.5,+32.7,-3.0,+0.745,+0.199,+0.636,29.0
2025-06-01T15:00:02.300,2.300,138,WF,L_Knee,0x21,2,138,2.181,-0.944,-0.144,-0.083,+51.8,+42.9,-4.3,+0.737,+0.210,+0.643,29.0
2025-06-01T15:00:02.316,2.317,139,WF,L_Knee,0x21,2,139,2.181,-0.940,-0.140,-0.095,+39.8,+29.9,-4.4,+0.729,+0.221,+0.648,29.0
2025-06-01T15:00:02.333,2.333,140,WF,L_Knee,0x21,2,140,2.181,-0.939,-0.135,-0.103,+40.9,+27.2,-6.8,+0.725,+0.227,+0.651,29.0
2025-06-01T15:00:02.350,2.350,141,WF,L_Knee,0x21,2,141,2.179,-0.939,-0.119,-0.120,+55.6,+40.2,-9.7,+0.717,+0.239,+0.654,29.0
2025-06-01T15:00:02.366,2.367,142,WF,L_Knee,0x21,2,142,2.179,-0.941,-0.094,-0.136,+56.6,+52.0,-8.3,+0.708,+0.252,+0.660,29.0
2025-06-01T15:00:02.383,2.383,143,WF,L_Knee,0x21,2,143,2.179,-0.944,-0.065,-0.145,+43.3,+47.2,-5.3,+0.696,+0.264,+0.668,29.0
2025-06-01T15:00:02.400,2.400,144,WF,L_Knee,0x21,2,144,2.176,-0.944,-0.052,-0.147,+46.3,+54.2,-4.5,+0.689,+0.271,+0.672,29.0
2025-06-01T15:00:02.416,2.417,145,WF,L_Knee,0x21,2,145,2.176,-0.940,-0.029,-0.140,+68.4,+75.2,-7.7,+0.674,+0.284,+0.682,29.0
2025-06-01T15:00:02.433,2.433,146,WF,L_Knee,0x21,2,146,2.176,-0.924,-0.010,-0.123,+57.0,+58.6,-8.1,+0.658,+0.301,+0.690,29.0
2025-06-01T15:00:02.450,2.450,147,WF,L_Knee,0x21,2,147,2.174,-0.913,-0.001,-0.111,+63.4,+63.2,-11.1,+0.649,+0.310,+0.694,29.0
2025-06-01T15:00:02.466,2.467,148,WF,L_Knee,0x21,2,148,2.174,-0.885,+0.015,-0.086,+90.8,+88.4,-18.6,+0.630,+0.331,+0.702,29.0
2025-06-01T15:00:02.483,2.483,149,WF,L_Knee,0x21,2,149,2.174,-0.855,+0.024,-0.062,+72.4,+68.7,-17.0,+0.610,+0.354,+0.709,29.0
2025-06-01T15:00:02.500,2.500,150,WF,L_Knee,0x21,2,150,2.172,-0.837,+0.022,-0.051,+73.3,+80.0,-24.2,+0.599,+0.367,+0.712,29.0
2025-06-01T15:00:02.516,2.517,151,WF,L_Knee,0x21,2,151,2.172,-0.790,-0.001,-0.039,+96.2,+136.8,-48.1,+0.571,+0.393,+0.721,29.0
2025-06-01T15:00:02.533,2.533,152,WF,L_Knee,0x21,2,152,2.172,-0.730,-0.045,-0.044,+103.1,+165.1,-61.5,+0.530,+0.423,+0.735,29.0
2025-06-01T15:00:02.550,2.550,153,WF,L_Knee,0x21,2,153,2.171,-0.668,-0.099,-0.052,+87.2,+128.1,-47.7,+0.485,+0.456,+0.746,29.0
2025-06-01T15:00:02.566,2.567,154,WF,L_Knee,0x21,2,154,2.171,-0.639,-0.127,-0.055,+80.0,+184.6,-60.6,+0.462,+0.474,+0.749,29.0
2025-06-01T15:00:02.583,2.583,155,WF,L_Knee,0x21,2,155,2.171,-0.576,-0.194,-0.098,+66.5,+351.4,-120.5,+0.386,+0.508,+0.770,29.0
2025-06-01T15:00:02.600,2.600,156,WF,L_Knee,0x21,2,156,2.172,-0.496,-0.269,-0.193,+12.0,+402.0,-142.2,+0.268,+0.530,+0.804,29.0
2025-06-01T15:00:02.616,2.617,157,WF,L_Knee,0x21,2,157,2.172,-0.421,-0.331,-0.299,-8.8,+256.7,-90.6,+0.154,+0.536,+0.830,29.0
2025-06-01T15:00:02.633,2.633,158,WF,L_Knee,0x21,2,158,2.172,-0.397,-0.354,-0.340,-8.3,+120.3,-37.5,+0.117,+0.535,+0.837,29.0
2025-06-01T15:00:02.650,2.650,159,WF,L_Knee,0x21,2,159,2.175,-0.381,-0.387,-0.387,-3.8,+107.7,-27.8,+0.084,+0.534,+0.841,29.0
2025-06-01T15:00:02.666,2.667,160,WF,L_Knee,0x21,2,160,2.175,-0.357,-0.426,-0.413,-1.9,+81.8,-20.7,+0.055,+0.534,+0.844,29.0
2025-06-01T15:00:02.683,2.683,161,WF,L_Knee,0x21,2,161,2.175,-0.333,-0.451,-0.420,-4.8,+93.6,-26.1,+0.037,+0.534,+0.845,29.0
2025-06-01T15:00:02.700,2.700,162,WF,L_Knee,0x21,2,162,2.176,-0.263,-0.506,-0.416,-5.5,+117.4,-33.7,+0.001,+0.532,+0.847,29.0
2025-06-01T15:00:02.716,2.717,163,WF,L_Knee,0x21,2,163,2.176,-0.178,-0.560,-0.392,-4.5,+112.5,-36.5,-0.031,+0.531,+0.847,29.0
2025-06-01T15:00:02.733,2.733,164,WF,L_Knee,0x21,2,164,2.176,-0.091,-0.609,-0.368,-14.4,+119.5,-46.9,-0.066,+0.529,+0.846,29.0
2025-06-01T15:00:02.750,2.750,165,WF,L_Knee,0x21,2,165,2.182,-0.036,-0.634,-0.378,-71.7,+239.7,-107.9,-0.104,+0.522,+0.846,29.0
2025-06-01T15:00:02.766,2.767,166,WF,L_Knee,0x21,2,166,2.182,+0.096,-0.674,-0.449,-136.1,+352.4,-161.5,-0.215,+0.487,+0.846,29.0
2025-06-01T15:00:02.783,2.783,167,WF,L_Knee,0x21,2,167,2.182,+0.221,-0.689,-0.551,-157.0,+266.2,-121.5,-0.323,+0.435,+0.841,29.0
2025-06-01T15:00:02.800,2.800,168,WF,L_Knee,0x21,2,168,2.186,+0.287,-0.674,-0.646,-113.8,+108.5,-45.1,-0.378,+0.387,+0.841,29.0
2025-06-01T15:00:02.816,2.817,169,WF,L_Knee,0x21,2,169,2.186,+0.296,-0.659,-0.686,-115.8,+73.0,-15.5,-0.387,+0.369,+0.845,29.0
2025-06-01T15:00:02.833,2.833,170,WF,L_Knee,0x21,2,170,2.186,+0.317,-0.616,-0.773,-184.1,+134.3,-25.7,-0.417,+0.327,+0.848,29.0
2025-06-01T15:00:02.850,2.850,171,WF,L_Knee,0x21,2,171,2.195,+0.347,-0.549,-0.869,-157.9,+111.1,-20.8,-0.458,+0.272,+0.846,29.0
2025-06-01T15:00:02.866,2.867,172,WF,L_Knee,0x21,2,172,2.195,+0.357,-0.507,-0.916,-167.3,+74.3,-19.1,-0.476,+0.243,+0.845,29.0
2025-06-01T15:00:02.883,2.883,173,WF,L_Knee,0x21,2,173,2.195,+0.356,-0.406,-1.007,-220.4,+61.4,-15.3,-0.497,+0.185,+0.848,29.0
2025-06-01T15:00:02.900,2.900,174,WF,L_Knee,0x21,2,174,2.197,+0.333,-0.288,-1.089,-216.9,+43.7,-6.3,-0.508,+0.130,+0.852,29.0
2025-06-01T15:00:02.916,2.917,175,WF,L_Knee,0x21,2,175,2.197,+0.312,-0.163,-1.156,-165.1,+35.3,+0.3,-0.519,+0.075,+0.851,29.0
2025-06-01T15:00:02.933,2.933,176,WF,L_Knee,0x21,2,176,2.197,+0.309,-0.101,-1.179,-171.2,+32.9,+3.7,-0.525,+0.048,+0.850,29.0
2025-06-01T15:00:02.950,2.950,177,WF,L_Knee,0x21,2,177,2.203,+0.315,+0.021,-1.199,-227.3,+32.0,+7.0,-0.536,-0.008,+0.844,29.0
2025-06-01T15:00:02.966,2.967,178,WF,L_Knee,0x21,2,178,2.203,+0.325,+0.138,-1.187,-165.4,+12.9,+5.0,-0.541,-0.062,+0.839,29.0
2025-06-01T15:00:02.983,2.983,179,WF,L_Knee,0x21,2,179,2.203,+0.324,+0.194,-1.174,-148.9,-2.0,+3.3,-0.542,-0.087,+0.836,29.0
2025-06-01T15:00:03.000,3.000,180,WF,L_Knee,0x21,2,180,2.209,+0.307,+0.297,-1.145,-178.3,-10.8,+5.5,-0.540,-0.133,+0.831,29.0
2025-06-01T15:00:03.016,3.017,181,WF,L_Knee,0x21,2,181,2.209,+0.266,+0.389,-1.127,-148.0,-10.5,+8.3,-0.537,-0.172,+0.826,29.0
2025-06-01T15:00:03.033,3.033,182,WF,L_Knee,0x21,2,182,2.209,+0.206,+0.465,-1.124,-92.0,-1.4,+7.1,-0.536,-0.202,+0.820,29.0
2025-06-01T15:00:03.050,3.050,183,WF,L_Knee,0x21,2,183,2.216,+0.172,+0.495,-1.126,-66.6,+14.1,+5.7,-0.537,-0.214,+0.816,29.0
2025-06-01T15:00:03.066,3.067,184,WF,L_Knee,0x21,2,184,2.216,+0.105,+0.538,-1.135,-63.7,+35.8,+7.9,-0.544,-0.231,+0.807,29.0
2025-06-01T15:00:03.083,3.083,185,WF,L_Knee,0x21,2,185,2.216,+0.047,+0.553,-1.143,-28.9,+38.5,+7.9,-0.555,-0.241,+0.796,29.0
2025-06-01T15:00:03.100,3.100,186,WF,L_Knee,0x21,2,186,2.229,+0.022,+0.549,-1.148,-4.6,+49.1,+11.5,-0.563,-0.242,+0.790,29.0
2025-06-01T15:00:03.116,3.117,187,WF,L_Knee,0x21,2,187,2.229,-0.022,+0.521,-1.165,+15.7,+71.1,+14.0,-0.579,-0.239,+0.779,29.0
2025-06-01T15:00:03.133,3.133,188,WF,L_Knee,0x21,2,188,2.229,-0.052,+0.469,-1.185,+26.1,+56.1,+6.4,-0.597,-0.231,+0.769,29.0
2025-06-01T15:00:03.150,3.150,189,WF,L_Knee,0x21,2,189,2.231,-0.059,+0.439,-1.194,+38.6,+59.0,-0.5,-0.605,-0.225,+0.763,29.0
2025-06-01T15:00:03.166,3.167,190,WF,L_Knee,0x21,2,190,2.231,-0.049,+0.382,-1.214,+61.8,+77.4,-1.3,-0.623,-0.214,+0.753,29.0
2025-06-01T15:00:03.183,3.183,191,WF,L_Knee,0x21,2,191,2.231,-0.016,+0.323,-1.245,+80.7,+62.0,+4.6,-0.639,-0.199,+0.743,29.0
2025-06-01T15:00:03.200,3.200,192,WF,L_Knee,0x21,2,192,2.244,+0.019,+0.235,-1.273,+71.9,+29.7,+4.3,-0.650,-0.177,+0.739,29.0
2025-06-01T15:00:03.216,3.217,193,WF,L_Knee,0x21,2,193,2.244,+0.037,+0.182,-1.274,+66.2,+6.6,-14.2,-0.652,-0.166,+0.739,29.0
2025-06-01T15:00:03.233,3.233,194,WF,L_Knee,0x21,2,194,2.244,+0.081,+0.097,-1.237,+49.5,+2.0,-43.6,-0.652,-0.154,+0.743,29.0
2025-06-01T15:00:03.250,3.250,195,WF,L_Knee,0x21,2,195,2.257,+0.142,+0.096,-1.178,+3.2,+2.3,-42.6,-0.649,-0.161,+0.743,29.0
2025-06-01T15:00:03.266,3.267,196,WF,L_Knee,0x21,2,196,2.257,+0.177,+0.129,-1.157,-20.0,+3.5,-23.3,-0.649,-0.169,+0.742,29.0
2025-06-01T15:00:03.283,3.283,197,WF,L_Knee,0x21,2,197,2.257,+0.245,+0.225,-1.130,-11.5,-5.8,-7.8,-0.648,-0.179,+0.740,29.0
2025-06-01T15:00:03.300,3.300,198,WF,L_Knee,0x21,2,198,2.262,+0.309,+0.310,-1.082,+19.7,-22.3,-10.7,-0.645,-0.177,+0.743,29.0
2025-06-01T15:00:03.316,3.317,199,WF,L_Knee,0x21,2,199,2.262,+0.353,+0.369,-0.976,+27.0,-26.2,-21.9,-0.638,-0.174,+0.750,29.0
2025-06-01T15:00:03.333,3.333,200,WF,L_Knee,0x21,2,200,2.262,+0.353,+0.392,-0.908,+34.1,-45.5,-15.1,-0.632,-0.173,+0.756,29.0
2025-06-01T15:00:03.350,3.350,201,WF,L_Knee,0x21,2,201,2.264,+0.288,+0.421,-0.784,+51.8,-75.1,+8.2,-0.616,-0.165,+0.770,29.0
2025-06-01T15:00:03.366,3.367,202,WF,L_Knee,0x21,2,202,2.264,+0.160,+0.426,-0.713,+54.6,-58.3,+16.8,-0.599,-0.147,+0.787,29.0
2025-06-01T15:00:03.383,3.383,203,WF,L_Knee,0x21,2,203,2.264,+0.040,+0.414,-0.696,+35.8,-8.8,-8.5,-0.591,-0.134,+0.796,29.0
2025-06-01T15:00:03.400,3.400,204,WF,L_Knee,0x21,2,204,2.273,+0.001,+0.405,-0.701,+22.0,+53.0,-45.9,-0.594,-0.133,+0.793,29.0
2025-06-01T15:00:03.416,3.417,205,WF,L_Knee,0x21,2,205,2.273,-0.026,+0.384,-0.720,+25.8,+92.1,-57.4,-0.612,-0.140,+0.779,29.0
2025-06-01T15:00:03.433,3.433,206,WF,L_Knee,0x21,2,206,2.273,-0.019,+0.351,-0.756,+20.8,+61.0,-26.2,-0.631,-0.142,+0.763,29.0
2025-06-01T15:00:03.450,3.450,207,WF,L_Knee,0x21,2,207,2.282,-0.015,+0.323,-0.784,+24.2,+15.9,-4.1,-0.637,-0.140,+0.758,29.0
2025-06-01T15:00:03.466,3.467,208,WF,L_Knee,0x21,2,208,2.282,-0.014,+0.238,-0.861,+29.5,-11.3,-5.8,-0.638,-0.133,+0.759,29.0
2025-06-01T15:00:03.483,3.483,209,WF,L_Knee,0x21,2,209,2.282,-0.010,+0.137,-0.943,+22.3,-18.0,-15.3,-0.631,-0.129,+0.765,29.0
2025-06-01T15:00:03.500,3.500,210,WF,L_Knee,0x21,2,210,2.286,+0.020,+0.076,-1.009,+12.8,+0.7,-15.2,-0.629,-0.129,+0.767,29.0
2025-06-01T15:00:03.516,3.517,211,WF,L_Knee,0x21,2,211,2.286,+0.046,+0.071,-1.041,+10.1,+24.5,-11.5,-0.630,-0.129,+0.765,29.0
2025-06-01T15:00:03.533,3.533,212,WF,L_Knee,0x21,2,212,2.286,+0.110,+0.099,-1.113,+12.4,+38.4,-8.9,-0.639,-0.128,+0.759,29.0
2025-06-01T15:00:03.550,3.550,213,WF,L_Knee,0x21,2,213,2.288,+0.177,+0.135,-1.176,+8.9,+25.1,-2.6,-0.647,-0.127,+0.752,29.0
2025-06-01T15:00:03.566,3.567,214,WF,L_Knee,0x21,2,214,2.288,+0.206,+0.144,-1.188,+8.6,+14.4,+0.2,-0.649,-0.125,+0.750,29.0
2025-06-01T15:00:03.583,3.583,215,WF,L_Knee,0x21,2,215,2.288,+0.240,+0.150,-1.163,+10.2,+17.4,+0.8,-0.653,-0.123,+0.747,29.0
2025-06-01T15:00:03.600,3.600,216,WF,L_Knee,0x21,2,216,2.289,+0.227,+0.151,-1.105,+7.6,+22.6,+0.5,-0.657,-0.121,+0.744,29.0
2025-06-01T15:00:03.616,3.617,217,WF,L_Knee,0x21,2,217,2.289,+0.175,+0.151,-1.070,+4.3,+20.5,+0.1,-0.663,-0.119,+0.739,29.0
2025-06-01T15:00:03.633,3.633,218,WF,L_Knee,0x21,2,218,2.289,+0.145,+0.150,-1.066,+4.5,+20.8,+1.4,-0.666,-0.119,+0.737,29.0
2025-06-01T15:00:03.650,3.650,219,WF,L_Knee,0x21,2,219,2.291,+0.095,+0.145,-1.068,+8.5,+26.4,+3.9,-0.672,-0.117,+0.731,29.0
2025-06-01T15:00:03.666,3.667,220,WF,L_Knee,0x21,2,220,2.291,+0.071,+0.141,-1.057,+11.4,+24.3,+5.5,-0.677,-0.114,+0.727,29.0
2025-06-01T15:00:03.683,3.683,221,WF,L_Knee,0x21,2,221,2.291,+0.074,+0.137,-1.021,+8.8,+16.5,+3.6,-0.682,-0.110,+0.723,29.0
2025-06-01T15:00:03.700,3.700,222,WF,L_Knee,0x21,2,222,2.293,+0.083,+0.135,-0.998,+7.2,+12.3,+1.1,-0.685,-0.108,+0.721,29.0
2025-06-01T15:00:03.716,3.717,223,WF,L_Knee,0x21,2,223,2.293,+0.113,+0.128,-0.951,+8.7,+10.6,-0.5,-0.688,-0.107,+0.718,29.0
2025-06-01T15:00:03.733,3.733,224,WF,L_Knee,0x21,2,224,2.293,+0.146,+0.122,-0.923,+11.0,+2.6,+0.2,-0.689,-0.105,+0.717,29.0
2025-06-01T15:00:03.750,3.750,225,WF,L_Knee,0x21,2,225,2.294,+0.171,+0.115,-0.919,+10.9,-2.5,+2.3,-0.689,-0.102,+0.718,29.0
2025-06-01T15:00:03.766,3.767,226,WF,L_Knee,0x21,2,226,2.294,+0.180,+0.111,-0.922,+12.5,-7.2,+4.3,-0.688,-0.100,+0.719,29.0
2025-06-01T15:00:03.783,3.783,227,WF,L_Knee,0x21,2,227,2.294,+0.195,+0.105,-0.930,+13.7,-11.0,+3.2,-0.686,-0.095,+0.721,29.0
2025-06-01T15:00:03.800,3.800,228,WF,L_Knee,0x21,2,228,2.294,+0.204,+0.101,-0.934,+8.4,-9.5,-1.8,-0.684,-0.093,+0.724,29.0
2025-06-01T15:00:03.816,3.817,229,WF,L_Knee,0x21,2,229,2.294,+0.206,+0.100,-0.936,+4.8,-5.4,-2.9,-0.682,-0.092,+0.726,29.0
2025-06-01T15:00:03.833,3.833,230,WF,L_Knee,0x21,2,230,2.294,+0.204,+0.100,-0.938,+8.1,-4.1,-0.7,-0.681,-0.092,+0.726,29.0
2025-06-01T15:00:03.850,3.850,231,WF,L_Knee,0x21,2,231,2.293,+0.198,+0.098,-0.943,+15.0,-6.0,+2.1,-0.680,-0.089,+0.728,29.0
2025-06-01T15:00:03.866,3.867,232,WF,L_Knee,0x21,2,232,2.293,+0.194,+0.095,-0.947,+13.2,-5.4,+3.1,-0.679,-0.084,+0.729,29.0
2025-06-01T15:00:03.883,3.883,233,WF,L_Knee,0x21,2,233,2.293,+0.192,+0.093,-0.948,+12.9,-6.2,+3.2,-0.678,-0.082,+0.730,29.0
2025-06-01T15:00:03.900,3.900,234,WF,L_Knee,0x21,2,234,2.292,+0.190,+0.089,-0.953,+16.5,-6.9,+3.7,-0.676,-0.078,+0.733,29.0
2025-06-01T15:00:03.916,3.917,235,WF,L_Knee,0x21,2,235,2.292,+0.187,+0.085,-0.960,+12.3,-3.2,+2.1,-0.675,-0.074,+0.734,29.0
2025-06-01T15:00:03.933,3.933,236,WF,L_Knee,0x21,2,236,2.292,+0.185,+0.082,-0.964,+13.4,+1.4,+1.2,-0.675,-0.072,+0.734,29.0
2025-06-01T15:00:03.950,3.950,237,WF,L_Knee,0x21,2,237,2.290,+0.186,+0.077,-0.967,+19.2,+6.8,+1.7,-0.676,-0.067,+0.734,29.0
2025-06-01T15:00:03.966,3.967,238,WF,L_Knee,0x21,2,238,2.290,+0.190,+0.072,-0.966,+19.5,+11.8,+2.8,-0.678,-0.063,+0.732,29.0
2025-06-01T15:00:03.983,3.983,239,WF,L_Knee,0x21,2,239,2.290,+0.196,+0.069,-0.963,+13.6,+10.3,+2.5,-0.681,-0.058,+0.730,29.0
2025-06-01T15:00:04.000,4.000,240,WF,L_Knee,0x21,2,240,2.288,+0.198,+0.067,-0.963,+10.7,+10.2,+1.3,-0.682,-0.056,+0.729,29.0
2025-06-01T15:00:04.016,4.017,241,WF,L_Knee,0x21,2,241,2.288,+0.201,+0.063,-0.966,+13.8,+13.8,+0.3,-0.685,-0.053,+0.726,29.0
2025-06-01T15:00:04.033,4.033,242,WF,L_Knee,0x21,2,242,2.288,+0.205,+0.058,-0.971,+11.7,+10.9,-0.3,-0.688,-0.050,+0.724,29.0
2025-06-01T15:00:04.050,4.050,243,WF,L_Knee,0x21,2,243,2.286,+0.208,+0.054,-0.972,+15.1,+11.6,+0.4,-0.690,-0.048,+0.722,29.0
2025-06-01T15:00:04.066,4.067,244,WF,L_Knee,0x21,2,244,2.286,+0.214,+0.047,-0.970,+21.0,+13.3,+1.2,-0.693,-0.044,+0.719,29.0
2025-06-01T15:00:04.083,4.083,245,WF,L_Knee,0x21,2,245,2.286,+0.217,+0.041,-0.967,+20.4,+8.4,+2.4,-0.696,-0.039,+0.717,29.0
2025-06-01T15:00:04.100,4.100,246,WF,L_Knee,0x21,2,246,2.279,+0.214,+0.037,-0.964,+15.2,+3.7,+2.7,-0.697,-0.034,+0.717,29.0
2025-06-01T15:00:04.116,4.117,247,WF,L_Knee,0x21,2,247,2.279,+0.212,+0.034,-0.963,+16.8,+3.9,+4.5,-0.697,-0.031,+0.716,29.0
2025-06-01T15:00:04.133,4.133,248,WF,L_Knee,0x21,2,248,2.279,+0.210,+0.028,-0.957,+22.9,+8.0,+7.1,-0.698,-0.025,+0.715,29.0
2025-06-01T15:00:04.150,4.150,249,WF,L_Knee,0x21,2,249,2.275,+0.213,+0.022,-0.948,+16.5,+7.8,+5.4,-0.701,-0.019,+0.713,29.0
2025-06-01T15:00:04.166,4.167,250,WF,L_Knee,0x21,2,250,2.275,+0.215,+0.019,-0.943,+14.1,+6.3,+4.2,-0.702,-0.016,+0.712,29.0
2025-06-01T15:00:04.183,4.183,251,WF,L_Knee,0x21,2,251,2.275,+0.220,+0.015,-0.941,+17.3,+3.3,+4.3,-0.703,-0.012,+0.711,29.0
2025-06-01T15:00:04.200,4.200,252,WF,L_Knee,0x21,2,252,2.271,+0.224,+0.011,-0.948,+16.4,-1.5,+4.2,-0.703,-0.007,+0.711,29.0
2025-06-01T15:00:04.216,4.217,253,WF,L_Knee,0x21,2,253,2.271,+0.231,+0.006,-0.960,+11.8,-0.7,+4.2,-0.703,-0.003,+0.712,29.0
2025-06-01T15:00:04.233,4.233,254,WF,L_Knee,0x21,2,254,2.271,+0.236,+0.003,-0.967,+9.9,+4.4,+6.5,-0.703,-0.001,+0.711,29.0
2025-06-01T15:00:04.250,4.250,255,WF,L_Knee,0x21,2,255,2.267,+0.251,-0.005,-0.982,+9.7,+6.9,+8.5,-0.704,+0.004,+0.710,29.0
2025-06-01T15:00:04.266,4.267,256,WF,L_Knee,0x21,2,256,2.267,+0.266,-0.015,-0.998,+4.4,+2.3,+4.9,-0.706,+0.007,+0.709,29.0
2025-06-01T15:00:04.283,4.283,257,WF,L_Knee,0x21,2,257,2.267,+0.273,-0.020,-1.007,+1.5,-6.9,+2.3,-0.705,+0.008,+0.709,29.0
2025-06-01T15:00:04.300,4.300,258,WF,L_Knee,0x21,2,258,2.263,+0.283,-0.028,-1.023,+1.9,-13.8,+4.5,-0.703,+0.008,+0.711,29.0
2025-06-01T15:00:04.316,4.317,259,WF,L_Knee,0x21,2,259,2.263,+0.288,-0.035,-1.032,+3.5,-12.2,+10.1,-0.700,+0.010,+0.714,29.0
2025-06-01T15:00:04.333,4.333,260,WF,L_Knee,0x21,2,260,2.263,+0.287,-0.040,-1.036,+3.5,-5.7,+10.9,-0.698,+0.014,+0.716,29.0
2025-06-01T15:00:04.350,4.350,261,WF,L_Knee,0x21,2,261,2.254,+0.284,-0.041,-1.037,+2.3,-2.8,+10.7,-0.697,+0.016,+0.717,29.0
2025-06-01T15:00:04.366,4.367,262,WF,L_Knee,0x21,2,262,2.254,+0.275,-0.040,-1.041,+0.7,-3.1,+10.5,-0.696,+0.019,+0.717,29.0
2025-06-01T15:00:04.383,4.383,263,WF,L_Knee,0x21,2,263,2.254,+0.265,-0.036,-1.045,-0.9,-1.9,+7.0,-0.696,+0.021,+0.718,29.0
2025-06-01T15:00:04.400,4.400,264,WF,L_Knee,0x21,2,264,2.250,+0.255,-0.031,-1.043,-0.2,-0.3,+5.1,-0.695,+0.022,+0.718,29.0
2025-06-01T15:00:04.416,4.417,265,WF,L_Knee,0x21,2,265,2.250,+0.250,-0.028,-1.037,+1.8,+0.7,+6.2,-0.696,+0.023,+0.718,29.0
2025-06-01T15:00:04.433,4.433,266,WF,L_Knee,0x21,2,266,2.250,+0.240,-0.024,-1.020,+2.9,+2.7,+7.6,-0.696,+0.025,+0.718,29.0
2025-06-01T15:00:04.450,4.450,267,WF,L_Knee,0x21,2,267,2.245,+0.234,-0.020,-1.000,+1.6,+3.6,+4.2,-0.697,+0.027,+0.717,29.0
2025-06-01T15:00:04.466,4.467,268,WF,L_Knee,0x21,2,268,2.245,+0.232,-0.018,-0.990,-0.2,+3.8,+1.4,-0.697,+0.027,+0.716,29.0
2025-06-01T15:00:04.483,4.483,269,WF,L_Knee,0x21,2,269,2.245,+0.235,-0.016,-0.974,-0.9,+0.7,+0.3,-0.698,+0.027,+0.715,29.0
2025-06-01T15:00:04.500,4.500,270,WF,L_Knee,0x21,2,270,2.241,+0.243,-0.016,-0.963,-0.7,-6.8,+0.4,-0.697,+0.027,+0.716,29.0
2025-06-01T15:00:04.516,4.517,271,WF,L_Knee,0x21,2,271,2.241,+0.253,-0.019,-0.959,-0.4,-7.8,+1.7,-0.695,+0.027,+0.718,29.0
2025-06-01T15:00:04.533,4.533,272,WF,L_Knee,0x21,2,272,2.241,+0.257,-0.021,-0.960,-0.7,-5.3,+4.5,-0.694,+0.028,+0.719,29.0
2025-06-01T15:00:04.550,4.550,273,WF,L_Knee,0x21,2,273,2.237,+0.263,-0.026,-0.965,-0.7,-1.4,+7.0,-0.693,+0.029,+0.720,29.0
2025-06-01T15:00:04.566,4.567,274,WF,L_Knee,0x21,2,274,2.237,+0.265,-0.028,-0.972,+0.6,+4.1,+5.9,-0.693,+0.030,+0.720,29.0
2025-06-01T15:00:04.583,4.583,275,WF,L_Knee,0x21,2,275,2.237,+0.264,-0.030,-0.977,+1.2,+3.8,+2.8,-0.695,+0.031,+0.719,29.0
2025-06-01T15:00:04.600,4.600,276,WF,L_Knee,0x21,2,276,2.233,+0.263,-0.029,-0.979,+0.9,+1.9,+1.2,-0.695,+0.032,+0.718,29.0
2025-06-01T15:00:04.616,4.617,277,WF,L_Knee,0x21,2,277,2.233,+0.261,-0.027,-0.983,-0.7,+2.0,+1.4,-0.695,+0.032,+0.718,29.0
2025-06-01T15:00:04.633,4.633,278,WF,L_Knee,0x21,2,278,2.233,+0.260,-0.025,-0.988,-2.4,+4.0,+2.3,-0.696,+0.032,+0.717,29.0
2025-06-01T15:00:04.650,4.650,279,WF,L_Knee,0x21,2,279,2.225,+0.260,-0.022,-0.993,-1.8,+4.8,+2.5,-0.697,+0.032,+0.716,29.0
2025-06-01T15:00:04.666,4.667,280,WF,L_Knee,0x21,2,280,2.225,+0.260,-0.022,-0.995,-0.4,+5.7,+3.2,-0.698,+0.032,+0.716,29.0
2025-06-01T15:00:04.683,4.683,281,WF,L_Knee,0x21,2,281,2.225,+0.261,-0.022,-0.995,+0.3,+7.2,+4.4,-0.699,+0.033,+0.714,29.0
2025-06-01T15:00:04.700,4.700,282,WF,L_Knee,0x21,2,282,2.222,+0.262,-0.023,-0.992,+0.3,+6.9,+4.8,-0.701,+0.034,+0.713,29.0
2025-06-01T15:00:04.716,4.717,283,WF,L_Knee,0x21,2,283,2.222,+0.264,-0.024,-0.985,-0.3,+5.1,+4.0,-0.702,+0.035,+0.711,29.0
2025-06-01T15:00:04.733,4.733,284,WF,L_Knee,0x21,2,284,2.222,+0.266,-0.024,-0.982,-1.7,+3.4,+3.4,-0.703,+0.036,+0.711,29.0
2025-06-01T15:00:04.750,4.750,285,WF,L_Knee,0x21,2,285,2.218,+0.269,-0.024,-0.976,-3.9,+0.3,+1.7,-0.703,+0.036,+0.710,29.0
2025-06-01T15:00:04.766,4.767,286,WF,L_Knee,0x21,2,286,2.218,+0.272,-0.022,-0.975,-3.8,-3.4,-1.0,-0.703,+0.035,+0.711,29.0
2025-06-01T15:00:04.783,4.783,287,WF,L_Knee,0x21,2,287,2.218,+0.272,-0.021,-0.975,-3.0,-6.4,-1.9,-0.702,+0.034,+0.711,29.0
2025-06-01T15:00:04.800,4.800,288,WF,L_Knee,0x21,2,288,2.212,+0.271,-0.020,-0.976,-2.2,-7.7,-0.9,-0.700,+0.033,+0.713,29.0
2025-06-01T15:00:04.816,4.817,289,WF,L_Knee,0x21,2,289,2.212,+0.268,-0.020,-0.975,-0.5,-4.1,+0.9,-0.699,+0.033,+0.715,29.0
2025-06-01T15:00:04.833,4.833,290,WF,L_Knee,0x21,2,290,2.212,+0.266,-0.020,-0.974,-0.1,-1.4,+1.9,-0.698,+0.033,+0.715,29.0
2025-06-01T15:00:04.850,4.850,291,WF,L_Knee,0x21,2,291,2.210,+0.262,-0.019,-0.968,-0.3,-0.7,+1.9,-0.698,+0.034,+0.715,29.0
2025-06-01T15:00:04.866,4.867,292,WF,L_Knee,0x21,2,292,2.210,+0.258,-0.018,-0.962,-0.1,-0.5,+1.4,-0.698,+0.034,+0.715,29.0
2025-06-01T15:00:04.883,4.883,293,WF,L_Knee,0x21,2,293,2.210,+0.255,-0.017,-0.956,+0.2,-0.9,+1.3,-0.698,+0.034,+0.715,29.0
2025-06-01T15:00:04.900,4.900,294,WF,L_Knee,0x21,2,294,2.207,+0.254,-0.017,-0.954,+0.2,-1.8,+2.3,-0.698,+0.034,+0.716,29.0
2025-06-01T15:00:04.916,4.917,295,WF,L_Knee,0x21,2,295,2.207,+0.251,-0.018,-0.953,-0.3,-2.9,+3.6,-0.697,+0.035,+0.716,29.0
2025-06-01T15:00:04.933,4.933,296,WF,L_Knee,0x21,2,296,2.207,+0.248,-0.018,-0.956,-0.8,-2.2,+2.4,-0.696,+0.036,+0.717,29.0
2025-06-01T15:00:04.950,4.950,297,WF,L_Knee,0x21,2,297,2.205,+0.247,-0.019,-0.958,-1.1,-2.1,+0.8,-0.696,+0.036,+0.717,29.0
2025-06-01T15:00:04.966,4.967,298,WF,L_Knee,0x21,2,298,2.205,+0.245,-0.020,-0.962,-1.4,-4.2,+0.1,-0.696,+0.036,+0.718,29.0
2025-06-01T15:00:04.983,4.983,299,WF,L_Knee,0x21,2,299,2.205,+0.244,-0.020,-0.965,-1.4,-6.6,+0.2,-0.694,+0.035,+0.719,29.0
2025-06-01T15:00:05.000,5.000,300,WF,L_Knee,0x21,2,300,2.204,+0.242,-0.021,-0.968,-1.2,-5.3,+0.7,-0.693,+0.035,+0.720,29.0
2025-06-01T15:00:05.016,5.017,301,WF,L_Knee,0x21,2,301,2.204,+0.242,-0.021,-0.969,-1.5,-2.8,+0.7,-0.692,+0.035,+0.721,29.0
2025-06-01T15:00:05.033,5.033,302,WF,L_Knee,0x21,2,302,2.204,+0.243,-0.021,-0.972,-1.9,-1.4,+0.6,-0.692,+0.035,+0.721,29.0
2025-06-01T15:00:05.050,5.050,303,WF,L_Knee,0x21,2,303,2.203,+0.245,-0.020,-0.974,-1.3,-0.5,+0.4,-0.692,+0.034,+0.721,29.0
2025-06-01T15:00:05.066,5.067,304,WF,L_Knee,0x21,2,304,2.203,+0.245,-0.020,-0.975,-1.0,-2.3,+1.4,-0.691,+0.034,+0.722,29.0
2025-06-01T15:00:05.083,5.083,305,WF,L_Knee,0x21,2,305,2.203,+0.245,-0.018,-0.978,-1.5,-3.9,+2.4,-0.691,+0.035,+0.722,29.0
2025-06-01T15:00:05.100,5.100,306,WF,L_Knee,0x21,2,306,2.201,+0.244,-0.017,-0.980,-1.8,-2.6,+1.9,-0.690,+0.035,+0.723,29.0
2025-06-01T15:00:05.116,5.117,307,WF,L_Knee,0x21,2,307,2.201,+0.243,-0.015,-0.981,-1.5,-0.9,+0.8,-0.689,+0.035,+0.724,29.0
2025-06-01T15:00:05.133,5.133,308,WF,L_Knee,0x21,2,308,2.201,+0.242,-0.015,-0.981,-1.3,-1.1,+0.7,-0.689,+0.034,+0.724,29.0
2025-06-01T15:00:05.150,5.150,309,WF,L_Knee,0x21,2,309,2.200,+0.240,-0.013,-0.982,-1.7,-2.4,+1.6,-0.689,+0.034,+0.724,29.0
2025-06-01T15:00:05.166,5.167,310,WF,L_Knee,0x21,2,310,2.200,+0.238,-0.012,-0.984,-2.2,-1.7,+2.0,-0.688,+0.034,+0.725,29.0
2025-06-01T15:00:05.183,5.183,311,WF,L_Knee,0x21,2,311,2.200,+0.238,-0.011,-0.986,-2.1,+0.1,+1.1,-0.688,+0.034,+0.725,29.0
2025-06-01T15:00:05.200,5.200,312,WF,L_Knee,0x21,2,312,2.200,+0.238,-0.011,-0.987,-1.9,+0.7,-0.5,-0.688,+0.034,+0.725,29.0
2025-06-01T15:00:05.216,5.217,313,WF,L_Knee,0x21,2,313,2.200,+0.240,-0.011,-0.986,-1.3,-1.5,-2.4,-0.688,+0.033,+0.724,29.0
2025-06-01T15:00:05.233,5.233,314,WF,L_Knee,0x21,2,314,2.200,+0.241,-0.012,-0.983,-0.1,-4.9,-3.6,-0.688,+0.032,+0.725,29.0
2025-06-01T15:00:05.250,5.250,315,WF,L_Knee,0x21,2,315,2.201,+0.241,-0.012,-0.979,-0.0,-3.9,-2.5,-0.687,+0.032,+0.726,29.0
2025-06-01T15:00:05.266,5.267,316,WF,L_Knee,0x21,2,316,2.201,+0.242,-0.013,-0.978,-1.1,+0.1,-0.4,-0.686,+0.031,+0.727,29.0
2025-06-01T15:00:05.283,5.283,317,WF,L_Knee,0x21,2,317,2.201,+0.242,-0.012,-0.975,-2.4,+4.0,+2.4,-0.687,+0.031,+0.726,29.0
2025-06-01T15:00:05.300,5.300,318,WF,L_Knee,0x21,2,318,2.201,+0.243,-0.012,-0.975,-2.3,+4.5,+4.0,-0.688,+0.031,+0.725,29.0
2025-06-01T15:00:05.316,5.317,319,WF,L_Knee,0x21,2,319,2.201,+0.242,-0.011,-0.975,-1.2,+1.0,+1.5,-0.688,+0.032,+0.725,29.0
2025-06-01T15:00:05.333,5.333,320,WF,L_Knee,0x21,2,320,2.201,+0.242,-0.011,-0.976,-0.9,-2.7,-3.4,-0.688,+0.031,+0.725,29.0
2025-06-01T15:00:05.350,5.350,321,WF,L_Knee,0x21,2,321,2.203,+0.242,-0.010,-0.976,-1.7,-2.3,-6.5,-0.687,+0.030,+0.726,29.0
2025-06-01T15:00:05.366,5.367,322,WF,L_Knee,0x21,2,322,2.203,+0.244,-0.009,-0.975,-1.6,+1.3,-3.7,-0.687,+0.028,+0.726,29.0
2025-06-01T15:00:05.383,5.383,323,WF,L_Knee,0x21,2,323,2.203,+0.244,-0.008,-0.975,-1.7,+7.5,+2.5,-0.688,+0.028,+0.725,29.0
2025-06-01T15:00:05.400,5.400,324,WF,L_Knee,0x21,2,324,2.204,+0.246,-0.008,-0.974,-1.9,+12.5,+7.0,-0.690,+0.028,+0.723,29.0
2025-06-01T15:00:05.416,5.417,325,WF,L_Knee,0x21,2,325,2.204,+0.247,-0.009,-0.974,-1.5,+10.2,+6.4,-0.693,+0.030,+0.720,29.0
2025-06-01T15:00:05.433,5.433,326,WF,L_Knee,0x21,2,326,2.204,+0.248,-0.009,-0.972,-0.9,+4.6,+2.4,-0.695,+0.030,+0.719,29.0
2025-06-01T15:00:05.450,5.450,327,WF,L_Knee,0x21,2,327,2.208,+0.249,-0.009,-0.971,-0.5,+1.3,+0.1,-0.695,+0.030,+0.718,29.0
2025-06-01T15:00:05.466,5.467,328,WF,L_Knee,0x21,2,328,2.208,+0.249,-0.009,-0.969,-0.5,+0.8,-0.3,-0.695,+0.030,+0.718,29.0
2025-06-01T15:00:05.483,5.483,329,WF,L_Knee,0x21,2,329,2.208,+0.249,-0.009,-0.969,-0.3,+0.7,-0.1,-0.695,+0.030,+0.718,29.0
2025-06-01T15:00:05.500,5.500,330,WF,L_Knee,0x21,2,330,2.210,+0.249,-0.008,-0.969,-0.3,+0.8,-0.0,-0.695,+0.030,+0.718,29.0
2025-06-01T15:00:05.516,5.517,331,WF,L_Knee,0x21,2,331,2.210,+0.247,-0.008,-0.969,-0.7,+1.7,+0.0,-0.696,+0.030,+0.718,29.0
2025-06-01T15:00:05.533,5.533,332,WF,L_Knee,0x21,2,332,2.210,+0.245,-0.007,-0.969,-1.1,+2.3,+0.3,-0.696,+0.030,+0.717,29.0
2025-06-01T15:00:05.550,5.550,333,WF,L_Knee,0x21,2,333,2.213,+0.245,-0.006,-0.969,-0.9,+1.5,+0.4,-0.697,+0.030,+0.717,29.0
2025-06-01T15:00:05.566,5.567,334,WF,L_Knee,0x21,2,334,2.213,+0.244,-0.006,-0.969,-0.9,+0.4,-0.4,-0.697,+0.030,+0.717,29.0
2025-06-01T15:00:05.583,5.583,335,WF,L_Knee,0x21,2,335,2.213,+0.244,-0.005,-0.970,-1.4,+0.1,-1.5,-0.697,+0.029,+0.717,29.0
2025-06-01T15:00:05.600,5.600,336,WF,L_Knee,0x21,2,336,2.215,+0.244,-0.004,-0.970,-1.3,+0.5,-1.6,-0.697,+0.028,+0.717,29.0
2025-06-01T15:00:05.616,5.617,337,WF,L_Knee,0x21,2,337,2.215,+0.244,-0.004,-0.971,-1.4,+1.8,-0.8,-0.697,+0.028,+0.717,29.0
2025-06-01T15:00:05.633,5.633,338,WF,L_Knee,0x21,2,338,2.215,+0.245,-0.003,-0.971,-1.8,+2.2,-0.5,-0.698,+0.027,+0.716,29.0
2025-06-01T15:00:05.650,5.650,339,WF,L_Knee,0x21,2,339,2.218,+0.245,-0.003,-0.971,-1.3,-0.0,-0.5,-0.698,+0.027,+0.716,29.0
2025-06-01T15:00:05.666,5.667,340,WF,L_Knee,0x21,2,340,2.218,+0.245,-0.003,-0.970,-0.3,-1.5,-0.1,-0.698,+0.027,+0.716,29.0
2025-06-01T15:00:05.683,5.683,341,WF,L_Knee,0x21,2,341,2.218,+0.245,-0.004,-0.970,+1.8,-1.9,+2.3,-0.697,+0.027,+0.716,29.0
2025-06-01T15:00:05.700,5.700,342,WF,L_Knee,0x21,2,342,2.224,+0.244,-0.005,-0.968,+4.1,-1.6,+5.6,-0.697,+0.028,+0.717,29.0
2025-06-01T15:00:05.716,5.717,343,WF,L_Knee,0x21,2,343,2.224,+0.243,-0.007,-0.966,+3.5,-0.1,+5.3,-0.697,+0.031,+0.717,29.0
2025-06-01T15:00:05.733,5.733,344,WF,L_Knee,0x21,2,344,2.224,+0.243,-0.008,-0.965,+0.9,+0.7,+1.6,-0.697,+0.032,+0.717,29.0
2025-06-01T15:00:05.750,5.750,345,WF,L_Knee,0x21,2,345,2.227,+0.243,-0.008,-0.966,-2.1,+1.8,-2.7,-0.697,+0.032,+0.717,29.0
2025-06-01T15:00:05.766,5.767,346,WF,L_Knee,0x21,2,346,2.227,+0.245,-0.006,-0.968,-4.3,+3.2,-5.8,-0.697,+0.030,+0.716,29.0
2025-06-01T15:00:05.783,5.783,347,WF,L_Knee,0x21,2,347,2.227,+0.247,-0.004,-0.970,-3.5,+2.3,-4.8,-0.698,+0.028,+0.715,29.0
2025-06-01T15:00:05.800,5.800,348,WF,L_Knee,0x21,2,348,2.230,+0.248,-0.004,-0.970,-2.3,+0.6,-3.4,-0.698,+0.027,+0.715,29.0
2025-06-01T15:00:05.816,5.817,349,WF,L_Knee,0x21,2,349,2.230,+0.249,-0.002,-0.970,-1.4,-0.6,-2.1,-0.699,+0.025,+0.715,29.0
2025-06-01T15:00:05.833,5.833,350,WF,L_Knee,0x21,2,350,2.230,+0.249,-0.002,-0.969,+0.5,-1.0,+1.0,-0.698,+0.025,+0.715,29.0
2025-06-01T15:00:05.850,5.850,351,WF,L_Knee,0x21,2,351,2.233,+0.247,-0.002,-0.969,+0.9,-0.4,+1.8,-0.698,+0.026,+0.716,29.0
2025-06-01T15:00:05.866,5.867,352,WF,L_Knee,0x21,2,352,2.233,+0.246,-0.002,-0.969,+0.5,-0.4,+1.6,-0.698,+0.026,+0.716,29.0
2025-06-01T15:00:05.883,5.883,353,WF,L_Knee,0x21,2,353,2.233,+0.244,-0.002,-0.969,-0.1,-0.9,+1.0,-0.698,+0.027,+0.716,29.0
2025-06-01T15:00:05.900,5.900,354,WF,L_Knee,0x21,2,354,2.236,+0.242,-0.002,-0.969,-0.5,-0.7,-0.0,-0.698,+0.027,+0.716,29.0
2025-06-01T15:00:05.916,5.917,355,WF,L_Knee,0x21,2,355,2.236,+0.242,-0.002,-0.969,-0.5,-0.2,-0.2,-0.698,+0.027,+0.716,29.0
2025-06-01T15:00:05.933,5.933,356,WF,L_Knee,0x21,2,356,2.236,+0.241,-0.002,-0.968,-0.4,-0.2,-0.2,-0.698,+0.026,+0.716,29.0
2025-06-01T15:00:05.950,5.950,357,WF,L_Knee,0x21,2,357,2.237,+0.241,-0.002,-0.968,-0.3,-1.0,-0.2,-0.698,+0.026,+0.716,29.0
2025-06-01T15:00:05.966,5.967,358,WF,L_Knee,0x21,2,358,2.237,+0.241,-0.002,-0.968,-0.1,-1.6,+0.1,-0.697,+0.026,+0.716,29.0
2025-06-01T15:00:05.983,5.983,359,WF,L_Knee,0x21,2,359,2.237,+0.241,-0.002,-0.969,+1.5,-2.5,+2.7,-0.697,+0.026,+0.717,29.0
2025-06-01T15:00:06.000,6.000,360,WF,L_Knee,0x21,2,360,2.239,+0.240,-0.003,-0.969,+4.4,-3.6,+7.4,-0.696,+0.028,+0.717,29.0
2025-06-01T15:00:06.016,6.017,361,WF,L_Knee,0x21,2,361,2.239,+0.237,-0.006,-0.968,+4.5,-2.7,+7.6,-0.695,+0.031,+0.718,29.0
2025-06-01T15:00:06.033,6.033,362,WF,L_Knee,0x21,2,362,2.239,+0.235,-0.007,-0.967,+3.1,-2.5,+5.9,-0.695,+0.033,+0.718,29.0
2025-06-01T15:00:06.050,6.050,363,WF,L_Knee,0x21,2,363,2.242,+0.234,-0.009,-0.966,+0.8,-2.9,+3.0,-0.694,+0.035,+0.719,29.0
2025-06-01T15:00:06.066,6.067,364,WF,L_Knee,0x21,2,364,2.242,+0.234,-0.008,-0.966,-1.6,-2.6,-0.7,-0.694,+0.034,+0.720,29.0
2025-06-01T15:00:06.083,6.083,365,WF,L_Knee,0x21,2,365,2.242,+0.234,-0.008,-0.966,-0.1,-3.6,+0.5,-0.693,+0.034,+0.720,29.0
2025-06-01T15:00:06.100,6.100,366,WF,L_Knee,0x21,2,366,2.245,+0.232,-0.008,-0.966,+1.4,-3.7,+1.5,-0.692,+0.035,+0.721,29.0
2025-06-01T15:00:06.116,6.117,367,WF,L_Knee,0x21,2,367,2.245,+0.231,-0.008,-0.966,+0.4,-3.6,-0.9,-0.691,+0.035,+0.722,29.0
2025-06-01T15:00:06.133,6.133,368,WF,L_Knee,0x21,2,368,2.245,+0.229,-0.008,-0.967,-2.4,-2.5,-5.7,-0.691,+0.034,+0.722,29.0
2025-06-01T15:00:06.150,6.150,369,WF,L_Knee,0x21,2,369,2.252,+0.230,-0.006,-0.969,-3.2,+0.0,-6.4,-0.691,+0.032,+0.723,29.0
2025-06-01T15:00:06.166,6.167,370,WF,L_Knee,0x21,2,370,2.252,+0.231,-0.005,-0.970,-1.6,+0.7,-3.7,-0.691,+0.030,+0.722,29.0
2025-06-01T15:00:06.183,6.183,371,WF,L_Knee,0x21,2,371,2.252,+0.230,-0.004,-0.971,+0.3,+0.8,+0.1,-0.691,+0.030,+0.722,29.0
2025-06-01T15:00:06.200,6.200,372,WF,L_Knee,0x21,2,372,2.258,+0.229,-0.004,-0.973,+1.0,+2.6,+4.3,-0.691,+0.031,+0.722,29.0
2025-06-01T15:00:06.216,6.217,373,WF,L_Knee,0x21,2,373,2.258,+0.229,-0.005,-0.974,-0.2,+4.1,+3.7,-0.692,+0.032,+0.721,29.0
2025-06-01T15:00:06.233,6.233,374,WF,L_Knee,0x21,2,374,2.258,+0.230,-0.005,-0.974,-1.0,+5.2,+2.9,-0.693,+0.032,+0.720,29.0
2025-06-01T15:00:06.250,6.250,375,WF,L_Knee,0x21,2,375,2.259,+0.233,-0.005,-0.972,-0.5,+3.5,+3.7,-0.694,+0.033,+0.719,29.0
2025-06-01T15:00:06.266,6.267,376,WF,L_Knee,0x21,2,376,2.259,+0.236,-0.006,-0.969,+1.1,-2.4,+4.1,-0.694,+0.033,+0.719,29.0
2025-06-01T15:00:06.283,6.283,377,WF,L_Knee,0x21,2,377,2.259,+0.236,-0.007,-0.966,+1.4,-3.7,+3.2,-0.693,+0.035,+0.720,29.0
2025-06-01T15:00:06.300,6.300,378,WF,L_Knee,0x21,2,378,2.265,+0.235,-0.007,-0.964,+1.2,-1.9,+3.4,-0.692,+0.035,+0.721,29.0
2025-06-01T15:00:06.316,6.317,379,WF,L_Knee,0x21,2,379,2.265,+0.235,-0.008,-0.964,+1.0,-0.3,+4.7,-0.692,+0.037,+0.721,29.0
2025-06-01T15:00:06.333,6.333,380,WF,L_Knee,0x21,2,380,2.265,+0.233,-0.008,-0.965,+0.3,+0.5,+3.4,-0.692,+0.038,+0.721,29.0
2025-06-01T15:00:06.350,6.350,381,WF,L_Knee,0x21,2,381,2.269,+0.232,-0.008,-0.966,-0.2,-0.1,+2.9,-0.692,+0.038,+0.721,29.0
2025-06-01T15:00:06.366,6.367,382,WF,L_Knee,0x21,2,382,2.269,+0.228,-0.007,-0.969,+0.2,+0.9,+4.5,-0.692,+0.039,+0.721,29.0
2025-06-01T15:00:06.383,6.383,383,WF,L_Knee,0x21,2,383,2.269,+0.223,-0.007,-0.971,+1.0,+2.1,+4.7,-0.693,+0.040,+0.720,29.0
2025-06-01T15:00:06.400,6.400,384,WF,L_Knee,0x21,2,384,2.273,+0.221,-0.007,-0.971,+3.1,+3.3,+8.1,-0.693,+0.041,+0.720,29.0
2025-06-01T15:00:06.416,6.417,385,WF,L_Knee,0x21,2,385,2.273,+0.214,-0.009,-0.969,+6.4,+3.5,+13.3,-0.694,+0.045,+0.719,29.0
2025-06-01T15:00:06.433,6.433,386,WF,L_Knee,0x21,2,386,2.273,+0.208,-0.011,-0.967,+8.0,+3.3,+13.5,-0.694,+0.049,+0.718,29.0
2025-06-01T15:00:06.450,6.450,387,WF,L_Knee,0x21,2,387,2.282,+0.204,-0.013,-0.968,+5.8,+4.2,+8.4,-0.695,+0.053,+0.717,29.0
2025-06-01T15:00:06.466,6.467,388,WF,L_Knee,0x21,2,388,2.282,+0.204,-0.013,-0.968,+3.4,+9.6,+4.9,-0.696,+0.055,+0.716,29.0
2025-06-01T15:00:06.483,6.483,389,WF,L_Knee,0x21,2,389,2.282,+0.207,-0.014,-0.969,+1.5,+17.2,+4.1,-0.699,+0.057,+0.713,29.0
2025-06-01T15:00:06.500,6.500,390,WF,L_Knee,0x21,2,390,2.286,+0.215,-0.013,-0.968,-0.7,+15.0,+2.1,-0.703,+0.057,+0.709,29.0
2025-06-01T15:00:06.516,6.517,391,WF,L_Knee,0x21,2,391,2.286,+0.219,-0.013,-0.967,-0.8,+14.8,+2.9,-0.705,+0.057,+0.707,29.0
2025-06-01T15:00:06.533,6.533,392,WF,L_Knee,0x21,2,392,2.286,+0.226,-0.014,-0.964,+1.3,+18.1,+6.7,-0.709,+0.058,+0.703,29.0
2025-06-01T15:00:06.550,6.550,393,WF,L_Knee,0x21,2,393,2.291,+0.233,-0.018,-0.957,+6.2,+17.2,+11.4,-0.712,+0.061,+0.700,29.0
2025-06-01T15:00:06.566,6.567,394,WF,L_Knee,0x21,2,394,2.291,+0.239,-0.023,-0.946,+7.8,+13.2,+11.2,-0.715,+0.065,+0.696,29.0
2025-06-01T15:00:06.583,6.583,395,WF,L_Knee,0x21,2,395,2.291,+0.242,-0.026,-0.940,+10.5,+12.9,+12.5,-0.717,+0.068,+0.694,29.0
2025-06-01T15:00:06.600,6.600,396,WF,L_Knee,0x21,2,396,2.301,+0.246,-0.031,-0.929,+13.5,+15.6,+15.0,-0.720,+0.075,+0.690,29.0
2025-06-01T15:00:06.616,6.617,397,WF,L_Knee,0x21,2,397,2.301,+0.251,-0.035,-0.923,+10.0,+15.0,+11.1,-0.722,+0.080,+0.687,29.0
2025-06-01T15:00:06.633,6.633,398,WF,L_Knee,0x21,2,398,2.301,+0.257,-0.037,-0.921,+4.8,+13.3,+6.2,-0.725,+0.083,+0.683,29.0
2025-06-01T15:00:06.650,6.650,399,WF,L_Knee,0x21,2,399,2.307,+0.261,-0.038,-0.921,+2.2,+20.0,+5.4,-0.727,+0.085,+0.681,29.0
2025-06-01T15:00:06.666,6.667,400,WF,L_Knee,0x21,2,400,2.307,+0.272,-0.040,-0.919,+3.3,+30.4,+8.8,-0.733,+0.087,+0.675,29.0
2025-06-01T15:00:06.683,6.683,401,WF,L_Knee,0x21,2,401,2.307,+0.284,-0.043,-0.916,+6.8,+28.8,+12.1,-0.739,+0.090,+0.668,29.0
2025-06-01T15:00:06.700,6.700,402,WF,L_Knee,0x21,2,402,2.312,+0.296,-0.046,-0.914,+7.5,+18.1,+10.4,-0.743,+0.094,+0.662,29.0
2025-06-01T15:00:06.716,6.717,403,WF,L_Knee,0x21,2,403,2.312,+0.301,-0.047,-0.915,+7.0,+14.8,+8.9,-0.745,+0.097,+0.660,29.0
2025-06-01T15:00:06.733,6.733,404,WF,L_Knee,0x21,2,404,2.312,+0.312,-0.049,-0.919,+5.3,+19.8,+9.0,-0.749,+0.101,+0.655,29.0
2025-06-01T15:00:06.750,6.750,405,WF,L_Knee,0x21,2,405,2.317,+0.323,-0.051,-0.926,+1.3,+19.1,+7.9,-0.752,+0.103,+0.651,29.0
2025-06-01T15:00:06.766,6.767,406,WF,L_Knee,0x21,2,406,2.317,+0.330,-0.056,-0.929,+0.9,+12.0,+7.1,-0.755,+0.105,+0.647,29.0
2025-06-01T15:00:06.783,6.783,407,WF,L_Knee,0x21,2,407,2.317,+0.332,-0.060,-0.930,+3.3,+6.6,+8.4,-0.756,+0.106,+0.645,29.0
2025-06-01T15:00:06.800,6.800,408,WF,L_Knee,0x21,2,408,2.323,+0.337,-0.068,-0.926,+4.4,+3.8,+10.0,-0.757,+0.110,+0.644,29.0
2025-06-01T15:00:06.816,6.817,409,WF,L_Knee,0x21,2,409,2.323,+0.345,-0.074,-0.921,+1.6,+0.3,+6.0,-0.757,+0.112,+0.643,29.0
2025-06-01T15:00:06.833,6.833,410,WF,L_Knee,0x21,2,410,2.323,+0.349,-0.075,-0.918,-2.3,+0.9,+4.1,-0.757,+0.113,+0.643,29.0
2025-06-01T15:00:06.850,6.850,411,WF,L_Knee,0x21,2,411,2.328,+0.360,-0.074,-0.917,-5.4,+5.4,+3.6,-0.757,+0.113,+0.643,29.0
2025-06-01T15:00:06.866,6.867,412,WF,L_Knee,0x21,2,412,2.328,+0.370,-0.070,-0.921,-4.9,+7.3,+1.0,-0.759,+0.113,+0.641,29.0
2025-06-01T15:00:06.883,6.883,413,WF,L_Knee,0x21,2,413,2.328,+0.375,-0.068,-0.924,-4.8,+8.9,-1.1,-0.760,+0.112,+0.640,29.0
2025-06-01T15:00:06.900,6.900,414,WF,L_Knee,0x21,2,414,2.334,+0.384,-0.064,-0.930,-5.4,+9.9,-1.4,-0.762,+0.110,+0.638,29.0
2025-06-01T15:00:06.916,6.917,415,WF,L_Knee,0x21,2,415,2.334,+0.387,-0.062,-0.932,-2.8,+5.4,+0.2,-0.764,+0.109,+0.636,29.0
2025-06-01T15:00:06.933,6.933,416,WF,L_Knee,0x21,2,416,2.334,+0.387,-0.061,-0.931,-0.1,+3.1,+3.4,-0.764,+0.109,+0.636,29.0
2025-06-01T15:00:06.950,6.950,417,WF,L_Knee,0x21,2,417,2.339,+0.384,-0.062,-0.925,+1.7,+2.8,+6.3,-0.765,+0.111,+0.635,29.0
2025-06-01T15:00:06.966,6.967,418,WF,L_Knee,0x21,2,418,2.339,+0.379,-0.062,-0.918,+1.7,+2.1,+4.8,-0.765,+0.113,+0.634,29.0
2025-06-01T15:00:06.983,6.983,419,WF,L_Knee,0x21,2,419,2.339,+0.375,-0.061,-0.911,+0.2,+2.0,+0.9,-0.765,+0.114,+0.634,29.0
2025-06-01T15:00:07.000,7.000,420,WF,L_Knee,0x21,2,420,2.344,+0.373,-0.061,-0.907,-0.6,+3.5,-3.0,-0.766,+0.113,+0.633,29.0
2025-06-01T15:00:07.016,7.017,421,WF,L_Knee,0x21,2,421,2.344,+0.368,-0.062,-0.898,+0.4,+5.2,-4.3,-0.767,+0.112,+0.632,29.0
2025-06-01T15:00:07.033,7.033,422,WF,L_Knee,0x21,2,422,2.344,+0.362,-0.066,-0.888,+1.8,+3.4,-1.9,-0.768,+0.112,+0.631,29.0
2025-06-01T15:00:07.050,7.050,423,WF,L_Knee,0x21,2,423,2.354,+0.358,-0.069,-0.883,+3.0,+1.2,+1.0,-0.768,+0.112,+0.631,29.0
2025-06-01T15:00:07.066,7.067,424,WF,L_Knee,0x21,2,424,2.354,+0.353,-0.072,-0.875,+3.0,-1.4,+1.5,-0.768,+0.113,+0.630,29.0
2025-06-01T15:00:07.083,7.083,425,WF,L_Knee,0x21,2,425,2.354,+0.353,-0.072,-0.871,+1.0,-4.9,-1.0,-0.767,+0.114,+0.631,29.0
2025-06-01T15:00:07.100,7.100,426,WF,L_Knee,0x21,2,426,2.359,+0.358,-0.069,-0.872,+0.0,-4.5,-2.5,-0.766,+0.113,+0.632,29.0
2025-06-01T15:00:07.116,7.117,427,WF,L_Knee,0x21,2,427,2.359,+0.361,-0.067,-0.875,+0.6,-2.0,-2.4,-0.766,+0.113,+0.633,29.0
2025-06-01T15:00:07.133,7.133,428,WF,L_Knee,0x21,2,428,2.359,+0.367,-0.063,-0.882,+1.6,+1.0,-1.3,-0.766,+0.112,+0.633,29.0
2025-06-01T15:00:07.150,7.150,429,WF,L_Knee,0x21,2,429,2.364,+0.372,-0.062,-0.891,+1.3,+2.9,+0.2,-0.766,+0.113,+0.632,29.0
2025-06-01T15:00:07.166,7.167,430,WF,L_Knee,0x21,2,430,2.364,+0.374,-0.061,-0.895,+0.6,+2.8,+0.3,-0.767,+0.113,+0.632,29.0
2025-06-01T15:00:07.183,7.183,431,WF,L_Knee,0x21,2,431,2.364,+0.376,-0.061,-0.903,+0.7,+3.1,-0.1,-0.767,+0.113,+0.631,29.0
2025-06-01T15:00:07.200,7.200,432,WF,L_Knee,0x21,2,432,2.369,+0.376,-0.062,-0.910,+0.9,+3.4,-0.1,-0.768,+0.113,+0.630,29.0
2025-06-01T15:00:07.216,7.217,433,WF,L_Knee,0x21,2,433,2.369,+0.377,-0.064,-0.915,+0.5,+3.2,-0.1,-0.769,+0.113,+0.629,29.0
2025-06-01T15:00:07.233,7.233,434,WF,L_Knee,0x21,2,434,2.369,+0.377,-0.064,-0.917,-1.0,+3.7,-1.5,-0.769,+0.113,+0.629,29.0
2025-06-01T15:00:07.250,7.250,435,WF,L_Knee,0x21,2,435,2.377,+0.380,-0.066,-0.920,-2.8,+4.8,-4.1,-0.770,+0.112,+0.628,29.0
2025-06-01T15:00:07.266,7.267,436,WF,L_Knee,0x21,2,436,2.377,+0.382,-0.067,-0.922,-3.0,+4.2,-5.4,-0.771,+0.110,+0.627,29.0
2025-06-01T15:00:07.283,7.283,437,WF,L_Knee,0x21,2,437,2.377,+0.383,-0.068,-0.923,-1.4,+2.4,-3.6,-0.772,+0.109,+0.626,29.0
2025-06-01T15:00:07.300,7.300,438,WF,L_Knee,0x21,2,438,2.381,+0.382,-0.068,-0.923,-0.3,+0.7,-1.8,-0.772,+0.108,+0.626,29.0
2025-06-01T15:00:07.316,7.317,439,WF,L_Knee,0x21,2,439,2.381,+0.379,-0.068,-0.923,-0.9,-0.6,-1.8,-0.772,+0.108,+0.626,29.0
2025-06-01T15:00:07.333,7.333,440,WF,L_Knee,0x21,2,440,2.381,+0.377,-0.066,-0.922,-2.1,-1.1,-2.3,-0.772,+0.107,+0.626,29.0
2025-06-01T15:00:07.350,7.350,441,WF,L_Knee,0x21,2,441,2.385,+0.378,-0.063,-0.919,-1.8,-0.3,-2.5,-0.772,+0.106,+0.627,29.0
2025-06-01T15:00:07.366,7.367,442,WF,L_Knee,0x21,2,442,2.385,+0.379,-0.062,-0.917,-1.3,+0.1,-3.4,-0.772,+0.105,+0.627,29.0
2025-06-01T15:00:07.383,7.383,443,WF,L_Knee,0x21,2,443,2.385,+0.384,-0.060,-0.915,-2.2,-1.6,-4.7,-0.772,+0.104,+0.627,29.0
2025-06-01T15:00:07.400,7.400,444,WF,L_Knee,0x21,2,444,2.389,+0.387,-0.058,-0.915,-2.5,-3.2,-3.3,-0.772,+0.102,+0.627,29.0
2025-06-01T15:00:07.416,7.417,445,WF,L_Knee,0x21,2,445,2.389,+0.387,-0.058,-0.917,-4.0,-5.1,-2.7,-0.771,+0.102,+0.628,29.0
2025-06-01T15:00:07.433,7.433,446,WF,L_Knee,0x21,2,446,2.389,+0.387,-0.056,-0.920,-6.3,-5.8,-4.5,-0.770,+0.100,+0.630,29.0
2025-06-01T15:00:07.450,7.450,447,WF,L_Knee,0x21,2,447,2.392,+0.386,-0.053,-0.924,-6.6,-3.7,-6.0,-0.770,+0.097,+0.631,29.0
2025-06-01T15:00:07.466,7.467,448,WF,L_Knee,0x21,2,448,2.392,+0.384,-0.050,-0.926,-4.5,-2.4,-4.4,-0.769,+0.095,+0.632,29.0
2025-06-01T15:00:07.483,7.483,449,WF,L_Knee,0x21,2,449,2.392,+0.382,-0.049,-0.927,-3.1,-4.4,-1.7,-0.769,+0.094,+0.632,29.0
2025-06-01T15:00:07.500,7.500,450,WF,L_Knee,0x21,2,450,2.398,+0.376,-0.047,-0.926,-3.1,-5.9,-1.2,-0.768,+0.093,+0.634,29.0
2025-06-01T15:00:07.516,7.517,451,WF,L_Knee,0x21,2,451,2.398,+0.370,-0.045,-0.924,-3.0,-2.5,-3.9,-0.767,+0.092,+0.635,29.0
2025-06-01T15:00:07.533,7.533,452,WF,L_Knee,0x21,2,452,2.398,+0.365,-0.042,-0.922,-2.8,+0.2,-5.4,-0.767,+0.090,+0.635,29.0
2025-06-01T15:00:07.550,7.550,453,WF,L_Knee,0x21,2,453,2.401,+0.363,-0.041,-0.920,-3.4,-3.1,-5.4,-0.767,+0.088,+0.635,29.0
2025-06-01T15:00:07.566,7.567,454,WF,L_Knee,0x21,2,454,2.401,+0.356,-0.038,-0.918,-4.5,-11.3,-4.4,-0.766,+0.086,+0.637,29.0
2025-06-01T15:00:07.583,7.583,455,WF,L_Knee,0x21,2,455,2.401,+0.346,-0.035,-0.915,-3.1,-11.9,-1.6,-0.763,+0.085,+0.641,29.0
2025-06-01T15:00:07.600,7.600,456,WF,L_Knee,0x21,2,456,2.403,+0.342,-0.034,-0.914,-1.5,-6.3,-1.7,-0.762,+0.084,+0.642,29.0
2025-06-01T15:00:07.616,7.617,457,WF,L_Knee,0x21,2,457,2.403,+0.338,-0.032,-0.910,-0.1,-1.3,-3.2,-0.761,+0.084,+0.643,29.0
2025-06-01T15:00:07.633,7.633,458,WF,L_Knee,0x21,2,458,2.403,+0.339,-0.031,-0.906,+1.6,-0.8,-3.7,-0.761,+0.083,+0.643,29.0
2025-06-01T15:00:07.650,7.650,459,WF,L_Knee,0x21,2,459,2.408,+0.340,-0.032,-0.904,+1.5,-4.7,-2.6,-0.761,+0.082,+0.644,29.0
2025-06-01T15:00:07.666,7.667,460,WF,L_Knee,0x21,2,460,2.408,+0.340,-0.033,-0.905,+1.6,-5.8,-1.9,-0.760,+0.082,+0.645,29.0
2025-06-01T15:00:07.683,7.683,461,WF,L_Knee,0x21,2,461,2.408,+0.341,-0.035,-0.907,+2.2,+0.1,-2.6,-0.759,+0.082,+0.646,29.0
2025-06-01T15:00:07.700,7.700,462,WF,L_Knee,0x21,2,462,2.409,+0.344,-0.036,-0.909,+0.9,+8.3,-4.7,-0.760,+0.082,+0.645,29.0
2025-06-01T15:00:07.716,7.717,463,WF,L_Knee,0x21,2,463,2.409,+0.349,-0.037,-0.912,-0.6,+5.9,-5.3,-0.762,+0.081,+0.643,29.0
2025-06-01T15:00:07.733,7.733,464,WF,L_Knee,0x21,2,464,2.409,+0.350,-0.037,-0.914,-1.4,-1.0,-5.9,-0.762,+0.079,+0.642,29.0
2025-06-01T15:00:07.750,7.750,465,WF,L_Knee,0x21,2,465,2.411,+0.351,-0.037,-0.919,-1.0,-6.5,-5.3,-0.762,+0.077,+0.643,29.0
2025-06-01T15:00:07.766,7.767,466,WF,L_Knee,0x21,2,466,2.411,+0.348,-0.037,-0.923,+0.1,-8.9,-1.5,-0.760,+0.077,+0.645,29.0
2025-06-01T15:00:07.783,7.783,467,WF,L_Knee,0x21,2,467,2.411,+0.344,-0.037,-0.927,+0.1,-5.9,+0.1,-0.759,+0.077,+0.647,29.0
2025-06-01T15:00:07.800,7.800,468,WF,L_Knee,0x21,2,468,2.412,+0.342,-0.037,-0.929,-0.6,-2.6,-1.1,-0.758,+0.077,+0.648,29.0
2025-06-01T15:00:07.816,7.817,469,WF,L_Knee,0x21,2,469,2.412,+0.340,-0.036,-0.932,-1.5,-0.5,-3.8,-0.758,+0.076,+0.648,29.0
2025-06-01T15:00:07.833,7.833,470,WF,L_Knee,0x21,2,470,2.412,+0.339,-0.035,-0.934,-1.6,+0.7,-4.1,-0.758,+0.075,+0.648,29.0
2025-06-01T15:00:07.850,7.850,471,WF,L_Knee,0x21,2,471,2.412,+0.339,-0.034,-0.935,-1.9,-0.7,-4.1,-0.758,+0.074,+0.648,29.0
2025-06-01T15:00:07.866,7.867,472,WF,L_Knee,0x21,2,472,2.412,+0.338,-0.032,-0.936,-2.0,-2.2,-4.4,-0.758,+0.072,+0.648,29.0
2025-06-01T15:00:07.883,7.883,473,WF,L_Knee,0x21,2,473,2.412,+0.337,-0.031,-0.935,-1.0,-1.8,-2.6,-0.757,+0.071,+0.649,29.0
2025-06-01T15:00:07.900,7.900,474,WF,L_Knee,0x21,2,474,2.412,+0.336,-0.030,-0.933,-0.3,-0.9,-2.8,-0.757,+0.071,+0.649,29.0
2025-06-01T15:00:07.916,7.917,475,WF,L_Knee,0x21,2,475,2.412,+0.336,-0.030,-0.931,-0.1,-0.9,-4.6,-0.757,+0.070,+0.649,29.0
2025-06-01T15:00:07.933,7.933,476,WF,L_Knee,0x21,2,476,2.412,+0.336,-0.029,-0.929,-0.2,-1.1,-4.9,-0.757,+0.068,+0.650,29.0
2025-06-01T15:00:07.950,7.950,477,WF,L_Knee,0x21,2,477,2.412,+0.336,-0.028,-0.928,-0.3,-1.2,-3.1,-0.757,+0.067,+0.650,29.0
2025-06-01T15:00:07.966,7.967,478,WF,L_Knee,0x21,2,478,2.412,+0.336,-0.027,-0.928,-0.3,-2.0,-2.0,-0.757,+0.067,+0.650,29.0
2025-06-01T15:00:07.983,7.983,479,WF,L_Knee,0x21,2,479,2.412,+0.335,-0.027,-0.928,-0.6,-3.0,-3.0,-0.756,+0.066,+0.651,29.0
2025-06-01T15:00:08.000,8.000,480,WF,L_Knee,0x21,2,480,2.411,+0.335,-0.027,-0.927,-0.4,-2.1,-3.0,-0.756,+0.065,+0.651,29.0
2025-06-01T15:00:08.016,8.017,481,WF,L_Knee,0x21,2,481,2.411,+0.336,-0.027,-0.927,+1.7,-1.8,-2.0,-0.756,+0.065,+0.652,29.0
2025-06-01T15:00:08.033,8.033,482,WF,L_Knee,0x21,2,482,2.411,+0.336,-0.028,-0.925,+6.4,-3.8,+2.7,-0.755,+0.065,+0.652,29.0
2025-06-01T15:00:08.050,8.050,483,WF,L_Knee,0x21,2,483,2.409,+0.333,-0.031,-0.923,+9.8,-6.3,+8.4,-0.754,+0.069,+0.653,29.0
2025-06-01T15:00:08.066,8.067,484,WF,L_Knee,0x21,2,484,2.409,+0.328,-0.034,-0.921,+6.2,-5.3,+5.5,-0.752,+0.073,+0.655,29.0
2025-06-01T15:00:08.083,8.083,485,WF,L_Knee,0x21,2,485,2.409,+0.326,-0.034,-0.921,-0.7,-2.9,-4.1,-0.752,+0.073,+0.655,29.0
2025-06-01T15:00:08.100,8.100,486,WF,L_Knee,0x21,2,486,2.406,+0.327,-0.032,-0.924,-6.2,-0.3,-13.7,-0.752,+0.071,+0.656,29.0
2025-06-01T15:00:08.116,8.117,487,WF,L_Knee,0x21,2,487,2.406,+0.331,-0.028,-0.929,-6.5,+2.6,-15.2,-0.752,+0.065,+0.656,29.0
2025-06-01T15:00:08.133,8.133,488,WF,L_Knee,0x21,2,488,2.406,+0.332,-0.026,-0.931,-2.1,+2.3,-7.4,-0.753,+0.061,+0.655,29.0
2025-06-01T15:00:08.150,8.150,489,WF,L_Knee,0x21,2,489,2.405,+0.331,-0.026,-0.931,+1.4,+1.5,-1.9,-0.753,+0.061,+0.655,29.0
2025-06-01T15:00:08.166,8.167,490,WF,L_Knee,0x21,2,490,2.405,+0.328,-0.027,-0.929,+2.5,+0.8,-1.2,-0.754,+0.061,+0.654,29.0
2025-06-01T15:00:08.183,8.183,491,WF,L_Knee,0x21,2,491,2.405,+0.325,-0.027,-0.929,+1.8,-0.3,-0.9,-0.754,+0.061,+0.654,29.0
2025-06-01T15:00:08.200,8.200,492,WF,L_Knee,0x21,2,492,2.403,+0.324,-0.027,-0.930,+2.7,-1.8,+0.4,-0.754,+0.061,+0.654,29.0
2025-06-01T15:00:08.216,8.217,493,WF,L_Knee,0x21,2,493,2.403,+0.323,-0.028,-0.932,+5.1,-3.1,+2.4,-0.753,+0.063,+0.655,29.0
2025-06-01T15:00:08.233,8.233,494,WF,L_Knee,0x21,2,494,2.403,+0.321,-0.030,-0.933,+5.9,-3.2,+1.6,-0.752,+0.064,+0.656,29.0
2025-06-01T15:00:08.250,8.250,495,WF,L_Knee,0x21,2,495,2.400,+0.320,-0.032,-0.930,+4.3,-2.5,-1.0,-0.752,+0.066,+0.656,29.0
2025-06-01T15:00:08.266,8.267,496,WF,L_Knee,0x21,2,496,2.400,+0.319,-0.033,-0.926,+4.6,-3.1,-3.3,-0.751,+0.066,+0.656,29.0
2025-06-01T15:00:08.283,8.283,497,WF,L_Knee,0x21,2,497,2.400,+0.318,-0.036,-0.916,+7.3,-4.1,-3.5,-0.751,+0.066,+0.657,29.0
2025-06-01T15:00:08.300,8.300,498,WF,L_Knee,0x21,2,498,2.397,+0.316,-0.039,-0.903,+7.8,-3.0,-2.7,-0.750,+0.067,+0.658,29.0
2025-06-01T15:00:08.316,8.317,499,WF,L_Knee,0x21,2,499,2.397,+0.315,-0.039,-0.892,+5.3,-1.6,-2.9,-0.750,+0.068,+0.658,29.0
2025-06-01T15:00:08.333,8.333,500,WF,L_Knee,0x21,2,500,2.397,+0.315,-0.039,-0.889,+4.9,-2.1,-4.7,-0.750,+0.068,+0.658,29.0
2025-06-01T15:00:08.350,8.350,501,WF,L_Knee,0x21,2,501,2.393,+0.316,-0.038,-0.885,+9.1,-4.2,-4.6,-0.749,+0.067,+0.659,29.0
2025-06-01T15:00:08.366,8.367,502,WF,L_Knee,0x21,2,502,2.393,+0.315,-0.040,-0.882,+13.4,-5.6,+0.8,-0.748,+0.069,+0.660,29.0
2025-06-01T15:00:08.383,8.383,503,WF,L_Knee,0x21,2,503,2.393,+0.311,-0.044,-0.880,+12.0,-4.7,+4.1,-0.747,+0.073,+0.661,29.0
2025-06-01T15:00:08.400,8.400,504,WF,L_Knee,0x21,2,504,2.385,+0.309,-0.046,-0.880,+11.6,-4.6,+6.0,-0.746,+0.075,+0.661,29.0
2025-06-01T15:00:08.416,8.417,505,WF,L_Knee,0x21,2,505,2.385,+0.305,-0.050,-0.884,+12.3,-3.7,+6.0,-0.745,+0.080,+0.662,29.0
2025-06-01T15:00:08.433,8.433,506,WF,L_Knee,0x21,2,506,2.385,+0.304,-0.052,-0.896,+6.6,-0.0,+1.6,-0.744,+0.083,+0.662,29.0
2025-06-01T15:00:08.450,8.450,507,WF,L_Knee,0x21,2,507,2.381,+0.305,-0.053,-0.905,+4.1,+3.8,-2.4,-0.745,+0.083,+0.662,29.0
2025-06-01T15:00:08.466,8.467,508,WF,L_Knee,0x21,2,508,2.381,+0.310,-0.055,-0.926,+4.8,+6.6,-4.2,-0.746,+0.083,+0.661,29.0
2025-06-01T15:00:08.483,8.483,509,WF,L_Knee,0x21,2,509,2.381,+0.317,-0.057,-0.950,+4.1,+7.0,-3.1,-0.748,+0.083,+0.659,29.0
2025-06-01T15:00:08.500,8.500,510,WF,L_Knee,0x21,2,510,2.376,+0.323,-0.061,-0.973,+2.2,+5.3,-1.7,-0.749,+0.084,+0.657,29.0
2025-06-01T15:00:08.516,8.517,511,WF,L_Knee,0x21,2,511,2.376,+0.327,-0.063,-0.982,+0.0,+6.9,-2.7,-0.750,+0.083,+0.657,29.0
2025-06-01T15:00:08.533,8.533,512,WF,L_Knee,0x21,2,512,2.376,+0.337,-0.066,-0.995,-1.6,+12.3,-5.3,-0.752,+0.082,+0.654,29.0
2025-06-01T15:00:08.550,8.550,513,WF,L_Knee,0x21,2,513,2.371,+0.350,-0.068,-0.999,-3.7,+14.6,-5.8,-0.755,+0.081,+0.651,29.0
2025-06-01T15:00:08.566,8.567,514,WF,L_Knee,0x21,2,514,2.371,+0.363,-0.067,-0.997,-3.7,+9.5,-3.6,-0.757,+0.078,+0.648,29.0
2025-06-01T15:00:08.583,8.583,515,WF,L_Knee,0x21,2,515,2.371,+0.368,-0.067,-0.994,-3.3,+1.0,-1.4,-0.758,+0.078,+0.647,29.0
2025-06-01T15:00:08.600,8.600,516,WF,L_Knee,0x21,2,516,2.366,+0.373,-0.065,-0.986,-1.7,-7.5,-0.8,-0.758,+0.077,+0.648,29.0
2025-06-01T15:00:08.616,8.617,517,WF,L_Knee,0x21,2,517,2.366,+0.372,-0.065,-0.972,+1.0,-11.4,-1.8,-0.755,+0.077,+0.651,29.0
2025-06-01T15:00:08.633,8.633,518,WF,L_Knee,0x21,2,518,2.366,+0.368,-0.065,-0.952,+0.6,-5.7,-2.7,-0.754,+0.076,+0.653,29.0
2025-06-01T15:00:08.650,8.650,519,WF,L_Knee,0x21,2,519,2.356,+0.367,-0.064,-0.941,-0.9,-0.5,-3.4,-0.753,+0.076,+0.653,29.0
2025-06-01T15:00:08.666,8.667,520,WF,L_Knee,0x21,2,520,2.356,+0.363,-0.061,-0.921,-0.6,-1.7,-3.2,-0.754,+0.074,+0.653,29.0
2025-06-01T15:00:08.683,8.683,521,WF,L_Knee,0x21,2,521,2.356,+0.357,-0.059,-0.906,+2.1,-7.2,-1.7,-0.753,+0.074,+0.654,29.0
2025-06-01T15:00:08.700,8.700,522,WF,L_Knee,0x21,2,522,2.350,+0.347,-0.057,-0.896,+3.3,-8.0,-1.1,-0.751,+0.074,+0.656,29.0
2025-06-01T15:00:08.716,8.717,523,WF,L_Knee,0x21,2,523,2.350,+0.342,-0.056,-0.893,+4.2,-7.0,-2.1,-0.750,+0.075,+0.657,29.0
2025-06-01T15:00:08.733,8.733,524,WF,L_Knee,0x21,2,524,2.350,+0.332,-0.056,-0.892,+5.7,-7.4,-4.0,-0.748,+0.075,+0.659,29.0
2025-06-01T15:00:08.750,8.750,525,WF,L_Knee,0x21,2,525,2.345,+0.325,-0.056,-0.897,+3.9,-5.0,-3.7,-0.747,+0.075,+0.660,29.0
2025-06-01T15:00:08.766,8.767,526,WF,L_Knee,0x21,2,526,2.345,+0.323,-0.056,-0.901,+2.6,-6.4,-3.3,-0.747,+0.075,+0.661,29.0
2025-06-01T15:00:08.783,8.783,527,WF,L_Knee,0x21,2,527,2.345,+0.320,-0.056,-0.913,+2.5,-10.5,-2.1,-0.745,+0.075,+0.663,29.0
2025-06-01T15:00:08.800,8.800,528,WF,L_Knee,0x21,2,528,2.339,+0.320,-0.057,-0.925,+1.9,-9.1,+0.4,-0.743,+0.075,+0.665,29.0
2025-06-01T15:00:08.816,8.817,529,WF,L_Knee,0x21,2,529,2.339,+0.320,-0.058,-0.932,+2.5,-10.1,+1.7,-0.741,+0.076,+0.667,29.0
2025-06-01T15:00:08.833,8.833,530,WF,L_Knee,0x21,2,530,2.339,+0.321,-0.061,-0.944,+2.1,-12.2,+1.4,-0.739,+0.077,+0.670,29.0
2025-06-01T15:00:08.850,8.850,531,WF,L_Knee,0x21,2,531,2.328,+0.321,-0.063,-0.955,-1.0,-8.2,-1.1,-0.737,+0.077,+0.672,29.0
2025-06-01T15:00:08.866,8.867,532,WF,L_Knee,0x21,2,532,2.328,+0.322,-0.064,-0.964,-2.2,-3.7,-2.4,-0.736,+0.076,+0.673,29.0
2025-06-01T15:00:08.883,8.883,533,WF,L_Knee,0x21,2,533,2.328,+0.322,-0.064,-0.967,-1.1,-3.9,-3.3,-0.735,+0.075,+0.674,29.0
2025-06-01T15:00:08.900,8.900,534,WF,L_Knee,0x21,2,534,2.322,+0.320,-0.064,-0.969,+1.9,-9.0,-2.5,-0.734,+0.074,+0.675,29.0
2025-06-01T15:00:08.916,8.917,535,WF,L_Knee,0x21,2,535,2.322,+0.315,-0.065,-0.966,+4.1,-9.5,+0.5,-0.732,+0.075,+0.677,29.0
2025-06-01T15:00:08.933,8.933,536,WF,L_Knee,0x21,2,536,2.322,+0.312,-0.066,-0.964,+5.7,-9.3,+2.7,-0.730,+0.076,+0.679,29.0
2025-06-01T15:00:08.950,8.950,537,WF,L_Knee,0x21,2,537,2.316,+0.306,-0.068,-0.957,+7.3,-8.5,+1.5,-0.728,+0.078,+0.681,29.0
2025-06-01T15:00:08.966,8.967,538,WF,L_Knee,0x21,2,538,2.316,+0.302,-0.069,-0.948,+7.4,-5.0,-3.3,-0.727,+0.079,+0.682,29.0
2025-06-01T15:00:08.983,8.983,539,WF,L_Knee,0x21,2,539,2.316,+0.296,-0.071,-0.933,+6.6,-4.0,-3.9,-0.726,+0.080,+0.683,29.0
2025-06-01T15:00:09.000,9.000,540,WF,L_Knee,0x21,2,540,2.310,+0.291,-0.073,-0.923,+9.7,-7.0,-1.2,-0.726,+0.080,+0.683,29.0
2025-06-01T15:00:09.016,9.017,541,WF,L_Knee,0x21,2,541,2.310,+0.279,-0.075,-0.897,+16.0,-11.5,+0.9,-0.723,+0.083,+0.685,29.0
2025-06-01T15:00:09.033,9.033,542,WF,L_Knee,0x21,2,542,2.310,+0.266,-0.078,-0.871,+21.3,-14.4,+0.8,-0.721,+0.087,+0.688,29.0
2025-06-01T15:00:09.050,9.050,543,WF,L_Knee,0x21,2,543,2.304,+0.253,-0.081,-0.851,+20.4,-13.1,-0.4,-0.718,+0.092,+0.690,29.0
2025-06-01T15:00:09.066,9.067,544,WF,L_Knee,0x21,2,544,2.304,+0.247,-0.083,-0.843,+28.7,-15.2,+0.4,-0.716,+0.095,+0.692,29.0
2025-06-01T15:00:09.083,9.083,545,WF,L_Knee,0x21,2,545,2.304,+0.234,-0.090,-0.823,+45.8,-18.6,+3.5,-0.711,+0.104,+0.695,29.0
2025-06-01T15:00:09.100,9.100,546,WF,L_Knee,0x21,2,546,2.298,+0.216,-0.099,-0.785,+40.0,-12.2,+4.5,-0.708,+0.115,+0.697,29.0
2025-06-01T15:00:09.116,9.117,547,WF,L_Knee,0x21,2,547,2.298,+0.205,-0.103,-0.756,+51.8,-13.2,+5.1,-0.706,+0.122,+0.697,29.0
2025-06-01T15:00:09.133,9.133,548,WF,L_Knee,0x21,2,548,2.298,+0.181,-0.117,-0.681,+84.6,-21.2,+6.4,-0.702,+0.138,+0.698,29.0
2025-06-01T15:00:09.150,9.150,549,WF,L_Knee,0x21,2,549,2.292,+0.160,-0.135,-0.597,+101.4,-22.3,+4.6,-0.697,+0.159,+0.699,29.0
2025-06-01T15:00:09.166,9.167,550,WF,L_Knee,0x21,2,550,2.292,+0.152,-0.157,-0.518,+81.2,-15.4,+1.7,-0.693,+0.181,+0.698,29.0
2025-06-01T15:00:09.183,9.183,551,WF,L_Knee,0x21,2,551,2.292,+0.154,-0.168,-0.482,+83.7,-19.1,-0.3,-0.691,+0.193,+0.697,29.0
2025-06-01T15:00:09.200,9.200,552,WF,L_Knee,0x21,2,552,2.286,+0.161,-0.202,-0.415,+116.0,-43.0,+1.6,-0.685,+0.215,+0.696,29.0
2025-06-01T15:00:09.216,9.217,553,WF,L_Knee,0x21,2,553,2.286,+0.161,-0.263,-0.370,+118.8,-71.2,+4.4,-0.673,+0.240,+0.699,29.0
2025-06-01T15:00:09.233,9.233,554,WF,L_Knee,0x21,2,554,2.286,+0.150,-0.349,-0.365,+86.2,-64.6,+2.4,-0.655,+0.266,+0.707,29.0
2025-06-01T15:00:09.250,9.250,555,WF,L_Knee,0x21,2,555,2.276,+0.144,-0.390,-0.378,+78.3,-57.1,-9.1,-0.646,+0.276,+0.711,29.0
2025-06-01T15:00:09.266,9.267,556,WF,L_Knee,0x21,2,556,2.276,+0.146,-0.451,-0.419,+105.9,-52.1,-19.0,-0.633,+0.295,+0.716,29.0
2025-06-01T15:00:09.283,9.283,557,WF,L_Knee,0x21,2,557,2.276,+0.168,-0.484,-0.457,+85.9,-21.5,-13.7,-0.628,+0.313,+0.712,29.0
2025-06-01T15:00:09.300,9.300,558,WF,L_Knee,0x21,2,558,2.274,+0.182,-0.497,-0.475,+99.1,-17.3,-0.2,-0.627,+0.325,+0.708,29.0
2025-06-01T15:00:09.316,9.317,559,WF,L_Knee,0x21,2,559,2.274,+0.206,-0.535,-0.523,+132.8,-37.5,+8.5,-0.621,+0.354,+0.699,29.0
2025-06-01T15:00:09.333,9.333,560,WF,L_Knee,0x21,2,560,2.274,+0.221,-0.582,-0.599,+118.5,-52.7,+3.0,-0.610,+0.382,+0.694,29.0
2025-06-01T15:00:09.350,9.350,561,WF,L_Knee,0x21,2,561,2.264,+0.232,-0.617,-0.687,+76.8,-38.3,-6.9,-0.599,+0.403,+0.692,29.0
2025-06-01T15:00:09.366,9.367,562,WF,L_Knee,0x21,2,562,2.264,+0.236,-0.626,-0.725,+65.8,-22.0,-11.4,-0.596,+0.411,+0.690,29.0
2025-06-01T15:00:09.383,9.383,563,WF,L_Knee,0x21,2,563,2.264,+0.241,-0.634,-0.786,+83.3,-16.9,-4.5,-0.593,+0.425,+0.684,29.0
2025-06-01T15:00:09.400,9.400,564,WF,L_Knee,0x21,2,564,2.259,+0.245,-0.633,-0.840,+75.1,-10.1,+11.0,-0.590,+0.442,+0.675,29.0
2025-06-01T15:00:09.416,9.417,565,WF,L_Knee,0x21,2,565,2.259,+0.254,-0.627,-0.908,+47.0,-6.2,+12.8,-0.586,+0.459,+0.668,29.0
2025-06-01T15:00:09.433,9.433,566,WF,L_Knee,0x21,2,566,2.259,+0.262,-0.624,-0.947,+31.8,-3.3,+9.2,-0.584,+0.465,+0.665,29.0
2025-06-01T15:00:09.450,9.450,567,WF,L_Knee,0x21,2,567,2.254,+0.285,-0.620,-1.023,+35.6,-0.9,+8.6,-0.582,+0.474,+0.660,29.0
2025-06-01T15:00:09.466,9.467,568,WF,L_Knee,0x21,2,568,2.254,+0.312,-0.631,-1.096,+13.2,+16.1,+12.7,-0.582,+0.482,+0.656,29.0
2025-06-01T15:00:09.483,9.483,569,WF,L_Knee,0x21,2,569,2.254,+0.339,-0.658,-1.199,-18.4,+30.5,+16.3,-0.585,+0.484,+0.651,29.0
2025-06-01T15:00:09.500,9.500,570,WF,L_Knee,0x21,2,570,2.245,+0.351,-0.675,-1.273,-63.7,+52.1,+21.9,-0.589,+0.480,+0.650,29.0
2025-06-01T15:00:09.516,9.517,571,WF,L_Knee,0x21,2,571,2.245,+0.377,-0.709,-1.463,-95.6,+67.4,+25.1,-0.598,+0.467,+0.651,29.0
2025-06-01T15:00:09.533,9.533,572,WF,L_Knee,0x21,2,572,2.245,+0.423,-0.713,-1.667,-67.0,+41.4,+12.9,-0.607,+0.453,+0.653,29.0
2025-06-01T15:00:09.550,9.550,573,WF,L_Knee,0x21,2,573,2.238,+0.460,-0.692,-1.760,-78.8,+35.1,+9.2,-0.611,+0.446,+0.654,29.0
2025-06-01T15:00:09.566,9.567,574,WF,L_Knee,0x21,2,574,2.238,+0.556,-0.588,-1.923,-155.0,+49.6,+19.3,-0.618,+0.426,+0.660,29.0
2025-06-01T15:00:09.583,9.583,575,WF,L_Knee,0x21,2,575,2.238,+0.647,-0.418,-2.041,-208.8,+44.2,+29.2,-0.625,+0.393,+0.674,29.0
2025-06-01T15:00:09.600,9.600,576,WF,L_Knee,0x21,2,576,2.236,+0.697,-0.220,-2.086,-166.6,+27.3,+25.0,-0.629,+0.354,+0.692,29.0
2025-06-01T15:00:09.616,9.617,577,WF,L_Knee,0x21,2,577,2.236,+0.705,-0.118,-2.075,-158.9,+36.8,+25.2,-0.631,+0.336,+0.700,29.0
2025-06-01T15:00:09.633,9.633,578,WF,L_Knee,0x21,2,578,2.236,+0.695,+0.092,-1.987,-210.3,+78.1,+37.6,-0.639,+0.299,+0.708,29.0
2025-06-01T15:00:09.650,9.650,579,WF,L_Knee,0x21,2,579,2.231,+0.653,+0.298,-1.834,-187.5,+101.5,+36.4,-0.656,+0.263,+0.707,29.0
2025-06-01T15:00:09.666,9.667,580,WF,L_Knee,0x21,2,580,2.231,+0.573,+0.450,-1.630,-110.4,+78.3,+20.7,-0.675,+0.236,+0.699,29.0
2025-06-01T15:00:09.683,9.683,581,WF,L_Knee,0x21,2,581,2.231,+0.523,+0.493,-1.514,-66.1,+78.4,+4.9,-0.685,+0.226,+0.692,29.0
2025-06-01T15:00:09.700,9.700,582,WF,L_Knee,0x21,2,582,2.229,+0.415,+0.505,-1.271,-64.4,+98.6,-0.9,-0.706,+0.211,+0.676,29.0
2025-06-01T15:00:09.716,9.717,583,WF,L_Knee,0x21,2,583,2.229,+0.316,+0.430,-1.035,-38.1,+63.9,-3.0,-0.724,+0.200,+0.660,29.0
2025-06-01T15:00:09.733,9.733,584,WF,L_Knee,0x21,2,584,2.229,+0.271,+0.363,-0.925,-30.6,+41.2,-2.3,-0.731,+0.195,+0.654,29.0
2025-06-01T15:00:09.750,9.750,585,WF,L_Knee,0x21,2,585,2.225,+0.194,+0.173,-0.734,-39.6,+47.4,+1.5,-0.740,+0.188,+0.646,29.0
2025-06-01T15:00:09.766,9.767,586,WF,L_Knee,0x21,2,586,2.225,+0.134,-0.086,-0.605,-32.7,+34.2,+5.8,-0.749,+0.181,+0.638,29.0
2025-06-01T15:00:09.783,9.783,587,WF,L_Knee,0x21,2,587,2.225,+0.108,-0.233,-0.573,-37.7,+12.6,+9.6,-0.752,+0.178,+0.634,29.0
2025-06-01T15:00:09.800,9.800,588,WF,L_Knee,0x21,2,588,2.224,+0.070,-0.530,-0.576,-48.4,-23.7,+12.5,-0.752,+0.171,+0.636,29.0
2025-06-01T15:00:09.816,9.817,589,WF,L_Knee,0x21,2,589,2.224,+0.060,-0.774,-0.636,-41.7,-66.3,+10.8,-0.742,+0.165,+0.649,29.0
2025-06-01T15:00:09.833,9.833,590,WF,L_Knee,0x21,2,590,2.224,+0.077,-0.931,-0.704,-29.0,-60.4,+7.6,-0.726,+0.160,+0.669,29.0
2025-06-01T15:00:09.850,9.850,591,WF,L_Knee,0x21,2,591,2.224,+0.089,-0.983,-0.733,-33.4,-58.7,+7.3,-0.718,+0.157,+0.678,29.0
2025-06-01T15:00:09.866,9.867,592,WF,L_Knee,0x21,2,592,2.224,+0.098,-1.064,-0.781,-47.2,-75.0,+7.1,-0.702,+0.150,+0.696,29.0
2025-06-01T15:00:09.883,9.883,593,WF,L_Knee,0x21,2,593,2.224,+0.086,-1.117,-0.823,-33.7,-52.6,+4.3,-0.687,+0.141,+0.713,29.0
2025-06-01T15:00:09.900,9.900,594,WF,L_Knee,0x21,2,594,2.224,+0.074,-1.127,-0.842,-18.8,-45.7,+5.3,-0.680,+0.138,+0.720,29.0
2025-06-01T15:00:09.916,9.917,595,WF,L_Knee,0x21,2,595,2.224,+0.037,-1.114,-0.865,-8.9,-65.0,+1.9,-0.667,+0.135,+0.732,29.0
2025-06-01T15:00:09.933,9.933,596,WF,L_Knee,0x21,2,596,2.224,-0.024,-1.086,-0.872,-2.0,-77.1,-7.0,-0.652,+0.135,+0.746,29.0
2025-06-01T15:00:09.950,9.950,597,WF,L_Knee,0x21,2,597,2.224,-0.096,-1.077,-0.882,+2.3,-61.4,-8.6,-0.635,+0.132,+0.762,29.0
2025-06-01T15:00:09.966,9.967,598,WF,L_Knee,0x21,2,598,2.224,-0.126,-1.083,-0.891,+56.8,-54.8,-15.2,-0.626,+0.133,+0.768,29.0
2025-06-01T15:00:09.983,9.983,599,WF,L_Knee,0x21,2,599,2.224,-0.161,-1.111,-0.889,+148.2,-62.4,-31.1,-0.611,+0.152,+0.777,29.0
2025-06-01T15:00:10.000,10.000,600,WF,L_Knee,0x21,2,600,2.226,-0.169,-1.129,-0.830,+188.3,-47.7,-39.6,-0.601,+0.189,+0.777,29.0
2025-06-01T15:00:10.016,10.017,601,WF,L_Knee,0x21,2,601,2.226,-0.169,-1.098,-0.704,+121.7,-27.2,-26.3,-0.594,+0.223,+0.773,29.0
2025-06-01T15:00:10.033,10.033,602,WF,L_Knee,0x21,2,602,2.226,-0.171,-1.052,-0.633,+85.7,-25.7,-22.2,-0.592,+0.234,+0.771,29.0
2025-06-01T15:00:10.050,10.050,603,WF,L_Knee,0x21,2,603,2.228,-0.172,-0.890,-0.498,+156.1,-62.5,-56.9,-0.586,+0.254,+0.770,29.0
2025-06-01T15:00:10.066,10.067,604,WF,L_Knee,0x21,2,604,2.228,-0.154,-0.635,-0.392,+156.9,-70.8,-63.1,-0.573,+0.285,+0.769,29.0
2025-06-01T15:00:10.083,10.083,605,WF,L_Knee,0x21,2,605,2.228,-0.135,-0.481,-0.363,+162.4,-83.6,-51.3,-0.564,+0.303,+0.768,29.0
2025-06-01T15:00:10.100,10.100,606,WF,L_Knee,0x21,2,606,2.230,-0.083,-0.182,-0.376,+169.9,-90.8,-0.4,-0.544,+0.341,+0.766,29.0
2025-06-01T15:00:10.116,10.117,607,WF,L_Knee,0x21,2,607,2.230,-0.030,+0.031,-0.494,+107.9,-67.8,+66.6,-0.523,+0.378,+0.764,29.0
2025-06-01T15:00:10.133,10.133,608,WF,L_Knee,0x21,2,608,2.230,+0.033,+0.162,-0.688,+57.3,-48.1,+50.3,-0.500,+0.409,+0.763,29.0
2025-06-01T15:00:10.150,10.150,609,WF,L_Knee,0x21,2,609,2.233,+0.077,+0.216,-0.803,+28.0,-46.3,-1.1,-0.490,+0.419,+0.765,29.0
2025-06-01T15:00:10.166,10.167,610,WF,L_Knee,0x21,2,610,2.233,+0.191,+0.315,-1.054,+7.7,-38.9,-24.6,-0.479,+0.421,+0.770,29.0
2025-06-01T15:00:10.183,10.183,611,WF,L_Knee,0x21,2,611,2.233,+0.314,+0.361,-1.319,-11.0,-7.5,-14.2,-0.478,+0.415,+0.774,29.0
2025-06-01T15:00:10.200,10.200,612,WF,L_Knee,0x21,2,612,2.235,+0.370,+0.346,-1.448,-24.9,+12.3,+12.3,-0.479,+0.413,+0.775,29.0
2025-06-01T15:00:10.216,10.217,613,WF,L_Knee,0x21,2,613,2.235,+0.470,+0.243,-1.686,-53.0,+18.2,+15.6,-0.481,+0.407,+0.776,29.0
2025-06-01T15:00:10.233,10.233,614,WF,L_Knee,0x21,2,614,2.235,+0.559,+0.083,-1.888,-80.7,+13.0,-3.9,-0.484,+0.393,+0.782,29.0
2025-06-01T15:00:10.250,10.250,615,WF,L_Knee,0x21,2,615,2.238,+0.625,-0.085,-2.027,-71.1,+7.5,-10.8,-0.488,+0.369,+0.791,29.0
2025-06-01T15:00:10.266,10.267,616,WF,L_Knee,0x21,2,616,2.238,+0.641,-0.164,-2.056,-72.5,+14.0,-1.0,-0.490,+0.357,+0.795,29.0
2025-06-01T15:00:10.283,10.283,617,WF,L_Knee,0x21,2,617,2.238,+0.631,-0.304,-2.022,-95.1,+32.0,+9.9,-0.495,+0.336,+0.802,29.0
2025-06-01T15:00:10.300,10.300,618,WF,L_Knee,0x21,2,618,2.240,+0.572,-0.398,-1.896,-71.3,+33.8,+11.5,-0.503,+0.316,+0.805,29.0
2025-06-01T15:00:10.316,10.317,619,WF,L_Knee,0x21,2,619,2.240,+0.527,-0.416,-1.820,-75.5,+40.1,+7.8,-0.508,+0.305,+0.805,29.0
2025-06-01T15:00:10.333,10.333,620,WF,L_Knee,0x21,2,620,2.240,+0.415,-0.388,-1.672,-102.7,+52.3,+8.2,-0.520,+0.283,+0.806,29.0
2025-06-01T15:00:10.350,10.350,621,WF,L_Knee,0x21,2,621,2.243,+0.289,-0.325,-1.528,-98.5,+46.7,+5.4,-0.531,+0.260,+0.806,29.0
2025-06-01T15:00:10.366,10.367,622,WF,L_Knee,0x21,2,622,2.243,+0.169,-0.313,-1.377,-68.9,+31.4,+1.8,-0.541,+0.238,+0.806,29.0
2025-06-01T15:00:10.383,10.383,623,WF,L_Knee,0x21,2,623,2.243,+0.114,-0.336,-1.300,-60.9,+26.1,-4.9,-0.546,+0.228,+0.806,29.0
2025-06-01T15:00:10.400,10.400,624,WF,L_Knee,0x21,2,624,2.246,+0.018,-0.404,-1.157,-72.9,+28.1,-11.3,-0.554,+0.208,+0.806,29.0
2025-06-01T15:00:10.416,10.417,625,WF,L_Knee,0x21,2,625,2.246,-0.060,-0.442,-1.034,-60.2,+17.4,-14.4,-0.560,+0.190,+0.806,29.0
2025-06-01T15:00:10.433,10.433,626,WF,L_Knee,0x21,2,626,2.246,-0.111,-0.438,-0.929,-36.4,+6.0,-11.6,-0.564,+0.175,+0.807,29.0
2025-06-01T15:00:10.450,10.450,627,WF,L_Knee,0x21,2,627,2.247,-0.124,-0.431,-0.880,-24.5,-2.6,-14.5,-0.564,+0.169,+0.808,29.0
2025-06-01T15:00:10.466,10.467,628,WF,L_Knee,0x21,2,628,2.247,-0.126,-0.413,-0.779,-22.0,-10.3,-20.1,-0.564,+0.159,+0.810,29.0
2025-06-01T15:00:10.483,10.483,629,WF,L_Knee,0x21,2,629,2.247,-0.106,-0.373,-0.672,-6.6,-19.4,-11.5,-0.561,+0.152,+0.813,29.0
2025-06-01T15:00:10.500,10.500,630,WF,L_Knee,0x21,2,630,2.248,-0.080,-0.304,-0.570,+4.3,-20.3,+0.9,-0.556,+0.152,+0.817,29.0
2025-06-01T15:00:10.516,10.517,631,WF,L_Knee,0x21,2,631,2.248,-0.068,-0.265,-0.530,+13.9,-26.2,+9.8,-0.552,+0.155,+0.820,29.0
2025-06-01T15:00:10.533,10.533,632,WF,L_Knee,0x21,2,632,2.248,-0.043,-0.196,-0.490,+20.2,-31.3,+9.6,-0.542,+0.162,+0.824,29.0
2025-06-01T15:00:10.550,10.550,633,WF,L_Knee,0x21,2,633,2.250,-0.014,-0.142,-0.515,+12.6,-15.6,+1.6,-0.536,+0.167,+0.828,29.0
2025-06-01T15:00:10.566,10.567,634,WF,L_Knee,0x21,2,634,2.250,+0.003,-0.119,-0.550,+4.2,+2.1,-3.1,-0.535,+0.168,+0.828,29.0
2025-06-01T15:00:10.583,10.583,635,WF,L_Knee,0x21,2,635,2.250,+0.036,-0.080,-0.654,-2.3,+17.1,-1.8,-0.537,+0.168,+0.826,29.0
2025-06-01T15:00:10.600,10.600,636,WF,L_Knee,0x21,2,636,2.252,+0.067,-0.053,-0.774,-10.9,+25.8,+2.8,-0.543,+0.167,+0.823,29.0
2025-06-01T15:00:10.616,10.617,637,WF,L_Knee,0x21,2,637,2.252,+0.092,-0.041,-0.886,-12.1,+18.0,+3.9,-0.549,+0.164,+0.819,29.0
2025-06-01T15:00:10.633,10.633,638,WF,L_Knee,0x21,2,638,2.252,+0.101,-0.040,-0.937,-15.3,+8.6,+4.9,-0.551,+0.162,+0.818,29.0
2025-06-01T15:00:10.650,10.650,639,WF,L_Knee,0x21,2,639,2.252,+0.108,-0.051,-1.031,-20.8,+5.2,+7.2,-0.553,+0.158,+0.818,29.0
2025-06-01T15:00:10.666,10.667,640,WF,L_Knee,0x21,2,640,2.252,+0.109,-0.081,-1.117,-14.9,+3.8,+5.5,-0.553,+0.155,+0.819,29.0
2025-06-01T15:00:10.683,10.683,641,WF,L_Knee,0x21,2,641,2.252,+0.111,-0.101,-1.155,-13.2,+13.7,+4.6,-0.554,+0.153,+0.818,29.0
2025-06-01T15:00:10.700,10.700,642,WF,L_Knee,0x21,2,642,2.253,+0.123,-0.139,-1.206,-16.7,+25.7,+4.6,-0.559,+0.150,+0.815,29.0
2025-06-01T15:00:10.716,10.717,643,WF,L_Knee,0x21,2,643,2.253,+0.141,-0.154,-1.209,-15.4,+24.5,+2.8,-0.566,+0.147,+0.811,29.0
2025-06-01T15:00:10.733,10.733,644,WF,L_Knee,0x21,2,644,2.253,+0.150,-0.141,-1.163,-10.1,+13.0,+1.5,-0.571,+0.143,+0.809,29.0
2025-06-01T15:00:10.750,10.750,645,WF,L_Knee,0x21,2,645,2.252,+0.148,-0.130,-1.127,-7.1,+9.3,+2.3,-0.572,+0.142,+0.808,29.0
2025-06-01T15:00:10.766,10.767,646,WF,L_Knee,0x21,2,646,2.252,+0.134,-0.112,-1.043,-7.1,+15.2,+3.9,-0.575,+0.141,+0.806,29.0
2025-06-01T15:00:10.783,10.783,647,WF,L_Knee,0x21,2,647,2.252,+0.115,-0.105,-0.966,-4.2,+13.5,+3.0,-0.579,+0.140,+0.803,29.0
2025-06-01T15:00:10.800,10.800,648,WF,L_Knee,0x21,2,648,2.250,+0.106,-0.104,-0.936,-4.1,+9.9,+1.9,-0.581,+0.140,+0.802,29.0
2025-06-01T15:00:10.816,10.817,649,WF,L_Knee,0x21,2,649,2.250,+0.090,-0.102,-0.901,-4.8,+5.1,+2.7,-0.583,+0.139,+0.800,29.0
2025-06-01T15:00:10.833,10.833,650,WF,L_Knee,0x21,2,650,2.250,+0.078,-0.101,-0.892,-2.4,-1.5,+5.2,-0.583,+0.139,+0.800,29.0
2025-06-01T15:00:10.850,10.850,651,WF,L_Knee,0x21,2,651,2.248,+0.074,-0.102,-0.893,+0.1,-0.9,+6.1,-0.582,+0.140,+0.801,29.0
2025-06-01T15:00:10.866,10.867,652,WF,L_Knee,0x21,2,652,2.248,+0.077,-0.103,-0.892,+1.5,+1.6,+7.4,-0.582,+0.141,+0.801,29.0
2025-06-01T15:00:10.883,10.883,653,WF,L_Knee,0x21,2,653,2.248,+0.085,-0.105,-0.889,+1.4,+1.0,+8.5,-0.582,+0.143,+0.800,29.0
2025-06-01T15:00:10.900,10.900,654,WF,L_Knee,0x21,2,654,2.242,+0.091,-0.106,-0.893,-0.3,-2.0,+6.1,-0.582,+0.144,+0.800,29.0
2025-06-01T15:00:10.916,10.917,655,WF,L_Knee,0x21,2,655,2.242,+0.094,-0.106,-0.910,-1.1,-2.2,+3.7,-0.581,+0.145,+0.801,29.0
2025-06-01T15:00:10.933,10.933,656,WF,L_Knee,0x21,2,656,2.242,+0.096,-0.106,-0.922,-2.0,-0.8,+3.7,-0.581,+0.145,+0.801,29.0
2025-06-01T15:00:10.950,10.950,657,WF,L_Knee,0x21,2,657,2.241,+0.106,-0.106,-0.945,-4.8,-0.9,+4.0,-0.580,+0.145,+0.801,29.0
2025-06-01T15:00:10.966,10.967,658,WF,L_Knee,0x21,2,658,2.241,+0.121,-0.106,-0.964,-5.5,-1.6,+2.0,-0.580,+0.144,+0.802,29.0
2025-06-01T15:00:10.983,10.983,659,WF,L_Knee,0x21,2,659,2.241,+0.129,-0.105,-0.973,-6.8,-2.9,+2.2,-0.579,+0.143,+0.802,29.0
2025-06-01T15:00:11.000,11.000,660,WF,L_Knee,0x21,2,660,2.237,+0.137,-0.104,-0.990,-8.2,-1.8,+5.7,-0.578,+0.142,+0.803,29.0
2025-06-01T15:00:11.016,11.017,661,WF,L_Knee,0x21,2,661,2.237,+0.138,-0.102,-1.006,-7.0,+3.5,+7.8,-0.578,+0.141,+0.804,29.0
2025-06-01T15:00:11.033,11.033,662,WF,L_Knee,0x21,2,662,2.237,+0.135,-0.101,-1.017,-5.4,+5.8,+4.5,-0.579,+0.141,+0.803,29.0
2025-06-01T15:00:11.050,11.050,663,WF,L_Knee,0x21,2,663,2.232,+0.135,-0.101,-1.019,-6.0,+7.6,+0.1,-0.580,+0.140,+0.802,29.0
2025-06-01T15:00:11.066,11.067,664,WF,L_Knee,0x21,2,664,2.232,+0.137,-0.100,-1.021,-6.2,+9.4,-0.6,-0.583,+0.138,+0.801,29.0
2025-06-01T15:00:11.083,11.083,665,WF,L_Knee,0x21,2,665,2.232,+0.137,-0.100,-1.016,-2.3,+7.3,+2.3,-0.585,+0.137,+0.800,29.0
2025-06-01T15:00:11.100,11.100,666,WF,L_Knee,0x21,2,666,2.220,+0.135,-0.100,-1.004,+0.3,+3.8,+3.5,-0.586,+0.138,+0.798,29.0
2025-06-01T15:00:11.116,11.117,667,WF,L_Knee,0x21,2,667,2.220,+0.132,-0.100,-0.995,+2.2,+0.1,+1.6,-0.586,+0.139,+0.798,29.0
2025-06-01T15:00:11.133,11.133,668,WF,L_Knee,0x21,2,668,2.220,+0.126,-0.099,-0.968,+7.8,-4.4,-1.1,-0.586,+0.140,+0.798,29.0
2025-06-01T15:00:11.150,11.150,669,WF,L_Knee,0x21,2,669,2.213,+0.116,-0.100,-0.929,+19.0,-9.3,-2.0,-0.584,+0.142,+0.799,29.0
2025-06-01T15:00:11.166,11.167,670,WF,L_Knee,0x21,2,670,2.213,+0.100,-0.104,-0.875,+22.5,-8.6,+0.3,-0.582,+0.148,+0.800,29.0
2025-06-01T15:00:11.183,11.183,671,WF,L_Knee,0x21,2,671,2.213,+0.090,-0.107,-0.840,+35.2,-10.1,+2.5,-0.580,+0.152,+0.800,29.0
2025-06-01T15:00:11.200,11.200,672,WF,L_Knee,0x21,2,672,2.199,+0.070,-0.118,-0.758,+61.6,-16.0,+0.3,-0.577,+0.165,+0.800,29.0
2025-06-01T15:00:11.216,11.217,673,WF,L_Knee,0x21,2,673,2.199,+0.052,-0.129,-0.665,+57.5,-14.0,-4.2,-0.573,+0.181,+0.799,29.0
2025-06-01T15:00:11.233,11.233,674,WF,L_Knee,0x21,2,674,2.199,+0.045,-0.136,-0.618,+71.6,-15.9,-9.7,-0.571,+0.190,+0.799,29.0
2025-06-01T15:00:11.250,11.250,675,WF,L_Knee,0x21,2,675,2.191,+0.034,-0.153,-0.532,+102.7,-20.9,-9.6,-0.567,+0.211,+0.797,29.0
2025-06-01T15:00:11.266,11.267,676,WF,L_Knee,0x21,2,676,2.191,+0.024,-0.177,-0.465,+78.5,-15.2,-1.4,-0.562,+0.235,+0.793,29.0
2025-06-01T15:00:11.283,11.283,677,WF,L_Knee,0x21,2,677,2.191,+0.019,-0.192,-0.439,+78.0,-16.8,+5.9,-0.560,+0.247,+0.791,29.0
2025-06-01T15:00:11.300,11.300,678,WF,L_Knee,0x21,2,678,2.184,+0.007,-0.229,-0.398,+109.1,-29.6,+8.3,-0.553,+0.273,+0.787,29.0
2025-06-01T15:00:11.316,11.317,679,WF,L_Knee,0x21,2,679,2.184,-0.008,-0.275,-0.367,+118.2,-42.8,+2.1,-0.545,+0.300,+0.783,29.0
2025-06-01T15:00:11.333,11.333,680,WF,L_Knee,0x21,2,680,2.184,-0.021,-0.327,-0.353,+93.0,-39.1,-3.8,-0.534,+0.327,+0.780,29.0
2025-06-01T15:00:11.350,11.350,681,WF,L_Knee,0x21,2,681,2.178,-0.023,-0.355,-0.356,+93.3,-39.2,-12.1,-0.528,+0.341,+0.778,29.0
2025-06-01T15:00:11.366,11.367,682,WF,L_Knee,0x21,2,682,2.178,-0.017,-0.413,-0.384,+123.2,-39.1,-16.6,-0.518,+0.366,+0.773,29.0
2025-06-01T15:00:11.383,11.383,683,WF,L_Knee,0x21,2,683,2.178,+0.001,-0.470,-0.427,+122.8,-20.2,-10.7,-0.514,+0.391,+0.764,29.0
2025-06-01T15:00:11.400,11.400,684,WF,L_Knee,0x21,2,684,2.176,+0.025,-0.524,-0.472,+89.7,-10.2,-4.1,-0.512,+0.417,+0.751,29.0
2025-06-01T15:00:11.416,11.417,685,WF,L_Knee,0x21,2,685,2.176,+0.040,-0.550,-0.497,+81.0,-21.3,-9.4,-0.510,+0.429,+0.745,29.0
2025-06-01T15:00:11.433,11.433,686,WF,L_Knee,0x21,2,686,2.176,+0.074,-0.600,-0.558,+98.1,-41.7,-23.0,-0.505,+0.449,+0.737,29.0
2025-06-01T15:00:11.450,11.450,687,WF,L_Knee,0x21,2,687,2.164,+0.116,-0.646,-0.633,+80.2,-42.9,-26.5,-0.498,+0.464,+0.732,29.0
2025-06-01T15:00:11.466,11.467,688,WF,L_Knee,0x21,2,688,2.164,+0.163,-0.672,-0.718,+48.0,-23.7,-14.2,-0.494,+0.476,+0.728,29.0
2025-06-01T15:00:11.483,11.483,689,WF,L_Knee,0x21,2,689,2.164,+0.188,-0.676,-0.765,+34.5,-9.4,-3.4,-0.492,+0.481,+0.726,29.0
2025-06-01T15:00:11.500,11.500,690,WF,L_Knee,0x21,2,690,2.158,+0.237,-0.677,-0.877,+34.5,+0.5,-0.2,-0.491,+0.489,+0.721,29.0
2025-06-01T15:00:11.516,11.517,691,WF,L_Knee,0x21,2,691,2.158,+0.284,-0.687,-1.024,+16.1,+9.6,+0.5,-0.493,+0.495,+0.716,29.0
2025-06-01T15:00:11.533,11.533,692,WF,L_Knee,0x21,2,692,2.158,+0.306,-0.694,-1.109,-1.0,+19.0,+0.2,-0.495,+0.496,+0.714,29.0
2025-06-01T15:00:11.550,11.550,693,WF,L_Knee,0x21,2,693,2.153,+0.349,-0.698,-1.280,-30.5,+33.0,+0.6,-0.500,+0.495,+0.711,29.0
2025-06-01T15:00:11.566,11.567,694,WF,L_Knee,0x21,2,694,2.153,+0.389,-0.669,-1.430,-75.5,+38.2,-0.3,-0.508,+0.484,+0.713,29.0
2025-06-01T15:00:11.583,11.583,695,WF,L_Knee,0x21,2,695,2.153,+0.423,-0.608,-1.553,-78.9,+26.3,-2.1,-0.516,+0.463,+0.720,29.0
2025-06-01T15:00:11.600,11.600,696,WF,L_Knee,0x21,2,696,2.146,+0.439,-0.572,-1.609,-93.5,+15.4,-8.4,-0.520,+0.450,+0.726,29.0
2025-06-01T15:00:11.616,11.617,697,WF,L_Knee,0x21,2,697,2.146,+0.478,-0.489,-1.717,-157.9,+43.7,-13.8,-0.525,+0.421,+0.740,29.0
2025-06-01T15:00:11.633,11.633,698,WF,L_Knee,0x21,2,698,2.146,+0.540,-0.370,-1.825,-215.3,+106.7,-8.4,-0.542,+0.378,+0.751,29.0
2025-06-01T15:00:11.650,11.650,699,WF,L_Knee,0x21,2,699,2.143,+0.623,-0.193,-1.882,-178.1,+109.9,+2.6,-0.573,+0.325,+0.752,29.0
2025-06-01T15:00:11.666,11.667,700,WF,L_Knee,0x21,2,700,2.143,+0.663,-0.091,-1.872,-140.3,+97.0,+2.6,-0.590,+0.300,+0.750,29.0
2025-06-01T15:00:11.683,11.683,701,WF,L_Knee,0x21,2,701,2.143,+0.714,+0.087,-1.771,-118.3,+81.4,+0.1,-0.615,+0.265,+0.743,29.0
2025-06-01T15:00:11.700,11.700,702,WF,L_Knee,0x21,2,702,2.141,+0.706,+0.194,-1.588,-48.6,+30.0,-5.8,-0.625,+0.249,+0.740,29.0
2025-06-01T15:00:11.716,11.717,703,WF,L_Knee,0x21,2,703,2.141,+0.683,+0.226,-1.482,-59.3,+35.1,-7.9,-0.629,+0.242,+0.739,29.0
2025-06-01T15:00:11.733,11.733,704,WF,L_Knee,0x21,2,704,2.141,+0.611,+0.279,-1.271,-128.1,+90.4,-3.8,-0.641,+0.220,+0.735,29.0
2025-06-01T15:00:11.750,11.750,705,WF,L_Knee,0x21,2,705,2.140,+0.524,+0.321,-1.099,-164.3,+147.3,+12.5,-0.668,+0.186,+0.721,29.0
2025-06-01T15:00:11.766,11.767,706,WF,L_Knee,0x21,2,706,2.140,+0.432,+0.296,-0.982,-110.6,+130.2,+23.3,-0.701,+0.157,+0.695,29.0
2025-06-01T15:00:11.783,11.783,707,WF,L_Knee,0x21,2,707,2.140,+0.386,+0.244,-0.938,-49.8,+126.1,+38.5,-0.719,+0.150,+0.679,29.0
2025-06-01T15:00:11.800,11.800,708,WF,L_Knee,0x21,2,708,2.141,+0.302,+0.068,-0.853,-33.6,+147.6,+58.5,-0.747,+0.153,+0.646,29.0
2025-06-01T15:00:11.816,11.817,709,WF,L_Knee,0x21,2,709,2.141,+0.245,-0.143,-0.759,-44.7,+115.8,+54.9,-0.769,+0.162,+0.618,29.0
2025-06-01T15:00:11.833,11.833,710,WF,L_Knee,0x21,2,710,2.141,+0.209,-0.340,-0.677,-51.1,+60.7,+36.1,-0.784,+0.162,+0.599,29.0
2025-06-01T15:00:11.850,11.850,711,WF,L_Knee,0x21,2,711,2.143,+0.192,-0.436,-0.648,-45.8,+6.7,+33.0,-0.787,+0.161,+0.596,29.0
2025-06-01T15:00:11.866,11.867,712,WF,L_Knee,0x21,2,712,2.143,+0.161,-0.626,-0.632,-49.6,-36.2,+47.9,-0.783,+0.161,+0.600,29.0
2025-06-01T15:00:11.883,11.883,713,WF,L_Knee,0x21,2,713,2.143,+0.147,-0.801,-0.677,-31.1,-55.0,+37.3,-0.770,+0.165,+0.617,29.0
2025-06-01T15:00:11.900,11.900,714,WF,L_Knee,0x21,2,714,2.145,+0.147,-0.870,-0.709,-26.1,-78.3,+31.4,-0.760,+0.167,+0.628,29.0
2025-06-01T15:00:11.916,11.917,715,WF,L_Knee,0x21,2,715,2.145,+0.148,-0.953,-0.751,-24.0,-119.9,+31.2,-0.738,+0.169,+0.653,29.0
2025-06-01T15:00:11.933,11.933,716,WF,L_Knee,0x21,2,716,2.145,+0.135,-0.979,-0.750,-5.6,-135.2,+20.3,-0.711,+0.171,+0.682,29.0
2025-06-01T15:00:11.950,11.950,717,WF,L_Knee,0x21,2,717,2.148,+0.116,-1.016,-0.753,+10.4,-105.7,+13.8,-0.682,+0.176,+0.710,29.0
2025-06-01T15:00:11.966,11.967,718,WF,L_Knee,0x21,2,718,2.148,+0.101,-1.052,-0.763,+49.4,-96.3,+20.2,-0.667,+0.181,+0.723,29.0
2025-06-01T15:00:11.983,11.983,719,WF,L_Knee,0x21,2,719,2.148,+0.037,-1.129,-0.755,+119.6,-97.0,+24.6,-0.639,+0.205,+0.742,29.0
2025-06-01T15:00:12.000,12.000,720,WF,L_Knee,0x21,2,720,2.152,-0.091,-1.134,-0.661,+167.7,-50.5,-15.8,-0.622,+0.242,+0.745,29.0
2025-06-01T15:00:12.016,12.017,721,WF,L_Knee,0x21,2,721,2.152,-0.238,-1.033,-0.526,+130.2,-19.3,-55.2,-0.620,+0.271,+0.736,29.0
2025-06-01T15:00:12.033,12.033,722,WF,L_Knee,0x21,2,722,2.152,-0.300,-0.955,-0.472,+114.1,-37.6,-101.3,-0.622,+0.278,+0.732,29.0
2025-06-01T15:00:12.050,12.050,723,WF,L_Knee,0x21,2,723,2.156,-0.402,-0.775,-0.398,+154.0,-103.8,-94.7,-0.621,+0.283,+0.731,29.0
2025-06-01T15:00:12.066,12.067,724,WF,L_Knee,0x21,2,724,2.156,-0.521,-0.583,-0.343,+124.9,-121.9,-2.4,-0.593,+0.310,+0.743,29.0
2025-06-01T15:00:12.083,12.083,725,WF,L_Knee,0x21,2,725,2.156,-0.593,-0.490,-0.327,+121.6,-134.6,+83.8,-0.568,+0.336,+0.751,29.0
2025-06-01T15:00:12.100,12.100,726,WF,L_Knee,0x21,2,726,2.161,-0.719,-0.328,-0.369,+121.5,-138.1,+87.3,-0.516,+0.391,+0.762,29.0
2025-06-01T15:00:12.116,12.117,727,WF,L_Knee,0x21,2,727,2.161,-0.745,-0.223,-0.550,+49.9,-68.5,-25.8,-0.489,+0.415,+0.767,29.0
2025-06-01T15:00:12.133,12.133,728,WF,L_Knee,0x21,2,728,2.161,-0.658,-0.167,-0.820,+7.7,-24.9,-77.0,-0.492,+0.406,+0.770,29.0
2025-06-01T15:00:12.150,12.150,729,WF,L_Knee,0x21,2,729,2.166,-0.591,-0.147,-0.960,+5.1,-20.5,-72.5,-0.496,+0.397,+0.772,29.0
2025-06-01T15:00:12.166,12.167,730,WF,L_Knee,0x21,2,730,2.166,-0.445,-0.122,-1.227,+9.2,-31.8,-53.8,-0.499,+0.387,+0.775,29.0
2025-06-01T15:00:12.183,12.183,731,WF,L_Knee,0x21,2,731,2.166,-0.298,-0.129,-1.484,+0.1,-27.0,-13.1,-0.494,+0.386,+0.779,29.0
2025-06-01T15:00:12.200,12.200,732,WF,L_Knee,0x21,2,732,2.171,-0.216,-0.148,-1.617,-26.9,-24.8,+2.5,-0.490,+0.383,+0.783,29.0
2025-06-01T15:00:12.216,12.217,733,WF,L_Knee,0x21,2,733,2.171,-0.028,-0.224,-1.879,-54.2,-18.7,+12.9,-0.482,+0.374,+0.792,29.0
2025-06-01T15:00:12.233,12.233,734,WF,L_Knee,0x21,2,734,2.171,+0.165,-0.341,-2.082,-67.4,+11.9,+11.8,-0.479,+0.362,+0.800,29.0
2025-06-01T15:00:12.250,12.250,735,WF,L_Knee,0x21,2,735,2.182,+0.301,-0.446,-2.146,-56.5,+25.1,+0.2,-0.485,+0.346,+0.803,29.0
2025-06-01T15:00:12.266,12.267,736,WF,L_Knee,0x21,2,736,2.182,+0.336,-0.472,-2.119,-70.3,+28.6,-7.9,-0.490,+0.336,+0.804,29.0
2025-06-01T15:00:12.283,12.283,737,WF,L_Knee,0x21,2,737,2.182,+0.352,-0.459,-1.988,-101.5,+34.5,-5.5,-0.500,+0.311,+0.808,29.0
2025-06-01T15:00:12.300,12.300,738,WF,L_Knee,0x21,2,738,2.188,+0.338,-0.398,-1.821,-98.5,+32.7,+6.0,-0.508,+0.286,+0.813,29.0
2025-06-01T15:00:12.316,12.317,739,WF,L_Knee,0x21,2,739,2.188,+0.302,-0.333,-1.652,-70.0,+26.7,+10.4,-0.515,+0.266,+0.815,29.0
2025-06-01T15:00:12.333,12.333,740,WF,L_Knee,0x21,2,740,2.188,+0.274,-0.305,-1.570,-74.7,+28.9,+8.2,-0.519,+0.256,+0.816,29.0
2025-06-01T15:00:12.350,12.350,741,WF,L_Knee,0x21,2,741,2.193,+0.207,-0.270,-1.432,-108.7,+31.5,+3.6,-0.527,+0.233,+0.817,29.0
2025-06-01T15:00:12.366,12.367,742,WF,L_Knee,0x21,2,742,2.193,+0.152,-0.276,-1.347,-84.9,+15.9,-2.3,-0.533,+0.205,+0.821,29.0
2025-06-01T15:00:12.383,12.383,743,WF,L_Knee,0x21,2,743,2.193,+0.134,-0.292,-1.315,-75.3,+8.8,-4.2,-0.535,+0.192,+0.823,29.0
2025-06-01T15:00:12.400,12.400,744,WF,L_Knee,0x21,2,744,2.198,+0.113,-0.318,-1.230,-83.8,+9.7,-5.2,-0.538,+0.168,+0.826,29.0
2025-06-01T15:00:12.416,12.417,745,WF,L_Knee,0x21,2,745,2.198,+0.101,-0.309,-1.099,-64.3,+7.8,-6.7,-0.540,+0.150,+0.828,29.0
2025-06-01T15:00:12.433,12.433,746,WF,L_Knee,0x21,2,746,2.198,+0.092,-0.276,-0.964,-40.2,+4.1,-6.7,-0.542,+0.135,+0.829,29.0
2025-06-01T15:00:12.450,12.450,747,WF,L_Knee,0x21,2,747,2.203,+0.087,-0.258,-0.911,-31.8,+3.1,-7.4,-0.543,+0.128,+0.830,29.0
2025-06-01T15:00:12.466,12.467,748,WF,L_Knee,0x21,2,748,2.203,+0.075,-0.228,-0.832,-33.8,+7.9,-8.5,-0.544,+0.117,+0.831,29.0
2025-06-01T15:00:12.483,12.483,749,WF,L_Knee,0x21,2,749,2.203,+0.061,-0.192,-0.765,-20.2,+10.4,-5.1,-0.547,+0.109,+0.830,29.0
2025-06-01T15:00:12.500,12.500,750,WF,L_Knee,0x21,2,750,2.212,+0.053,-0.168,-0.731,-17.0,+15.8,-3.4,-0.550,+0.106,+0.829,29.0
2025-06-01T15:00:12.516,12.517,751,WF,L_Knee,0x21,2,751,2.212,+0.036,-0.117,-0.674,-19.1,+20.6,-1.8,-0.555,+0.100,+0.826,29.0
2025-06-01T15:00:12.533,12.533,752,WF,L_Knee,0x21,2,752,2.212,+0.016,-0.071,-0.644,-12.3,+15.6,+2.4,-0.560,+0.096,+0.823,29.0
2025-06-01T15:00:12.550,12.550,753,WF,L_Knee,0x21,2,753,2.215,-0.001,-0.038,-0.645,-5.5,+8.4,+3.8,-0.562,+0.095,+0.821,29.0
2025-06-01T15:00:12.566,12.567,754,WF,L_Knee,0x21,2,754,2.215,-0.008,-0.026,-0.654,-3.7,+6.9,+3.5,-0.563,+0.095,+0.821,29.0
2025-06-01T15:00:12.583,12.583,755,WF,L_Knee,0x21,2,755,2.215,-0.015,-0.012,-0.689,-6.1,+10.5,+1.6,-0.565,+0.094,+0.819,29.0
2025-06-01T15:00:12.600,12.600,756,WF,L_Knee,0x21,2,756,2.218,-0.012,-0.009,-0.743,-6.7,+13.1,-1.1,-0.568,+0.092,+0.818,29.0
2025-06-01T15:00:12.616,12.617,757,WF,L_Knee,0x21,2,757,2.218,+0.003,-0.015,-0.805,-3.8,+10.8,-0.2,-0.572,+0.091,+0.815,29.0
2025-06-01T15:00:12.633,12.633,758,WF,L_Knee,0x21,2,758,2.218,+0.015,-0.020,-0.834,-1.2,+9.2,+3.1,-0.573,+0.091,+0.814,29.0
2025-06-01T15:00:12.650,12.650,759,WF,L_Knee,0x21,2,759,2.221,+0.051,-0.031,-0.880,-1.6,+6.7,+4.4,-0.576,+0.091,+0.812,29.0
2025-06-01T15:00:12.666,12.667,760,WF,L_Knee,0x21,2,760,2.221,+0.094,-0.040,-0.907,-2.4,-0.0,+1.9,-0.576,+0.091,+0.812,29.0
2025-06-01T15:00:12.683,12.683,761,WF,L_Knee,0x21,2,761,2.221,+0.114,-0.043,-0.915,-5.6,-5.2,-1.6,-0.576,+0.091,+0.813,29.0
2025-06-01T15:00:12.700,12.700,762,WF,L_Knee,0x21,2,762,2.221,+0.144,-0.048,-0.929,-10.7,-7.4,-4.3,-0.574,+0.088,+0.814,29.0
2025-06-01T15:00:12.716,12.717,763,WF,L_Knee,0x21,2,763,2.221,+0.157,-0.047,-0.947,-13.5,-4.1,-5.6,-0.572,+0.084,+0.816,29.0
2025-06-01T15:00:12.733,12.733,764,WF,L_Knee,0x21,2,764,2.221,+0.160,-0.042,-0.969,-10.1,-0.2,-4.0,-0.572,+0.080,+0.816,29.0
2025-06-01T15:00:12.750,12.750,765,WF,L_Knee,0x21,2,765,2.221,+0.159,-0.039,-0.979,-6.7,+3.1,-2.2,-0.573,+0.078,+0.816,29.0
2025-06-01T15:00:12.766,12.767,766,WF,L_Knee,0x21,2,766,2.221,+0.155,-0.034,-0.994,-5.9,+6.3,-0.7,-0.574,+0.076,+0.815,29.0
2025-06-01T15:00:12.783,12.783,767,WF,L_Knee,0x21,2,767,2.221,+0.148,-0.031,-1.001,-3.4,+5.9,+0.4,-0.576,+0.075,+0.814,29.0
2025-06-01T15:00:12.800,12.800,768,WF,L_Knee,0x21,2,768,2.221,+0.145,-0.030,-1.002,-5.0,+6.2,-0.5,-0.577,+0.074,+0.814,29.0
2025-06-01T15:00:12.816,12.817,769,WF,L_Knee,0x21,2,769,2.221,+0.140,-0.028,-0.999,-7.7,+7.0,-2.0,-0.579,+0.073,+0.812,29.0
2025-06-01T15:00:12.833,12.833,770,WF,L_Knee,0x21,2,770,2.221,+0.136,-0.026,-0.994,-8.4,+4.9,-2.5,-0.580,+0.070,+0.812,29.0
2025-06-01T15:00:12.850,12.850,771,WF,L_Knee,0x21,2,771,2.220,+0.130,-0.022,-0.987,-6.9,+2.6,-1.8,-0.581,+0.068,+0.811,29.0
2025-06-01T15:00:12.866,12.867,772,WF,L_Knee,0x21,2,772,2.220,+0.126,-0.020,-0.984,-8.2,+1.3,-2.4,-0.581,+0.066,+0.811,29.0
2025-06-01T15:00:12.883,12.883,773,WF,L_Knee,0x21,2,773,2.220,+0.118,-0.014,-0.975,-10.4,-0.3,-4.8,-0.582,+0.063,+0.811,29.0
2025-06-01T15:00:12.900,12.900,774,WF,L_Knee,0x21,2,774,2.219,+0.110,-0.009,-0.962,-6.2,-3.1,-5.8,-0.581,+0.060,+0.811,29.0
2025-06-01T15:00:12.916,12.917,775,WF,L_Knee,0x21,2,775,2.219,+0.102,-0.006,-0.943,-0.6,-3.4,-3.5,-0.580,+0.058,+0.812,29.0
2025-06-01T15:00:12.933,12.933,776,WF,L_Knee,0x21,2,776,2.219,+0.098,-0.006,-0.931,+5.8,-4.0,-0.1,-0.580,+0.058,+0.813,29.0
2025-06-01T15:00:12.950,12.950,777,WF,L_Knee,0x21,2,777,2.216,+0.087,-0.007,-0.903,+13.2,-6.1,+3.0,-0.578,+0.061,+0.813,29.0
2025-06-01T15:00:12.966,12.967,778,WF,L_Knee,0x21,2,778,2.216,+0.074,-0.010,-0.877,+12.7,-5.3,+3.5,-0.577,+0.066,+0.814,29.0
2025-06-01T15:00:12.983,12.983,779,WF,L_Knee,0x21,2,779,2.216,+0.067,-0.011,-0.866,+12.7,-5.5,+2.0,-0.576,+0.068,+0.815,29.0
2025-06-01T15:00:13.000,13.000,780,WF,L_Knee,0x21,2,780,2.213,+0.056,-0.013,-0.853,+15.6,-6.2,-0.1,-0.574,+0.072,+0.816,29.0
2025-06-01T15:00:13.016,13.017,781,WF,L_Knee,0x21,2,781,2.213,+0.048,-0.016,-0.852,+16.8,-4.1,-2.2,-0.573,+0.075,+0.816,29.0
2025-06-01T15:00:13.033,13.033,782,WF,L_Knee,0x21,2,782,2.213,+0.046,-0.020,-0.855,+15.8,-2.2,-1.2,-0.572,+0.079,+0.816,29.0
2025-06-01T15:00:13.050,13.050,783,WF,L_Knee,0x21,2,783,2.206,+0.047,-0.023,-0.854,+22.0,-1.7,+1.4,-0.572,+0.083,+0.816,29.0
2025-06-01T15:00:13.066,13.067,784,WF,L_Knee,0x21,2,784,2.206,+0.049,-0.033,-0.845,+34.2,-3.1,+3.9,-0.571,+0.090,+0.816,29.0
2025-06-01T15:00:13.083,13.083,785,WF,L_Knee,0x21,2,785,2.206,+0.050,-0.046,-0.824,+40.3,-7.3,+4.0,-0.570,+0.100,+0.815,29.0
2025-06-01T15:00:13.100,13.100,786,WF,L_Knee,0x21,2,786,2.202,+0.045,-0.059,-0.795,+33.6,-9.4,+1.7,-0.568,+0.111,+0.816,29.0
2025-06-01T15:00:13.116,13.117,787,WF,L_Knee,0x21,2,787,2.202,+0.041,-0.065,-0.781,+38.5,-14.2,-1.3,-0.566,+0.117,+0.816,29.0
2025-06-01T15:00:13.133,13.133,788,WF,L_Knee,0x21,2,788,2.202,+0.031,-0.079,-0.751,+57.4,-18.4,-2.8,-0.561,+0.129,+0.818,29.0
2025-06-01T15:00:13.150,13.150,789,WF,L_Knee,0x21,2,789,2.198,+0.023,-0.096,-0.716,+48.7,-10.8,-1.7,-0.557,+0.143,+0.818,29.0
2025-06-01T15:00:13.166,13.167,790,WF,L_Knee,0x21,2,790,2.198,+0.022,-0.107,-0.695,+59.8,-5.5,+0.9,-0.556,+0.151,+0.817,29.0
2025-06-01T15:00:13.183,13.183,791,WF,L_Knee,0x21,2,791,2.198,+0.027,-0.133,-0.645,+90.6,-9.9,+2.6,-0.554,+0.172,+0.814,29.0
2025-06-01T15:00:13.200,13.200,792,WF,L_Knee,0x21,2,792,2.196,+0.038,-0.167,-0.593,+96.7,-23.4,+1.5,-0.551,+0.195,+0.811,29.0
2025-06-01T15:00:13.216,13.217,793,WF,L_Knee,0x21,2,793,2.196,+0.050,-0.207,-0.555,+70.9,-28.7,-0.5,-0.543,+0.218,+0.811,29.0
2025-06-01T15:00:13.233,13.233,794,WF,L_Knee,0x21,2,794,2.196,+0.055,-0.229,-0.547,+65.8,-39.7,-4.8,-0.538,+0.228,+0.812,29.0
2025-06-01T15:00:13.250,13.250,795,WF,L_Knee,0x21,2,795,2.188,+0.063,-0.270,-0.552,+84.9,-50.5,-10.4,-0.525,+0.248,+0.814,29.0
2025-06-01T15:00:13.266,13.267,796,WF,L_Knee,0x21,2,796,2.188,+0.071,-0.304,-0.576,+63.1,-31.2,-10.1,-0.515,+0.265,+0.815,29.0
2025-06-01T15:00:13.283,13.283,797,WF,L_Knee,0x21,2,797,2.188,+0.075,-0.319,-0.589,+66.3,-20.9,-9.7,-0.512,+0.274,+0.814,29.0
2025-06-01T15:00:13.300,13.300,798,WF,L_Knee,0x21,2,798,2.183,+0.080,-0.347,-0.616,+92.0,-27.6,-8.6,-0.507,+0.294,+0.810,29.0
2025-06-01T15:00:13.316,13.317,799,WF,L_Knee,0x21,2,799,2.183,+0.076,-0.375,-0.644,+95.4,-35.0,-4.5,-0.500,+0.315,+0.806,29.0
2025-06-01T15:00:13.333,13.333,800,WF,L_Knee,0x21,2,800,2.183,+0.061,-0.402,-0.667,+94.7,-38.1,-4.2,-0.491,+0.337,+0.803,29.0
2025-06-01T15:00:13.350,13.350,801,WF,L_Knee,0x21,2,801,2.179,+0.041,-0.423,-0.684,+69.2,-24.4,-3.3,-0.483,+0.358,+0.799,29.0
2025-06-01T15:00:13.366,13.367,802,WF,L_Knee,0x21,2,802,2.179,+0.031,-0.431,-0.692,+68.6,-14.7,-0.7,-0.481,+0.369,+0.796,29.0
2025-06-01T15:00:13.383,13.383,803,WF,L_Knee,0x21,2,803,2.179,+0.014,-0.445,-0.714,+87.9,-13.1,+4.5,-0.477,+0.390,+0.788,29.0
2025-06-01T15:00:13.400,13.400,804,WF,L_Knee,0x21,2,804,2.175,+0.004,-0.457,-0.752,+62.6,-7.7,+6.0,-0.473,+0.410,+0.780,29.0
2025-06-01T15:00:13.416,13.417,805,WF,L_Knee,0x21,2,805,2.175,+0.003,-0.462,-0.774,+63.9,-11.8,+3.3,-0.472,+0.420,+0.775,29.0
2025-06-01T15:00:13.433,13.433,806,WF,L_Knee,0x21,2,806,2.175,+0.013,-0.476,-0.814,+90.0,-22.3,-0.2,-0.467,+0.440,+0.767,29.0
2025-06-01T15:00:13.450,13.450,807,WF,L_Knee,0x21,2,807,2.167,+0.037,-0.491,-0.852,+75.2,-10.9,+11.6,-0.462,+0.460,+0.758,29.0
2025-06-01T15:00:13.466,13.467,808,WF,L_Knee,0x21,2,808,2.167,+0.062,-0.505,-0.906,+28.9,+13.5,+27.4,-0.459,+0.476,+0.750,29.0
2025-06-01T15:00:13.483,13.483,809,WF,L_Knee,0x21,2,809,2.167,+0.071,-0.513,-0.946,-18.3,+44.2,+48.1,-0.460,+0.480,+0.747,29.0
2025-06-01T15:00:13.500,13.500,810,WF,L_Knee,0x21,2,810,2.164,+0.086,-0.526,-1.042,-41.9,+61.8,+60.4,-0.465,+0.481,+0.743,29.0
2025-06-01T15:00:13.516,13.517,811,WF,L_Knee,0x21,2,811,2.164,+0.106,-0.528,-1.145,-29.7,+36.8,+33.5,-0.470,+0.478,+0.742,29.0
2025-06-01T15:00:13.533,13.533,812,WF,L_Knee,0x21,2,812,2.164,+0.119,-0.524,-1.191,-10.3,+15.1,+14.0,-0.472,+0.477,+0.741,29.0
2025-06-01T15:00:13.550,13.550,813,WF,L_Knee,0x21,2,813,2.162,+0.143,-0.520,-1.279,-12.2,+18.8,+17.0,-0.473,+0.478,+0.741,29.0
2025-06-01T15:00:13.566,13.567,814,WF,L_Knee,0x21,2,814,2.162,+0.156,-0.537,-1.392,-11.3,+16.0,+13.6,-0.475,+0.477,+0.740,29.0
2025-06-01T15:00:13.583,13.583,815,WF,L_Knee,0x21,2,815,2.162,+0.162,-0.551,-1.460,-13.8,+17.7,+12.4,-0.476,+0.477,+0.739,29.0
2025-06-01T15:00:13.600,13.600,816,WF,L_Knee,0x21,2,816,2.159,+0.180,-0.551,-1.613,-57.5,+49.8,+32.5,-0.479,+0.474,+0.739,29.0
2025-06-01T15:00:13.616,13.617,817,WF,L_Knee,0x21,2,817,2.159,+0.203,-0.473,-1.766,-128.8,+84.7,+61.7,-0.488,+0.461,+0.741,29.0
2025-06-01T15:00:13.633,13.633,818,WF,L_Knee,0x21,2,818,2.159,+0.220,-0.332,-1.875,-130.7,+69.6,+59.6,-0.499,+0.436,+0.749,29.0
2025-06-01T15:00:13.650,13.650,819,WF,L_Knee,0x21,2,819,2.159,+0.224,-0.254,-1.907,-145.7,+40.4,+55.6,-0.503,+0.421,+0.754,29.0
2025-06-01T15:00:13.666,13.667,820,WF,L_Knee,0x21,2,820,2.159,+0.220,-0.102,-1.925,-195.6,+17.0,+64.9,-0.504,+0.388,+0.771,29.0
2025-06-01T15:00:13.683,13.683,821,WF,L_Knee,0x21,2,821,2.159,+0.199,+0.037,-1.887,-194.4,-11.7,+59.8,-0.496,+0.352,+0.794,29.0
2025-06-01T15:00:13.700,13.700,822,WF,L_Knee,0x21,2,822,2.159,+0.163,+0.172,-1.799,-137.9,-6.5,+41.4,-0.486,+0.316,+0.815,29.0
2025-06-01T15:00:13.716,13.717,823,WF,L_Knee,0x21,2,823,2.159,+0.148,+0.236,-1.735,-100.3,+24.2,+8.3,-0.485,+0.299,+0.822,29.0
2025-06-01T15:00:13.733,13.733,824,WF,L_Knee,0x21,2,824,2.159,+0.133,+0.330,-1.568,-94.4,+64.3,-26.0,-0.496,+0.270,+0.825,29.0
2025-06-01T15:00:13.750,13.750,825,WF,L_Knee,0x21,2,825,2.159,+0.125,+0.347,-1.365,-47.5,+59.9,-37.7,-0.520,+0.246,+0.818,29.0
2025-06-01T15:00:13.766,13.767,826,WF,L_Knee,0x21,2,826,2.159,+0.116,+0.323,-1.260,-32.3,+41.0,-35.1,-0.531,+0.236,+0.814,29.0
2025-06-01T15:00:13.783,13.783,827,WF,L_Knee,0x21,2,827,2.159,+0.075,+0.227,-1.060,-33.5,+25.7,-31.4,-0.544,+0.220,+0.810,29.0
2025-06-01T15:00:13.800,13.800,828,WF,L_Knee,0x21,2,828,2.160,+0.005,+0.090,-0.898,-26.0,+9.7,-20.4,-0.547,+0.210,+0.810,29.0
2025-06-01T15:00:13.816,13.817,829,WF,L_Knee,0x21,2,829,2.160,-0.079,-0.094,-0.797,-17.5,+11.8,-16.6,-0.551,+0.201,+0.810,29.0
2025-06-01T15:00:13.833,13.833,830,WF,L_Knee,0x21,2,830,2.160,-0.119,-0.204,-0.772,-17.4,+33.3,-33.8,-0.554,+0.197,+0.809,29.0
2025-06-01T15:00:13.850,13.850,831,WF,L_Knee,0x21,2,831,2.162,-0.168,-0.432,-0.771,-20.4,+56.1,-65.6,-0.570,+0.182,+0.801,29.0
2025-06-01T15:00:13.866,13.867,832,WF,L_Knee,0x21,2,832,2.162,-0.169,-0.622,-0.794,-9.3,+27.1,-72.4,-0.587,+0.165,+0.792,29.0
2025-06-01T15:00:13.883,13.883,833,WF,L_Knee,0x21,2,833,2.162,-0.162,-0.755,-0.789,+1.6,-21.2,-45.1,-0.590,+0.153,+0.793,29.0
2025-06-01T15:00:13.900,13.900,834,WF,L_Knee,0x21,2,834,2.165,-0.170,-0.808,-0.772,+11.1,-85.2,-31.7,-0.582,+0.151,+0.799,29.0
2025-06-01T15:00:13.916,13.917,835,WF,L_Knee,0x21,2,835,2.165,-0.202,-0.903,-0.717,+16.7,-139.5,-46.7,-0.552,+0.148,+0.820,29.0
2025-06-01T15:00:13.933,13.933,836,WF,L_Knee,0x21,2,836,2.165,-0.226,-1.000,-0.654,+19.0,-139.1,-48.2,-0.519,+0.144,+0.843,29.0
2025-06-01T15:00:13.950,13.950,837,WF,L_Knee,0x21,2,837,2.167,-0.252,-1.089,-0.603,+19.7,-94.8,-29.7,-0.488,+0.143,+0.861,29.0
2025-06-01T15:00:13.966,13.967,838,WF,L_Knee,0x21,2,838,2.167,-0.273,-1.118,-0.587,+46.4,-77.6,-36.7,-0.474,+0.145,+0.868,29.0
2025-06-01T15:00:13.983,13.983,839,WF,L_Knee,0x21,2,839,2.167,-0.321,-1.131,-0.578,+109.4,-78.3,-84.1,-0.452,+0.156,+0.878,29.0
2025-06-01T15:00:14.000,14.000,840,WF,L_Knee,0x21,2,840,2.170,-0.336,-1.129,-0.583,+165.7,-35.0,-106.2,-0.443,+0.179,+0.879,29.0
2025-06-01T15:00:14.016,14.017,841,WF,L_Knee,0x21,2,841,2.170,-0.287,-1.148,-0.563,+135.9,-1.7,-60.9,-0.446,+0.213,+0.869,29.0
2025-06-01T15:00:14.033,14.033,842,WF,L_Knee,0x21,2,842,2.170,-0.243,-1.139,-0.533,+104.3,-6.8,-12.3,-0.448,+0.232,+0.863,29.0
2025-06-01T15:00:14.050,14.050,843,WF,L_Knee,0x21,2,843,2.173,-0.129,-0.984,-0.433,+110.6,-69.8,-10.9,-0.444,+0.262,+0.857,29.0
2025-06-01T15:00:14.066,14.067,844,WF,L_Knee,0x21,2,844,2.173,-0.007,-0.631,-0.332,+77.3,-110.8,-10.0,-0.415,+0.284,+0.864,29.0
2025-06-01T15:00:14.083,14.083,845,WF,L_Knee,0x21,2,845,2.173,+0.042,-0.433,-0.312,+94.4,-161.2,+34.8,-0.390,+0.299,+0.871,29.0
2025-06-01T15:00:14.100,14.100,846,WF,L_Knee,0x21,2,846,2.178,+0.093,-0.120,-0.384,+116.7,-175.2,+119.4,-0.326,+0.341,+0.882,29.0
2025-06-01T15:00:14.116,14.117,847,WF,L_Knee,0x21,2,847,2.178,+0.129,+0.056,-0.598,+61.0,-65.6,+104.5,-0.276,+0.380,+0.883,29.0
2025-06-01T15:00:14.133,14.133,848,WF,L_Knee,0x21,2,848,2.178,+0.176,+0.122,-0.737,-1.1,+50.7,+0.1,-0.271,+0.389,+0.881,29.0
2025-06-01T15:00:14.150,14.150,849,WF,L_Knee,0x21,2,849,2.181,+0.353,+0.257,-1.024,-35.5,+119.0,-82.0,-0.302,+0.380,+0.874,29.0
2025-06-01T15:00:14.166,14.167,850,WF,L_Knee,0x21,2,850,2.181,+0.555,+0.377,-1.288,-50.6,+104.3,-58.2,-0.349,+0.356,+0.867,29.0
2025-06-01T15:00:14.183,14.183,851,WF,L_Knee,0x21,2,851,2.181,+0.664,+0.408,-1.534,-45.3,+44.8,+17.4,-0.367,+0.343,+0.865,29.0
2025-06-01T15:00:14.200,14.200,852,WF,L_Knee,0x21,2,852,2.184,+0.679,+0.381,-1.653,-69.2,+27.1,+38.5,-0.368,+0.337,+0.867,29.0
2025-06-01T15:00:14.216,14.217,853,WF,L_Knee,0x21,2,853,2.184,+0.660,+0.263,-1.874,-112.7,+66.3,+8.1,-0.374,+0.316,+0.872,29.0
2025-06-01T15:00:14.233,14.233,854,WF,L_Knee,0x21,2,854,2.184,+0.584,+0.108,-2.053,-91.2,+77.5,-18.4,-0.399,+0.282,+0.872,29.0
2025-06-01T15:00:14.250,14.250,855,WF,L_Knee,0x21,2,855,2.186,+0.521,+0.028,-2.116,-83.5,+92.1,-3.0,-0.416,+0.265,+0.870,29.0
2025-06-01T15:00:14.266,14.267,856,WF,L_Knee,0x21,2,856,2.186,+0.360,-0.144,-2.168,-104.5,+100.7,+16.1,-0.446,+0.239,+0.862,29.0
2025-06-01T15:00:14.283,14.283,857,WF,L_Knee,0x21,2,857,2.186,+0.199,-0.324,-2.089,-107.2,+59.7,+12.7,-0.465,+0.217,+0.858,29.0
2025-06-01T15:00:14.300,14.300,858,WF,L_Knee,0x21,2,858,2.189,+0.072,-0.426,-1.871,-116.5,+30.7,-3.1,-0.474,+0.189,+0.860,29.0
2025-06-01T15:00:14.316,14.317,859,WF,L_Knee,0x21,2,859,2.189,-0.027,-0.369,-1.567,-89.3,+17.4,-4.5,-0.480,+0.158,+0.863,29.0
2025-06-01T15:00:14.333,14.333,860,WF,L_Knee,0x21,2,860,2.189,-0.070,-0.297,-1.418,-80.7,+21.9,-1.9,-0.484,+0.143,+0.863,29.0
2025-06-01T15:00:14.350,14.350,861,WF,L_Knee,0x21,2,861,2.189,-0.138,-0.180,-1.188,-92.8,+32.9,-6.3,-0.492,+0.117,+0.863,29.0
2025-06-01T15:00:14.366,14.367,862,WF,L_Knee,0x21,2,862,2.189,-0.172,-0.186,-1.061,-58.3,+24.2,-9.4,-0.501,+0.095,+0.861,29.0
2025-06-01T15:00:14.383,14.383,863,WF,L_Knee,0x21,2,863,2.189,-0.174,-0.215,-1.017,-45.9,+13.7,-12.6,-0.504,+0.085,+0.859,29.0
2025-06-01T15:00:14.400,14.400,864,WF,L_Knee,0x21,2,864,2.190,-0.151,-0.236,-0.917,-50.7,+1.3,-14.7,-0.508,+0.068,+0.859,29.0
2025-06-01T15:00:14.416,14.417,865,WF,L_Knee,0x21,2,865,2.190,-0.113,-0.171,-0.795,-38.2,-18.1,-11.9,-0.506,+0.055,+0.861,29.0
2025-06-01T15:00:14.433,14.433,866,WF,L_Knee,0x21,2,866,2.190,-0.086,-0.098,-0.693,-22.6,-19.0,-8.1,-0.499,+0.045,+0.865,29.0
2025-06-01T15:00:14.450,14.450,867,WF,L_Knee,0x21,2,867,2.189,-0.080,-0.081,-0.661,-15.3,-13.4,-5.6,-0.496,+0.041,+0.867,29.0
2025-06-01T15:00:14.466,14.467,868,WF,L_Knee,0x21,2,868,2.189,-0.076,-0.069,-0.625,-12.6,-5.4,-1.3,-0.493,+0.036,+0.869,29.0
2025-06-01T15:00:14.483,14.483,869,WF,L_Knee,0x21,2,869,2.189,-0.073,-0.049,-0.601,-1.6,+9.4,+7.1,-0.494,+0.035,+0.869,29.0
2025-06-01T15:00:14.500,14.500,870,WF,L_Knee,0x21,2,870,2.186,-0.072,-0.017,-0.582,+4.4,+11.9,+7.8,-0.497,+0.037,+0.867,29.0
2025-06-01T15:00:14.516,14.517,871,WF,L_Knee,0x21,2,871,2.186,-0.076,-0.006,-0.579,+9.1,+12.9,+6.0,-0.499,+0.039,+0.865,29.0
2025-06-01T15:00:14.533,14.533,872,WF,L_Knee,0x21,2,872,2.186,-0.096,+0.004,-0.597,+12.8,+18.9,+6.0,-0.504,+0.043,+0.863,29.0
2025-06-01T15:00:14.550,14.550,873,WF,L_Knee,0x21,2,873,2.184,-0.124,+0.007,-0.651,+9.5,+22.1,+6.2,-0.509,+0.047,+0.860,29.0
2025-06-01T15:00:14.566,14.567,874,WF,L_Knee,0x21,2,874,2.184,-0.142,+0.009,-0.733,+3.6,+16.5,+5.5,-0.515,+0.050,+0.856,29.0
2025-06-01T15:00:14.583,14.583,875,WF,L_Knee,0x21,2,875,2.184,-0.140,+0.009,-0.778,-1.2,+7.0,+4.4,-0.517,+0.051,+0.855,29.0
2025-06-01T15:00:14.600,14.600,876,WF,L_Knee,0x21,2,876,2.181,-0.110,+0.005,-0.865,-4.4,-4.1,+3.8,-0.518,+0.051,+0.854,29.0
2025-06-01T15:00:14.616,14.617,877,WF,L_Knee,0x21,2,877,2.181,-0.050,+0.000,-0.936,-4.8,-10.5,+2.0,-0.515,+0.050,+0.856,29.0
2025-06-01T15:00:14.633,14.633,878,WF,L_Knee,0x21,2,878,2.181,-0.014,-0.001,-0.964,-7.0,-9.0,+2.6,-0.513,+0.049,+0.857,29.0
2025-06-01T15:00:14.650,14.650,879,WF,L_Knee,0x21,2,879,2.174,+0.053,-0.002,-1.010,-11.3,-4.8,+3.2,-0.510,+0.047,+0.859,29.0
2025-06-01T15:00:14.666,14.667,880,WF,L_Knee,0x21,2,880,2.174,+0.092,-0.001,-1.045,-11.5,+0.9,+1.3,-0.510,+0.044,+0.859,29.0
2025-06-01T15:00:14.683,14.683,881,WF,L_Knee,0x21,2,881,2.174,+0.098,-0.001,-1.068,-7.4,+0.5,-0.0,-0.510,+0.042,+0.859,29.0
2025-06-01T15:00:14.700,14.700,882,WF,L_Knee,0x21,2,882,2.170,+0.092,-0.001,-1.074,-5.5,-2.2,+0.2,-0.510,+0.041,+0.859,29.0
2025-06-01T15:00:14.716,14.717,883,WF,L_Knee,0x21,2,883,2.170,+0.070,+0.001,-1.070,-6.8,-4.1,+1.2,-0.509,+0.039,+0.860,29.0
2025-06-01T15:00:14.733,14.733,884,WF,L_Knee,0x21,2,884,2.170,+0.050,+0.004,-1.048,-5.0,-3.6,+1.2,-0.508,+0.038,+0.860,29.0
2025-06-01T15:00:14.750,14.750,885,WF,L_Knee,0x21,2,885,2.166,+0.043,+0.006,-1.032,-4.5,-4.3,+0.8,-0.508,+0.037,+0.861,29.0
2025-06-01T15:00:14.766,14.767,886,WF,L_Knee,0x21,2,886,2.166,+0.031,+0.011,-1.000,-4.5,-6.3,+1.2,-0.506,+0.036,+0.862,29.0
2025-06-01T15:00:14.783,14.783,887,WF,L_Knee,0x21,2,887,2.166,+0.018,+0.015,-0.974,-2.1,-4.9,+3.0,-0.504,+0.035,+0.863,29.0
2025-06-01T15:00:14.800,14.800,888,WF,L_Knee,0x21,2,888,2.157,+0.001,+0.017,-0.957,-0.2,-1.8,+3.8,-0.504,+0.035,+0.863,29.0
2025-06-01T15:00:14.816,14.817,889,WF,L_Knee,0x21,2,889,2.157,-0.007,+0.018,-0.951,+0.8,+0.4,+4.0,-0.503,+0.036,+0.863,29.0
2025-06-01T15:00:14.833,14.833,890,WF,L_Knee,0x21,2,890,2.157,-0.019,+0.018,-0.943,+0.7,+0.7,+3.5,-0.504,+0.037,+0.863,29.0
2025-06-01T15:00:14.850,14.850,891,WF,L_Knee,0x21,2,891,2.152,-0.025,+0.018,-0.938,+0.4,+0.1,+2.5,-0.504,+0.037,+0.863,29.0
2025-06-01T15:00:14.866,14.867,892,WF,L_Knee,0x21,2,892,2.152,-0.026,+0.019,-0.938,+0.7,-0.0,+3.0,-0.504,+0.038,+0.863,29.0
2025-06-01T15:00:14.883,14.883,893,WF,L_Knee,0x21,2,893,2.152,-0.025,+0.019,-0.939,+2.1,+0.4,+5.3,-0.504,+0.039,+0.863,29.0
2025-06-01T15:00:14.900,14.900,894,WF,L_Knee,0x21,2,894,2.148,-0.022,+0.018,-0.946,+3.6,-0.1,+6.5,-0.504,+0.040,+0.863,29.0
2025-06-01T15:00:14.916,14.917,895,WF,L_Knee,0x21,2,895,2.148,-0.018,+0.016,-0.952,+2.9,-1.1,+3.2,-0.503,+0.042,+0.863,29.0
2025-06-01T15:00:14.933,14.933,896,WF,L_Knee,0x21,2,896,2.148,-0.016,+0.016,-0.954,+3.1,-2.5,+1.6,-0.503,+0.043,+0.863,29.0
2025-06-01T15:00:14.950,14.950,897,WF,L_Knee,0x21,2,897,2.147,-0.016,+0.014,-0.957,+6.0,-3.2,+3.0,-0.502,+0.044,+0.864,29.0
2025-06-01T15:00:14.966,14.967,898,WF,L_Knee,0x21,2,898,2.147,-0.019,+0.012,-0.957,+10.1,-2.2,+5.2,-0.501,+0.047,+0.864,29.0
2025-06-01T15:00:14.983,14.983,899,WF,L_Knee,0x21,2,899,2.147,-0.021,+0.008,-0.953,+10.3,-1.2,+5.2,-0.501,+0.051,+0.864,29.0
2025-06-01T15:00:15.000,15.000,900,WF,L_Knee,0x21,2,900,2.140,-0.022,+0.006,-0.948,+12.0,-0.9,+6.4,-0.501,+0.053,+0.864,29.0
2025-06-01T15:00:15.016,15.017,901,WF,L_Knee,0x21,2,901,2.140,-0.024,+0.002,-0.933,+16.8,-1.6,+9.9,-0.500,+0.059,+0.864,29.0
2025-06-01T15:00:15.033,15.033,902,WF,L_Knee,0x21,2,902,2.140,-0.028,-0.002,-0.910,+13.7,-1.9,+8.0,-0.499,+0.065,+0.864,29.0
2025-06-01T15:00:15.050,15.050,903,WF,L_Knee,0x21,2,903,2.139,-0.031,-0.005,-0.898,+17.4,-2.7,+6.5,-0.499,+0.068,+0.864,29.0
2025-06-01T15:00:15.066,15.067,904,WF,L_Knee,0x21,2,904,2.139,-0.038,-0.011,-0.875,+29.5,-2.1,+6.7,-0.498,+0.075,+0.864,29.0
2025-06-01T15:00:15.083,15.083,905,WF,L_Knee,0x21,2,905,2.139,-0.044,-0.020,-0.852,+37.3,+0.9,+5.0,-0.498,+0.085,+0.863,29.0
2025-06-01T15:00:15.100,15.100,906,WF,L_Knee,0x21,2,906,2.136,-0.050,-0.031,-0.827,+31.9,+1.3,+3.7,-0.498,+0.095,+0.862,29.0
2025-06-01T15:00:15.116,15.117,907,WF,L_Knee,0x21,2,907,2.136,-0.054,-0.037,-0.812,+38.7,-2.6,+5.0,-0.498,+0.102,+0.861,29.0
2025-06-01T15:00:15.133,15.133,908,WF,L_Knee,0x21,2,908,2.136,-0.062,-0.052,-0.776,+60.3,-9.5,+7.1,-0.496,+0.116,+0.860,29.0
2025-06-01T15:00:15.150,15.150,909,WF,L_Knee,0x21,2,909,2.133,-0.070,-0.072,-0.735,+72.8,-15.8,+4.9,-0.493,+0.134,+0.860,29.0
2025-06-01T15:00:15.166,15.167,910,WF,L_Knee,0x21,2,910,2.133,-0.074,-0.095,-0.688,+60.4,-13.4,+1.1,-0.488,+0.154,+0.859,29.0
2025-06-01T15:00:15.183,15.183,911,WF,L_Knee,0x21,2,911,2.133,-0.074,-0.106,-0.663,+62.6,-11.7,-1.9,-0.486,+0.164,+0.858,29.0
2025-06-01T15:00:15.200,15.200,912,WF,L_Knee,0x21,2,912,2.129,-0.069,-0.128,-0.614,+86.3,-14.5,-1.8,-0.483,+0.185,+0.856,29.0
2025-06-01T15:00:15.216,15.217,913,WF,L_Knee,0x21,2,913,2.129,-0.058,-0.155,-0.570,+97.9,-21.2,-0.2,-0.479,+0.207,+0.853,29.0
2025-06-01T15:00:15.233,15.233,914,WF,L_Knee,0x21,2,914,2.129,-0.048,-0.194,-0.537,+81.6,-23.8,+0.2,-0.472,+0.233,+0.850,29.0
2025-06-01T15:00:15.250,15.250,915,WF,L_Knee,0x21,2,915,2.128,-0.045,-0.217,-0.525,+81.7,-32.0,-1.6,-0.467,+0.247,+0.849,29.0
2025-06-01T15:00:15.266,15.267,916,WF,L_Knee,0x21,2,916,2.128,-0.040,-0.265,-0.514,+105.0,-45.3,-3.4,-0.456,+0.273,+0.847,29.0
2025-06-01T15:00:15.283,15.283,917,WF,L_Knee,0x21,2,917,2.128,-0.041,-0.310,-0.511,+108.8,-44.9,-3.8,-0.445,+0.298,+0.844,29.0
2025-06-01T15:00:15.300,15.300,918,WF,L_Knee,0x21,2,918,2.128,-0.047,-0.355,-0.511,+89.0,-32.4,-1.7,-0.435,+0.326,+0.839,29.0
2025-06-01T15:00:15.316,15.317,919,WF,L_Knee,0x21,2,919,2.128,-0.051,-0.378,-0.513,+95.2,-30.2,-0.5,-0.430,+0.341,+0.836,29.0
2025-06-01T15:00:15.333,15.333,920,WF,L_Knee,0x21,2,920,2.128,-0.057,-0.422,-0.525,+121.1,-37.7,+1.6,-0.420,+0.372,+0.828,29.0
2025-06-01T15:00:15.350,15.350,921,WF,L_Knee,0x21,2,921,2.128,-0.055,-0.461,-0.550,+85.6,-28.0,+2.6,-0.411,+0.400,+0.819,29.0
2025-06-01T15:00:15.366,15.367,922,WF,L_Knee,0x21,2,922,2.128,-0.052,-0.479,-0.564,+80.9,-29.8,+3.4,-0.406,+0.413,+0.815,29.0
2025-06-01T15:00:15.383,15.383,923,WF,L_Knee,0x21,2,923,2.128,-0.044,-0.511,-0.594,+99.4,-38.9,+4.2,-0.396,+0.439,+0.806,29.0
2025-06-01T15:00:15.400,15.400,924,WF,L_Knee,0x21,2,924,2.130,-0.032,-0.540,-0.631,+85.9,-37.1,-2.3,-0.387,+0.461,+0.798,29.0
2025-06-01T15:00:15.416,15.417,925,WF,L_Knee,0x21,2,925,2.130,-0.012,-0.564,-0.678,+58.2,-26.9,-7.8,-0.380,+0.479,+0.792,29.0
2025-06-01T15:00:15.433,15.433,926,WF,L_Knee,0x21,2,926,2.130,+0.002,-0.573,-0.706,+54.9,-22.5,-12.8,-0.377,+0.486,+0.788,29.0
2025-06-01T15:00:15.450,15.450,927,WF,L_Knee,0x21,2,927,2.135,+0.033,-0.583,-0.771,+65.5,-15.2,-10.4,-0.373,+0.501,+0.781,29.0
2025-06-01T15:00:15.466,15.467,928,WF,L_Knee,0x21,2,928,2.135,+0.063,-0.585,-0.854,+38.8,+3.3,+0.5,-0.373,+0.514,+0.773,29.0
2025-06-01T15:00:15.483,15.483,929,WF,L_Knee,0x21,2,929,2.135,+0.078,-0.584,-0.905,+13.8,+22.4,+12.1,-0.374,+0.518,+0.769,29.0
2025-06-01T15:00:15.500,15.500,930,WF,L_Knee,0x21,2,930,2.138,+0.107,-0.580,-1.029,-9.7,+34.7,+19.4,-0.379,+0.522,+0.764,29.0
2025-06-01T15:00:15.516,15.517,931,WF,L_Knee,0x21,2,931,2.138,+0.138,-0.584,-1.193,-45.9,+28.8,+16.3,-0.384,+0.518,+0.764,29.0
2025-06-01T15:00:15.533,15.533,932,WF,L_Knee,0x21,2,932,2.138,+0.175,-0.602,-1.405,-55.3,+17.3,+8.4,-0.387,+0.506,+0.771,29.0
2025-06-01T15:00:15.550,15.550,933,WF,L_Knee,0x21,2,933,2.142,+0.198,-0.610,-1.526,-84.0,+23.1,+2.7,-0.389,+0.496,+0.776,29.0
2025-06-01T15:00:15.566,15.567,934,WF,L_Knee,0x21,2,934,2.142,+0.265,-0.593,-1.768,-132.6,+44.3,+0.0,-0.397,+0.468,+0.789,29.0
2025-06-01T15:00:15.583,15.583,935,WF,L_Knee,0x21,2,935,2.142,+0.360,-0.492,-1.954,-110.3,+41.4,-0.4,-0.410,+0.435,+0.802,29.0
2025-06-01T15:00:15.600,15.600,936,WF,L_Knee,0x21,2,936,2.146,+0.411,-0.408,-2.010,-120.5,+41.5,+4.3,-0.416,+0.417,+0.808,29.0
2025-06-01T15:00:15.616,15.617,937,WF,L_Knee,0x21,2,937,2.146,+0.501,-0.203,-2.045,-177.6,+55.3,+17.7,-0.428,+0.379,+0.820,29.0
2025-06-01T15:00:15.633,15.633,938,WF,L_Knee,0x21,2,938,2.146,+0.552,-0.003,-1.996,-149.2,+46.9,+23.3,-0.439,+0.336,+0.833,29.0
2025-06-01T15:00:15.650,15.650,939,WF,L_Knee,0x21,2,939,2.156,+0.561,+0.083,-1.949,-164.5,+58.5,+28.4,-0.446,+0.313,+0.839,29.0
2025-06-01T15:00:15.666,15.667,940,WF,L_Knee,0x21,2,940,2.156,+0.547,+0.224,-1.819,-209.0,+70.0,+32.6,-0.463,+0.263,+0.846,29.0
2025-06-01T15:00:15.683,15.683,941,WF,L_Knee,0x21,2,941,2.156,+0.491,+0.324,-1.643,-167.4,+33.4,+16.5,-0.475,+0.218,+0.852,29.0
2025-06-01T15:00:15.700,15.700,942,WF,L_Knee,0x21,2,942,2.161,+0.392,+0.363,-1.433,-93.6,+2.0,+5.2,-0.477,+0.185,+0.859,29.0
2025-06-01T15:00:15.716,15.717,943,WF,L_Knee,0x21,2,943,2.161,+0.332,+0.354,-1.322,-64.7,+3.7,+11.3,-0.476,+0.173,+0.862,29.0
2025-06-01T15:00:15.733,15.733,944,WF,L_Knee,0x21,2,944,2.161,+0.207,+0.286,-1.109,-81.3,+36.4,+25.0,-0.478,+0.155,+0.865,29.0
2025-06-01T15:00:15.750,15.750,945,WF,L_Knee,0x21,2,945,2.167,+0.095,+0.167,-0.928,-61.6,+52.4,+22.3,-0.492,+0.139,+0.860,29.0
2025-06-01T15:00:15.766,15.767,946,WF,L_Knee,0x21,2,946,2.167,+0.047,+0.090,-0.856,-55.8,+68.1,+15.2,-0.502,+0.131,+0.855,29.0
2025-06-01T15:00:15.783,15.783,947,WF,L_Knee,0x21,2,947,2.167,-0.035,-0.101,-0.763,-54.7,+87.0,+17.8,-0.524,+0.116,+0.844,29.0
2025-06-01T15:00:15.800,15.800,948,WF,L_Knee,0x21,2,948,2.172,-0.104,-0.339,-0.748,-23.5,+67.1,+21.6,-0.544,+0.109,+0.832,29.0
2025-06-01T15:00:15.816,15.817,949,WF,L_Knee,0x21,2,949,2.172,-0.152,-0.581,-0.792,-2.4,+32.1,+19.8,-0.556,+0.111,+0.824,29.0
2025-06-01T15:00:15.833,15.833,950,WF,L_Knee,0x21,2,950,2.172,-0.165,-0.681,-0.819,+8.4,+2.8,+20.7,-0.558,+0.115,+0.822,29.0
2025-06-01T15:00:15.850,15.850,951,WF,L_Knee,0x21,2,951,2.183,-0.168,-0.812,-0.855,+15.5,-20.3,+27.9,-0.555,+0.122,+0.823,29.0
2025-06-01T15:00:15.866,15.867,952,WF,L_Knee,0x21,2,952,2.183,-0.156,-0.862,-0.855,+22.4,-43.2,+29.8,-0.546,+0.131,+0.827,29.0
2025-06-01T15:00:15.883,15.883,953,WF,L_Knee,0x21,2,953,2.183,-0.155,-0.878,-0.829,+23.5,-41.4,+22.9,-0.532,+0.142,+0.834,29.0
2025-06-01T15:00:15.900,15.900,954,WF,L_Knee,0x21,2,954,2.188,-0.165,-0.889,-0.813,+34.4,-49.0,+18.7,-0.524,+0.149,+0.838,29.0
2025-06-01T15:00:15.916,15.917,955,WF,L_Knee,0x21,2,955,2.188,-0.205,-0.931,-0.788,+54.7,-62.6,+24.0,-0.507,+0.165,+0.846,29.0
2025-06-01T15:00:15.933,15.933,956,WF,L_Knee,0x21,2,956,2.188,-0.257,-0.986,-0.789,+72.7,-42.3,+27.3,-0.491,+0.183,+0.852,29.0
2025-06-01T15:00:15.950,15.950,957,WF,L_Knee,0x21,2,957,2.193,-0.298,-1.018,-0.795,+73.7,-15.1,+20.3,-0.483,+0.209,+0.850,29.0
2025-06-01T15:00:15.966,15.967,958,WF,L_Knee,0x21,2,958,2.193,-0.311,-1.019,-0.781,+119.2,-10.6,+4.7,-0.481,+0.226,+0.847,29.0
2025-06-01T15:00:15.983,15.983,959,WF,L_Knee,0x21,2,959,2.193,-0.334,-1.017,-0.702,+191.6,-42.1,-8.8,-0.477,+0.269,+0.837,29.0
2025-06-01T15:00:16.000,16.000,960,WF,L_Knee,0x21,2,960,2.198,-0.377,-1.042,-0.595,+148.3,-56.6,-10.9,-0.462,+0.317,+0.828,29.0
2025-06-01T15:00:16.016,16.017,961,WF,L_Knee,0x21,2,961,2.198,-0.403,-1.052,-0.555,+110.9,-64.9,-27.9,-0.452,+0.337,+0.826,29.0
2025-06-01T15:00:16.033,16.033,962,WF,L_Knee,0x21,2,962,2.198,-0.415,-0.981,-0.501,+116.8,-58.0,-71.4,-0.437,+0.363,+0.823,29.0
2025-06-01T15:00:16.050,16.050,963,WF,L_Knee,0x21,2,963,2.203,-0.349,-0.722,-0.440,+118.4,-33.1,-57.2,-0.439,+0.375,+0.816,29.0
2025-06-01T15:00:16.066,16.067,964,WF,L_Knee,0x21,2,964,2.203,-0.283,-0.370,-0.371,+106.2,-35.4,+29.0,-0.433,+0.404,+0.805,29.0
2025-06-01T15:00:16.083,16.083,965,WF,L_Knee,0x21,2,965,2.203,-0.284,-0.219,-0.360,+102.9,-70.5,+162.3,-0.415,+0.432,+0.801,29.0
2025-06-01T15:00:16.100,16.100,966,WF,L_Knee,0x21,2,966,2.204,-0.327,-0.018,-0.436,+93.9,-86.4,+178.9,-0.357,+0.491,+0.795,29.0
2025-06-01T15:00:16.116,16.117,967,WF,L_Knee,0x21,2,967,2.204,-0.289,+0.090,-0.627,+27.1,-29.7,+24.0,-0.327,+0.514,+0.793,29.0
2025-06-01T15:00:16.133,16.133,968,WF,L_Knee,0x21,2,968,2.204,-0.215,+0.133,-0.744,-14.8,+26.1,-135.7,-0.336,+0.508,+0.793,29.0
2025-06-01T15:00:16.150,16.150,969,WF,L_Knee,0x21,2,969,2.216,-0.019,+0.220,-0.981,-32.5,+36.3,-154.2,-0.378,+0.479,+0.792,29.0
2025-06-01T15:00:16.166,16.167,970,WF,L_Knee,0x21,2,970,2.216,+0.108,+0.268,-1.218,-45.8,+6.2,-26.6,-0.397,+0.460,+0.795,29.0
2025-06-01T15:00:16.183,16.183,971,WF,L_Knee,0x21,2,971,2.216,+0.152,+0.227,-1.466,-43.7,-7.2,+29.0,-0.388,+0.452,+0.803,29.0
2025-06-01T15:00:16.200,16.200,972,WF,L_Knee,0x21,2,972,2.218,+0.169,+0.177,-1.588,-58.5,+10.6,-3.5,-0.386,+0.446,+0.808,29.0
2025-06-01T15:00:16.216,16.217,973,WF,L_Knee,0x21,2,973,2.218,+0.218,+0.058,-1.791,-89.5,+30.9,-26.4,-0.394,+0.424,+0.816,29.0
2025-06-01T15:00:16.233,16.233,974,WF,L_Knee,0x21,2,974,2.218,+0.246,-0.055,-1.891,-100.3,+30.1,-9.7,-0.407,+0.397,+0.823,29.0
2025-06-01T15:00:16.250,16.250,975,WF,L_Knee,0x21,2,975,2.225,+0.208,-0.185,-1.890,-79.6,+14.5,+9.2,-0.411,+0.373,+0.832,29.0
2025-06-01T15:00:16.266,16.267,976,WF,L_Knee,0x21,2,976,2.225,+0.171,-0.264,-1.869,-82.9,+12.2,+4.9,-0.412,+0.361,+0.837,29.0
2025-06-01T15:00:16.283,16.283,977,WF,L_Knee,0x21,2,977,2.225,+0.092,-0.401,-1.806,-110.2,+26.5,-4.2,-0.416,+0.334,+0.846,29.0
2025-06-01T15:00:16.300,16.300,978,WF,L_Knee,0x21,2,978,2.228,+0.048,-0.404,-1.690,-81.4,+29.3,-6.1,-0.425,+0.306,+0.852,29.0
2025-06-01T15:00:16.316,16.317,979,WF,L_Knee,0x21,2,979,2.228,+0.039,-0.347,-1.606,-79.4,+39.7,-0.1,-0.432,+0.292,+0.853,29.0
2025-06-01T15:00:16.333,16.333,980,WF,L_Knee,0x21,2,980,2.228,+0.024,-0.209,-1.424,-102.4,+57.9,+3.8,-0.445,+0.267,+0.855,29.0
2025-06-01T15:00:16.350,16.350,981,WF,L_Knee,0x21,2,981,2.232,-0.008,-0.183,-1.298,-96.8,+62.3,+0.2,-0.460,+0.242,+0.854,29.0
2025-06-01T15:00:16.366,16.367,982,WF,L_Knee,0x21,2,982,2.232,-0.034,-0.265,-1.245,-68.0,+48.6,-4.2,-0.476,+0.219,+0.852,29.0
2025-06-01T15:00:16.383,16.383,983,WF,L_Knee,0x21,2,983,2.232,-0.033,-0.299,-1.221,-58.1,+47.9,-8.5,-0.484,+0.207,+0.850,29.0
2025-06-01T15:00:16.400,16.400,984,WF,L_Knee,0x21,2,984,2.234,-0.004,-0.299,-1.135,-68.3,+54.6,-12.9,-0.501,+0.188,+0.845,29.0
2025-06-01T15:00:16.416,16.417,985,WF,L_Knee,0x21,2,985,2.234,+0.032,-0.252,-1.017,-46.1,+29.9,-12.1,-0.513,+0.170,+0.842,29.0
2025-06-01T15:00:16.433,16.433,986,WF,L_Knee,0x21,2,986,2.234,+0.045,-0.236,-0.963,-41.8,+10.3,-18.7,-0.516,+0.161,+0.841,29.0
2025-06-01T15:00:16.450,16.450,987,WF,L_Knee,0x21,2,987,2.238,+0.058,-0.226,-0.878,-49.1,-0.2,-27.3,-0.519,+0.144,+0.842,29.0
2025-06-01T15:00:16.466,16.467,988,WF,L_Knee,0x21,2,988,2.238,+0.058,-0.208,-0.803,-35.7,-8.5,-22.2,-0.519,+0.129,+0.845,29.0
2025-06-01T15:00:16.483,16.483,989,WF,L_Knee,0x21,2,989,2.238,+0.046,-0.167,-0.716,-18.0,-6.9,-10.7,-0.517,+0.120,+0.848,29.0
2025-06-01T15:00:16.500,16.500,990,WF,L_Knee,0x21,2,990,2.240,+0.035,-0.144,-0.672,-10.7,-6.9,-6.7,-0.516,+0.117,+0.849,29.0
2025-06-01T15:00:16.516,16.517,991,WF,L_Knee,0x21,2,991,2.240,+0.007,-0.105,-0.601,-13.2,-10.0,-11.7,-0.514,+0.112,+0.850,29.0
2025-06-01T15:00:16.533,16.533,992,WF,L_Knee,0x21,2,992,2.240,-0.022,-0.069,-0.570,-10.1,-7.3,-11.5,-0.512,+0.107,+0.852,29.0
2025-06-01T15:00:16.550,16.550,993,WF,L_Knee,0x21,2,993,2.240,-0.035,-0.051,-0.569,-8.7,-3.5,-11.4,-0.511,+0.104,+0.853,29.0
2025-06-01T15:00:16.566,16.567,994,WF,L_Knee,0x21,2,994,2.240,-0.057,-0.018,-0.595,-8.0,-0.1,-11.2,-0.511,+0.099,+0.854,29.0
2025-06-01T15:00:16.583,16.583,995,WF,L_Knee,0x21,2,995,2.240,-0.070,+0.004,-0.646,-5.0,+1.4,-6.5,-0.512,+0.097,+0.854,29.0
2025-06-01T15:00:16.600,16.600,996,WF,L_Knee,0x21,2,996,2.239,-0.074,+0.016,-0.712,-3.9,-1.6,-3.6,-0.512,+0.095,+0.854,29.0
2025-06-01T15:00:16.616,16.617,997,WF,L_Knee,0x21,2,997,2.239,-0.073,+0.020,-0.748,-5.1,-8.8,-3.1,-0.511,+0.094,+0.854,29.0
2025-06-01T15:00:16.633,16.633,998,WF,L_Knee,0x21,2,998,2.239,-0.065,+0.022,-0.824,-7.8,-15.5,-4.0,-0.508,+0.091,+0.857,29.0
2025-06-01T15:00:16.650,16.650,999,WF,L_Knee,0x21,2,999,2.238,-0.050,+0.021,-0.896,-11.3,-13.9,-6.8,-0.504,+0.089,+0.859,29.0
2025-06-01T15:00:16.666,16.667,1000,WF,L_Knee,0x21,2,1000,2.238,-0.024,+0.018,-0.957,-11.6,-6.3,-8.1,-0.501,+0.084,+0.861,29.0
2025-06-01T15:00:16.683,16.683,1001,WF,L_Knee,0x21,2,1001,2.238,-0.009,+0.017,-0.980,-13.5,-0.6,-10.2,-0.501,+0.080,+0.862,29.0
2025-06-01T15:00:16.700,16.700,1002,WF,L_Knee,0x21,2,1002,2.236,+0.017,+0.018,-1.010,-13.8,+1.8,-10.4,-0.501,+0.074,+0.862,29.0
2025-06-01T15:00:16.716,16.717,1003,WF,L_Knee,0x21,2,1003,2.236,+0.031,+0.019,-1.021,-5.6,+2.8,-3.2,-0.502,+0.071,+0.862,29.0
2025-06-01T15:00:16.733,16.733,1004,WF,L_Knee,0x21,2,1004,2.236,+0.030,+0.019,-1.017,-1.0,+2.5,+1.0,-0.503,+0.070,+0.861,29.0
2025-06-01T15:00:16.750,16.750,1005,WF,L_Knee,0x21,2,1005,2.234,+0.026,+0.019,-1.011,-2.9,+4.3,+0.6,-0.503,+0.070,+0.861,29.0
2025-06-01T15:00:16.766,16.767,1006,WF,L_Knee,0x21,2,1006,2.234,+0.017,+0.021,-0.995,-8.0,+7.1,-3.0,-0.505,+0.069,+0.860,29.0
2025-06-01T15:00:16.783,16.783,1007,WF,L_Knee,0x21,2,1007,2.234,+0.007,+0.024,-0.981,-8.3,+5.0,-5.1,-0.507,+0.065,+0.859,29.0
2025-06-01T15:00:16.800,16.800,1008,WF,L_Knee,0x21,2,1008,2.231,+0.001,+0.026,-0.975,-7.4,+0.9,-5.3,-0.508,+0.063,+0.859,29.0
2025-06-01T15:00:16.816,16.817,1009,WF,L_Knee,0x21,2,1009,2.231,-0.009,+0.029,-0.969,-8.3,-2.6,-3.1,-0.508,+0.060,+0.859,29.0
2025-06-01T15:00:16.833,16.833,1010,WF,L_Knee,0x21,2,1010,2.231,-0.016,+0.032,-0.964,-7.4,-4.4,+0.8,-0.507,+0.058,+0.860,29.0
2025-06-01T15:00:16.850,16.850,1011,WF,L_Knee,0x21,2,1011,2.228,-0.018,+0.034,-0.957,-5.2,-2.6,+0.7,-0.505,+0.057,+0.861,29.0
2025-06-01T15:00:16.866,16.867,1012,WF,L_Knee,0x21,2,1012,2.228,-0.017,+0.035,-0.953,-2.7,-1.3,-1.8,-0.505,+0.056,+0.861,29.0
2025-06-01T15:00:16.883,16.883,1013,WF,L_Knee,0x21,2,1013,2.228,-0.015,+0.033,-0.946,-0.1,-1.7,-3.9,-0.505,+0.055,+0.861,29.0
2025-06-01T15:00:16.900,16.900,1014,WF,L_Knee,0x21,2,1014,2.227,-0.015,+0.031,-0.943,+2.5,-1.6,-3.4,-0.504,+0.055,+0.862,29.0
2025-06-01T15:00:16.916,16.917,1015,WF,L_Knee,0x21,2,1015,2.227,-0.017,+0.030,-0.941,+1.9,-0.8,-1.6,-0.504,+0.055,+0.862,29.0
2025-06-01T15:00:16.933,16.933,1016,WF,L_Knee,0x21,2,1016,2.227,-0.017,+0.030,-0.939,+1.4,-0.5,-1.1,-0.504,+0.055,+0.862,29.0
2025-06-01T15:00:16.950,16.950,1017,WF,L_Knee,0x21,2,1017,2.224,-0.015,+0.030,-0.932,+1.8,-0.4,-1.1,-0.504,+0.055,+0.862,29.0
2025-06-01T15:00:16.966,16.967,1018,WF,L_Knee,0x21,2,1018,2.224,-0.016,+0.030,-0.920,+1.4,-0.2,-0.7,-0.504,+0.056,+0.862,29.0
2025-06-01T15:00:16.983,16.983,1019,WF,L_Knee,0x21,2,1019,2.224,-0.017,+0.029,-0.913,+1.6,-0.2,-0.7,-0.504,+0.056,+0.862,29.0
2025-06-01T15:00:17.000,17.000,1020,WF,L_Knee,0x21,2,1020,2.220,-0.022,+0.029,-0.899,+2.3,-0.3,-0.8,-0.504,+0.056,+0.862,29.0
2025-06-01T15:00:17.016,17.017,1021,WF,L_Knee,0x21,2,1021,2.220,-0.026,+0.028,-0.886,+1.6,-0.1,-0.5,-0.504,+0.057,+0.862,29.0
2025-06-01T15:00:17.033,17.033,1022,WF,L_Knee,0x21,2,1022,2.220,-0.027,+0.028,-0.879,+1.5,-0.3,-0.5,-0.504,+0.057,+0.862,29.0
2025-06-01T15:00:17.050,17.050,1023,WF,L_Knee,0x21,2,1023,2.216,-0.029,+0.028,-0.866,+5.5,-2.4,-0.8,-0.504,+0.057,+0.862,29.0
2025-06-01T15:00:17.066,17.067,1024,WF,L_Knee,0x21,2,1024,2.216,-0.034,+0.027,-0.855,+9.2,-4.3,-0.4,-0.503,+0.060,+0.862,29.0
2025-06-01T15:00:17.083,17.083,1025,WF,L_Knee,0x21,2,1025,2.216,-0.038,+0.025,-0.850,+18.5,-7.3,+1.1,-0.502,+0.062,+0.863,29.0
2025-06-01T15:00:17.100,17.100,1026,WF,L_Knee,0x21,2,1026,2.215,-0.047,+0.019,-0.842,+29.5,-8.9,+3.2,-0.499,+0.069,+0.864,29.0
2025-06-01T15:00:17.116,17.117,1027,WF,L_Knee,0x21,2,1027,2.215,-0.054,+0.012,-0.839,+29.8,-4.5,+4.1,-0.497,+0.078,+0.864,29.0
2025-06-01T15:00:17.133,17.133,1028,WF,L_Knee,0x21,2,1028,2.215,-0.055,+0.005,-0.842,+20.7,-0.5,+2.7,-0.496,+0.085,+0.864,29.0
2025-06-01T15:00:17.150,17.150,1029,WF,L_Knee,0x21,2,1029,2.211,-0.054,+0.001,-0.846,+20.2,+0.9,+1.5,-0.497,+0.089,+0.863,29.0
2025-06-01T15:00:17.166,17.167,1030,WF,L_Knee,0x21,2,1030,2.211,-0.047,-0.007,-0.856,+28.2,+0.2,+1.7,-0.497,+0.096,+0.863,29.0
2025-06-01T15:00:17.183,17.183,1031,WF,L_Knee,0x21,2,1031,2.211,-0.039,-0.016,-0.865,+32.6,-4.1,+2.6,-0.497,+0.104,+0.862,29.0
2025-06-01T15:00:17.200,17.200,1032,WF,L_Knee,0x21,2,1032,2.207,-0.034,-0.026,-0.867,+28.4,-7.2,+2.8,-0.495,+0.113,+0.862,29.0
2025-06-01T15:00:17.216,17.217,1033,WF,L_Knee,0x21,2,1033,2.207,-0.035,-0.033,-0.864,+33.6,-12.0,+3.5,-0.493,+0.119,+0.862,29.0
2025-06-01T15:00:17.233,17.233,1034,WF,L_Knee,0x21,2,1034,2.207,-0.040,-0.048,-0.847,+49.3,-15.7,+3.0,-0.488,+0.131,+0.863,29.0
2025-06-01T15:00:17.250,17.250,1035,WF,L_Knee,0x21,2,1035,2.202,-0.046,-0.065,-0.822,+40.4,-9.7,+0.0,-0.485,+0.144,+0.863,29.0
2025-06-01T15:00:17.266,17.267,1036,WF,L_Knee,0x21,2,1036,2.202,-0.047,-0.074,-0.807,+46.5,-7.1,-3.1,-0.483,+0.151,+0.862,29.0
2025-06-01T15:00:17.283,17.283,1037,WF,L_Knee,0x21,2,1037,2.202,-0.047,-0.092,-0.770,+68.8,-12.4,-4.7,-0.481,+0.167,+0.861,29.0
2025-06-01T15:00:17.300,17.300,1038,WF,L_Knee,0x21,2,1038,2.198,-0.045,-0.113,-0.724,+74.6,-19.8,-3.5,-0.478,+0.184,+0.859,29.0
2025-06-01T15:00:17.316,17.317,1039,WF,L_Knee,0x21,2,1039,2.198,-0.044,-0.134,-0.676,+57.8,-19.3,-1.8,-0.472,+0.203,+0.858,29.0
2025-06-01T15:00:17.333,17.333,1040,WF,L_Knee,0x21,2,1040,2.198,-0.045,-0.146,-0.655,+63.0,-23.4,-2.9,-0.468,+0.213,+0.858,29.0
2025-06-01T15:00:17.350,17.350,1041,WF,L_Knee,0x21,2,1041,2.194,-0.048,-0.171,-0.619,+90.5,-32.2,-5.7,-0.461,+0.234,+0.856,29.0
2025-06-01T15:00:17.366,17.367,1042,WF,L_Knee,0x21,2,1042,2.194,-0.051,-0.198,-0.592,+98.0,-31.6,-7.0,-0.453,+0.256,+0.854,29.0
2025-06-01T15:00:17.383,17.383,1043,WF,L_Knee,0x21,2,1043,2.194,-0.050,-0.231,-0.566,+76.6,-24.0,-3.9,-0.446,+0.280,+0.850,29.0
2025-06-01T15:00:17.400,17.400,1044,WF,L_Knee,0x21,2,1044,2.191,-0.048,-0.251,-0.551,+78.1,-30.5,+0.4,-0.442,+0.293,+0.848,29.0
2025-06-01T15:00:17.416,17.417,1045,WF,L_Knee,0x21,2,1045,2.191,-0.046,-0.294,-0.519,+107.1,-55.2,-0.9,-0.431,+0.319,+0.844,29.0
2025-06-01T15:00:17.433,17.433,1046,WF,L_Knee,0x21,2,1046,2.191,-0.050,-0.343,-0.494,+110.5,-72.8,-15.9,-0.415,+0.346,+0.842,29.0
2025-06-01T15:00:17.450,17.450,1047,WF,L_Knee,0x21,2,1047,2.188,-0.053,-0.393,-0.483,+83.2,-58.0,-22.4,-0.398,+0.369,+0.840,29.0
2025-06-01T15:00:17.466,17.467,1048,WF,L_Knee,0x21,2,1048,2.188,-0.054,-0.416,-0.483,+85.7,-48.8,-20.0,-0.391,+0.381,+0.838,29.0
2025-06-01T15:00:17.483,17.483,1049,WF,L_Knee,0x21,2,1049,2.188,-0.058,-0.458,-0.488,+113.7,-45.6,-13.0,-0.379,+0.407,+0.831,29.0
2025-06-01T15:00:17.500,17.500,1050,WF,L_Knee,0x21,2,1050,2.184,-0.062,-0.495,-0.508,+79.5,-17.6,-12.0,-0.372,+0.433,+0.821,29.0
2025-06-01T15:00:17.516,17.517,1051,WF,L_Knee,0x21,2,1051,2.184,-0.056,-0.512,-0.530,+56.7,+3.8,-60.5,-0.374,+0.442,+0.815,29.0
2025-06-01T15:00:17.533,17.533,1052,WF,L_Knee,0x21,2,1052,2.184,-0.015,-0.541,-0.601,+57.8,+13.2,-105.8,-0.390,+0.446,+0.805,29.0
2025-06-01T15:00:17.550,17.550,1053,WF,L_Knee,0x21,2,1053,2.183,+0.036,-0.560,-0.696,+40.0,+6.9,-61.8,-0.407,+0.445,+0.797,29.0
2025-06-01T15:00:17.566,17.567,1054,WF,L_Knee,0x21,2,1054,2.183,+0.048,-0.567,-0.745,+51.8,-6.8,+21.4,-0.409,+0.451,+0.794,29.0
2025-06-01T15:00:17.583,17.583,1055,WF,L_Knee,0x21,2,1055,2.183,+0.047,-0.576,-0.844,+62.6,-8.2,+60.4,-0.398,+0.474,+0.785,29.0
2025-06-01T15:00:17.600,17.600,1056,WF,L_Knee,0x21,2,1056,2.183,+0.056,-0.578,-0.962,+29.9,+7.9,+35.3,-0.389,+0.493,+0.778,29.0
2025-06-01T15:00:17.616,17.617,1057,WF,L_Knee,0x21,2,1057,2.183,+0.098,-0.573,-1.107,+0.1,+15.2,+8.9,-0.392,+0.496,+0.775,29.0
2025-06-01T15:00:17.633,17.633,1058,WF,L_Knee,0x21,2,1058,2.183,+0.121,-0.570,-1.186,-15.8,+12.3,+43.9,-0.393,+0.495,+0.775,29.0
2025-06-01T15:00:17.650,17.650,1059,WF,L_Knee,0x21,2,1059,2.184,+0.151,-0.574,-1.354,-37.2,+11.2,+84.8,-0.385,+0.498,+0.777,29.0
2025-06-01T15:00:17.666,17.667,1060,WF,L_Knee,0x21,2,1060,2.184,+0.185,-0.595,-1.547,-49.0,+11.0,+55.1,-0.374,+0.497,+0.783,29.0
2025-06-01T15:00:17.683,17.683,1061,WF,L_Knee,0x21,2,1061,2.184,+0.218,-0.604,-1.656,-96.6,+31.9,-9.4,-0.374,+0.488,+0.789,29.0
2025-06-01T15:00:17.700,17.700,1062,WF,L_Knee,0x21,2,1062,2.186,+0.324,-0.578,-1.878,-162.0,+67.1,-51.6,-0.390,+0.451,+0.803,29.0
2025-06-01T15:00:17.716,17.717,1063,WF,L_Knee,0x21,2,1063,2.186,+0.452,-0.455,-2.048,-177.0,+92.1,-52.8,-0.418,+0.401,+0.815,29.0
2025-06-01T15:00:17.733,17.733,1064,WF,L_Knee,0x21,2,1064,2.186,+0.562,-0.253,-2.115,-128.0,+77.6,-19.3,-0.447,+0.354,+0.822,29.0
2025-06-01T15:00:17.750,17.750,1065,WF,L_Knee,0x21,2,1065,2.188,+0.598,-0.146,-2.106,-124.9,+83.6,+7.5,-0.460,+0.335,+0.823,29.0
2025-06-01T15:00:17.766,17.767,1066,WF,L_Knee,0x21,2,1066,2.188,+0.627,+0.035,-2.024,-187.7,+123.7,+22.0,-0.485,+0.297,+0.822,29.0
2025-06-01T15:00:17.783,17.783,1067,WF,L_Knee,0x21,2,1067,2.188,+0.606,+0.164,-1.884,-217.2,+134.5,+13.2,-0.515,+0.251,+0.819,29.0
2025-06-01T15:00:17.800,17.800,1068,WF,L_Knee,0x21,2,1068,2.191,+0.552,+0.263,-1.707,-166.0,+94.3,-2.5,-0.547,+0.197,+0.813,29.0
2025-06-01T15:00:17.816,17.817,1069,WF,L_Knee,0x21,2,1069,2.191,+0.514,+0.302,-1.607,-129.5,+57.2,-13.3,-0.560,+0.171,+0.810,29.0
2025-06-01T15:00:17.833,17.833,1070,WF,L_Knee,0x21,2,1070,2.191,+0.408,+0.337,-1.392,-116.9,+44.0,+0.2,-0.575,+0.132,+0.807,29.0
2025-06-01T15:00:17.850,17.850,1071,WF,L_Knee,0x21,2,1071,2.198,+0.278,+0.290,-1.176,-69.1,+50.1,+29.5,-0.581,+0.116,+0.805,29.0
2025-06-01T15:00:17.866,17.867,1072,WF,L_Knee,0x21,2,1072,2.198,+0.162,+0.172,-0.985,-47.0,+67.6,+32.6,-0.597,+0.110,+0.795,29.0
2025-06-01T15:00:17.883,17.883,1073,WF,L_Knee,0x21,2,1073,2.198,+0.119,+0.096,-0.906,-55.4,+106.9,+25.0,-0.611,+0.105,+0.785,29.0
2025-06-01T15:00:17.900,17.900,1074,WF,L_Knee,0x21,2,1074,2.202,+0.062,-0.084,-0.796,-66.6,+142.1,+27.8,-0.644,+0.094,+0.760,29.0
2025-06-01T15:00:17.916,17.917,1075,WF,L_Knee,0x21,2,1075,2.202,+0.024,-0.303,-0.758,-36.8,+107.2,+28.2,-0.672,+0.086,+0.736,29.0
2025-06-01T15:00:17.933,17.933,1076,WF,L_Knee,0x21,2,1076,2.202,-0.007,-0.538,-0.787,-8.0,+52.3,+22.4,-0.688,+0.089,+0.720,29.0
2025-06-01T15:00:17.950,17.950,1077,WF,L_Knee,0x21,2,1077,2.207,-0.017,-0.640,-0.819,+6.9,+22.6,+17.7,-0.693,+0.092,+0.715,29.0
2025-06-01T15:00:17.966,17.967,1078,WF,L_Knee,0x21,2,1078,2.207,-0.019,-0.777,-0.884,+21.8,+13.0,+19.4,-0.697,+0.099,+0.710,29.0
2025-06-01T15:00:17.983,17.983,1079,WF,L_Knee,0x21,2,1079,2.207,-0.009,-0.824,-0.912,+29.0,+2.6,+14.2,-0.697,+0.109,+0.709,29.0
2025-06-01T15:00:18.000,18.000,1080,WF,L_Knee,0x21,2,1080,2.212,-0.006,-0.832,-0.909,+47.9,+4.2,+17.2,-0.697,+0.116,+0.708,29.0
2025-06-01T15:00:18.016,18.017,1081,WF,L_Knee,0x21,2,1081,2.212,-0.014,-0.865,-0.894,+77.4,+11.4,+20.2,-0.698,+0.135,+0.704,29.0
2025-06-01T15:00:18.033,18.033,1082,WF,L_Knee,0x21,2,1082,2.212,-0.031,-0.939,-0.897,+91.7,+24.5,+11.4,-0.700,+0.156,+0.697,29.0
2025-06-01T15:00:18.050,18.050,1083,WF,L_Knee,0x21,2,1083,2.216,-0.038,-1.008,-0.898,+81.1,+31.8,+2.3,-0.706,+0.177,+0.685,29.0
2025-06-01T15:00:18.066,18.067,1084,WF,L_Knee,0x21,2,1084,2.216,-0.036,-1.030,-0.876,+120.6,+59.0,-5.1,-0.713,+0.190,+0.676,29.0
2025-06-01T15:00:18.083,18.083,1085,WF,L_Knee,0x21,2,1085,2.216,-0.036,-1.060,-0.770,+197.8,+76.5,-20.9,-0.730,+0.221,+0.647,29.0
2025-06-01T15:00:18.100,18.100,1086,WF,L_Knee,0x21,2,1086,2.226,-0.054,-1.078,-0.613,+212.4,+17.4,-54.9,-0.744,+0.255,+0.617,29.0
2025-06-01T15:00:18.116,18.117,1087,WF,L_Knee,0x21,2,1087,2.226,-0.061,-1.002,-0.456,+143.6,-36.2,-66.1,-0.745,+0.275,+0.608,29.0
2025-06-01T15:00:18.133,18.133,1088,WF,L_Knee,0x21,2,1088,2.226,-0.044,-0.897,-0.387,+78.0,-46.7,-58.8,-0.742,+0.277,+0.611,29.0
2025-06-01T15:00:18.150,18.150,1089,WF,L_Knee,0x21,2,1089,2.230,-0.012,-0.749,-0.322,+111.8,-64.8,-67.0,-0.738,+0.277,+0.615,29.0
2025-06-01T15:00:18.166,18.167,1090,WF,L_Knee,0x21,2,1090,2.230,+0.062,-0.405,-0.227,+113.4,-49.6,-25.8,-0.729,+0.289,+0.620,29.0
2025-06-01T15:00:18.183,18.183,1091,WF,L_Knee,0x21,2,1091,2.230,+0.086,-0.257,-0.210,+114.1,-27.2,+71.3,-0.724,+0.307,+0.618,29.0
2025-06-01T15:00:18.200,18.200,1092,WF,L_Knee,0x21,2,1092,2.232,+0.104,-0.062,-0.262,+119.7,-34.1,+104.5,-0.706,+0.360,+0.611,29.0
2025-06-01T15:00:18.216,18.217,1093,WF,L_Knee,0x21,2,1093,2.232,+0.146,+0.052,-0.419,+55.8,-23.1,+5.9,-0.691,+0.393,+0.607,29.0
2025-06-01T15:00:18.233,18.233,1094,WF,L_Knee,0x21,2,1094,2.232,+0.266,+0.171,-0.633,+11.1,-9.2,-67.5,-0.697,+0.382,+0.607,29.0
2025-06-01T15:00:18.250,18.250,1095,WF,L_Knee,0x21,2,1095,2.240,+0.338,+0.229,-0.750,-3.4,-12.7,-62.3,-0.702,+0.369,+0.608,29.0
2025-06-01T15:00:18.266,18.267,1096,WF,L_Knee,0x21,2,1096,2.240,+0.450,+0.299,-1.007,-15.2,-23.8,-10.9,-0.705,+0.355,+0.613,29.0
2025-06-01T15:00:18.283,18.283,1097,WF,L_Knee,0x21,2,1097,2.240,+0.510,+0.269,-1.301,-39.9,-13.7,+37.3,-0.696,+0.359,+0.621,29.0
2025-06-01T15:00:18.300,18.300,1098,WF,L_Knee,0x21,2,1098,2.244,+0.565,+0.163,-1.616,-49.6,+6.2,+15.6,-0.693,+0.356,+0.627,29.0
2025-06-01T15:00:18.316,18.317,1099,WF,L_Knee,0x21,2,1099,2.244,+0.597,+0.097,-1.761,-70.8,+22.9,-11.4,-0.695,+0.348,+0.629,29.0
2025-06-01T15:00:18.333,18.333,1100,WF,L_Knee,0x21,2,1100,2.244,+0.650,-0.050,-1.970,-104.4,+28.6,-10.0,-0.703,+0.325,+0.632,29.0
2025-06-01T15:00:18.350,18.350,1101,WF,L_Knee,0x21,2,1101,2.248,+0.652,-0.211,-2.032,-113.8,+24.1,+2.4,-0.708,+0.305,+0.637,29.0
2025-06-01T15:00:18.366,18.367,1102,WF,L_Knee,0x21,2,1102,2.248,+0.606,-0.357,-1.974,-89.7,+20.1,+2.2,-0.712,+0.284,+0.642,29.0
2025-06-01T15:00:18.383,18.383,1103,WF,L_Knee,0x21,2,1103,2.248,+0.576,-0.399,-1.916,-92.9,+30.7,-4.9,-0.715,+0.272,+0.644,29.0
2025-06-01T15:00:18.400,18.400,1104,WF,L_Knee,0x21,2,1104,2.251,+0.524,-0.379,-1.765,-119.6,+49.8,-3.2,-0.724,+0.247,+0.644,29.0
2025-06-01T15:00:18.416,18.417,1105,WF,L_Knee,0x21,2,1105,2.251,+0.484,-0.258,-1.590,-83.4,+41.8,+3.4,-0.734,+0.226,+0.640,29.0
2025-06-01T15:00:18.433,18.433,1106,WF,L_Knee,0x21,2,1106,2.251,+0.464,-0.202,-1.509,-77.1,+45.8,+8.0,-0.739,+0.218,+0.637,29.0
2025-06-01T15:00:18.450,18.450,1107,WF,L_Knee,0x21,2,1107,2.254,+0.418,-0.174,-1.389,-101.8,+66.8,+6.2,-0.750,+0.201,+0.630,29.0
2025-06-01T15:00:18.466,18.467,1108,WF,L_Knee,0x21,2,1108,2.254,+0.376,-0.243,-1.314,-98.1,+73.6,-5.9,-0.763,+0.183,+0.620,29.0
2025-06-01T15:00:18.483,18.483,1109,WF,L_Knee,0x21,2,1109,2.254,+0.356,-0.309,-1.214,-68.6,+56.8,-10.1,-0.777,+0.163,+0.608,29.0
2025-06-01T15:00:18.500,18.500,1110,WF,L_Knee,0x21,2,1110,2.258,+0.352,-0.323,-1.143,-57.6,+44.9,-15.3,-0.784,+0.154,+0.601,29.0
2025-06-01T15:00:18.516,18.517,1111,WF,L_Knee,0x21,2,1111,2.258,+0.353,-0.331,-0.976,-65.7,+30.4,-29.4,-0.794,+0.136,+0.592,29.0
2025-06-01T15:00:18.533,18.533,1112,WF,L_Knee,0x21,2,1112,2.258,+0.365,-0.336,-0.827,-42.1,-2.2,-31.7,-0.797,+0.118,+0.593,29.0
2025-06-01T15:00:18.550,18.550,1113,WF,L_Knee,0x21,2,1113,2.260,+0.375,-0.335,-0.769,-31.6,-26.0,-38.5,-0.796,+0.107,+0.596,29.0
2025-06-01T15:00:18.566,18.567,1114,WF,L_Knee,0x21,2,1114,2.260,+0.392,-0.311,-0.674,-30.0,-36.2,-38.6,-0.790,+0.089,+0.606,29.0
2025-06-01T15:00:18.583,18.583,1115,WF,L_Knee,0x21,2,1115,2.260,+0.382,-0.262,-0.588,-14.4,-25.6,-10.1,-0.785,+0.079,+0.614,29.0
2025-06-01T15:00:18.600,18.600,1116,WF,L_Knee,0x21,2,1116,2.261,+0.337,-0.204,-0.511,-3.7,-11.8,+5.7,-0.782,+0.079,+0.619,29.0
2025-06-01T15:00:18.616,18.617,1117,WF,L_Knee,0x21,2,1117,2.261,+0.310,-0.174,-0.481,-0.3,-4.4,+2.3,-0.781,+0.080,+0.620,29.0
2025-06-01T15:00:18.633,18.633,1118,WF,L_Knee,0x21,2,1118,2.261,+0.263,-0.109,-0.443,-0.3,-0.4,-7.1,-0.780,+0.080,+0.621,29.0
2025-06-01T15:00:18.650,18.650,1119,WF,L_Knee,0x21,2,1119,2.261,+0.234,-0.041,-0.436,-0.2,+3.6,-12.3,-0.781,+0.077,+0.620,29.0
2025-06-01T15:00:18.666,18.667,1120,WF,L_Knee,0x21,2,1120,2.261,+0.219,+0.016,-0.470,-0.0,+1.6,-6.7,-0.782,+0.074,+0.619,29.0
2025-06-01T15:00:18.683,18.683,1121,WF,L_Knee,0x21,2,1121,2.261,+0.216,+0.038,-0.504,-1.3,-5.0,-2.6,-0.782,+0.074,+0.619,29.0
2025-06-01T15:00:18.700,18.700,1122,WF,L_Knee,0x21,2,1122,2.261,+0.218,+0.068,-0.607,-5.1,-11.8,-5.3,-0.780,+0.073,+0.622,29.0
2025-06-01T15:00:18.716,18.717,1123,WF,L_Knee,0x21,2,1123,2.261,+0.234,+0.081,-0.738,-6.5,-10.5,-5.5,-0.778,+0.070,+0.625,29.0
2025-06-01T15:00:18.733,18.733,1124,WF,L_Knee,0x21,2,1124,2.261,+0.245,+0.079,-0.805,-8.9,-6.9,-3.2,-0.776,+0.068,+0.627,29.0
2025-06-01T15:00:18.750,18.750,1125,WF,L_Knee,0x21,2,1125,2.260,+0.271,+0.053,-0.922,-14.8,-2.3,-0.8,-0.775,+0.065,+0.628,29.0
2025-06-01T15:00:18.766,18.767,1126,WF,L_Knee,0x21,2,1126,2.260,+0.303,+0.008,-1.002,-21.1,+5.6,-0.7,-0.776,+0.062,+0.628,29.0
2025-06-01T15:00:18.783,18.783,1127,WF,L_Knee,0x21,2,1127,2.260,+0.348,-0.027,-1.047,-19.9,+6.7,-3.1,-0.777,+0.057,+0.627,29.0
2025-06-01T15:00:18.800,18.800,1128,WF,L_Knee,0x21,2,1128,2.258,+0.375,-0.033,-1.058,-22.3,+7.7,-5.8,-0.778,+0.053,+0.626,29.0
2025-06-01T15:00:18.816,18.817,1129,WF,L_Knee,0x21,2,1129,2.258,+0.420,-0.020,-1.066,-28.1,+11.4,-5.8,-0.780,+0.046,+0.624,29.0
2025-06-01T15:00:18.833,18.833,1130,WF,L_Knee,0x21,2,1130,2.258,+0.435,+0.001,-1.053,-17.5,+8.7,-1.8,-0.782,+0.041,+0.621,29.0
2025-06-01T15:00:18.850,18.850,1131,WF,L_Knee,0x21,2,1131,2.255,+0.429,+0.008,-1.041,-5.8,+3.5,+0.0,-0.783,+0.039,+0.620,29.0
2025-06-01T15:00:18.866,18.867,1132,WF,L_Knee,0x21,2,1132,2.255,+0.425,+0.010,-1.035,-7.9,+6.0,+0.7,-0.784,+0.038,+0.620,29.0
2025-06-01T15:00:18.883,18.883,1133,WF,L_Knee,0x21,2,1133,2.255,+0.390,+0.018,-0.997,-9.7,+9.0,+0.4,-0.785,+0.036,+0.618,29.0
2025-06-01T15:00:18.900,18.900,1134,WF,L_Knee,0x21,2,1134,2.253,+0.346,+0.029,-0.950,-4.3,+5.5,-1.0,-0.787,+0.035,+0.616,29.0
2025-06-01T15:00:18.916,18.917,1135,WF,L_Knee,0x21,2,1135,2.253,+0.329,+0.035,-0.927,-4.1,+5.0,-3.3,-0.787,+0.034,+0.615,29.0
2025-06-01T15:00:18.933,18.933,1136,WF,L_Knee,0x21,2,1136,2.253,+0.310,+0.047,-0.886,-8.2,+7.0,-5.5,-0.789,+0.032,+0.614,29.0
2025-06-01T15:00:18.950,18.950,1137,WF,L_Knee,0x21,2,1137,2.252,+0.306,+0.054,-0.853,-10.4,+6.7,-3.3,-0.790,+0.029,+0.612,29.0
2025-06-01T15:00:18.966,18.967,1138,WF,L_Knee,0x21,2,1138,2.252,+0.311,+0.055,-0.832,-7.5,+4.3,+0.6,-0.791,+0.027,+0.611,29.0
2025-06-01T15:00:18.983,18.983,1139,WF,L_Knee,0x21,2,1139,2.252,+0.315,+0.054,-0.828,-5.4,+1.3,+3.5,-0.792,+0.027,+0.610,29.0
2025-06-01T15:00:19.000,19.000,1140,WF,L_Knee,0x21,2,1140,2.250,+0.326,+0.050,-0.832,-6.6,-2.7,+3.3,-0.792,+0.027,+0.610,29.0
2025-06-01T15:00:19.016,19.017,1141,WF,L_Knee,0x21,2,1141,2.250,+0.340,+0.048,-0.854,-5.6,-5.3,+0.2,-0.791,+0.026,+0.612,29.0
2025-06-01T15:00:19.033,19.033,1142,WF,L_Knee,0x21,2,1142,2.250,+0.347,+0.049,-0.869,-7.6,-8.1,-3.1,-0.790,+0.025,+0.613,29.0
2025-06-01T15:00:19.050,19.050,1143,WF,L_Knee,0x21,2,1143,2.247,+0.359,+0.051,-0.902,-10.3,-9.8,-4.7,-0.788,+0.022,+0.616,29.0
2025-06-01T15:00:19.066,19.067,1144,WF,L_Knee,0x21,2,1144,2.247,+0.364,+0.053,-0.927,-7.6,-2.7,-2.4,-0.786,+0.019,+0.618,29.0
2025-06-01T15:00:19.083,19.083,1145,WF,L_Knee,0x21,2,1145,2.247,+0.364,+0.054,-0.937,-3.1,+4.3,+0.7,-0.787,+0.018,+0.617,29.0
2025-06-01T15:00:19.100,19.100,1146,WF,L_Knee,0x21,2,1146,2.242,+0.363,+0.054,-0.936,-0.4,+10.2,+2.8,-0.788,+0.018,+0.616,29.0
2025-06-01T15:00:19.116,19.117,1147,WF,L_Knee,0x21,2,1147,2.242,+0.358,+0.053,-0.925,+0.2,+12.4,+3.3,-0.790,+0.019,+0.612,29.0
2025-06-01T15:00:19.133,19.133,1148,WF,L_Knee,0x21,2,1148,2.242,+0.351,+0.054,-0.909,+0.9,+7.2,+2.7,-0.792,+0.020,+0.610,29.0
2025-06-01T15:00:19.150,19.150,1149,WF,L_Knee,0x21,2,1149,2.241,+0.342,+0.054,-0.896,+1.4,+2.8,+2.5,-0.793,+0.020,+0.609,29.0
2025-06-01T15:00:19.166,19.167,1150,WF,L_Knee,0x21,2,1150,2.241,+0.338,+0.054,-0.890,+2.5,+2.6,+4.1,-0.793,+0.021,+0.609,29.0
2025-06-01T15:00:19.183,19.183,1151,WF,L_Knee,0x21,2,1151,2.241,+0.334,+0.054,-0.881,+3.2,+2.7,+5.3,-0.794,+0.023,+0.608,29.0
2025-06-01T15:00:19.200,19.200,1152,WF,L_Knee,0x21,2,1152,2.236,+0.335,+0.053,-0.872,+2.4,-1.5,+3.0,-0.794,+0.025,+0.607,29.0
2025-06-01T15:00:19.216,19.217,1153,WF,L_Knee,0x21,2,1153,2.236,+0.338,+0.051,-0.865,+1.6,-4.6,+0.6,-0.793,+0.026,+0.608,29.0
2025-06-01T15:00:19.233,19.233,1154,WF,L_Knee,0x21,2,1154,2.236,+0.340,+0.050,-0.864,+2.1,-7.5,-0.7,-0.792,+0.026,+0.609,29.0
2025-06-01T15:00:19.250,19.250,1155,WF,L_Knee,0x21,2,1155,2.233,+0.344,+0.048,-0.866,+3.1,-9.2,-0.7,-0.791,+0.026,+0.612,29.0
2025-06-01T15:00:19.266,19.267,1156,WF,L_Knee,0x21,2,1156,2.233,+0.347,+0.046,-0.873,+2.2,-5.2,-0.0,-0.789,+0.026,+0.614,29.0
2025-06-01T15:00:19.283,19.283,1157,WF,L_Knee,0x21,2,1157,2.233,+0.348,+0.045,-0.877,+1.2,-2.3,-0.0,-0.789,+0.027,+0.614,29.0
2025-06-01T15:00:19.300,19.300,1158,WF,L_Knee,0x21,2,1158,2.231,+0.353,+0.043,-0.885,+0.6,-1.8,-1.3,-0.788,+0.027,+0.615,29.0
2025-06-01T15:00:19.316,19.317,1159,WF,L_Knee,0x21,2,1159,2.231,+0.358,+0.043,-0.893,+0.1,-1.2,-2.0,-0.788,+0.026,+0.615,29.0
2025-06-01T15:00:19.333,19.333,1160,WF,L_Knee,0x21,2,1160,2.231,+0.359,+0.042,-0.896,+1.0,-2.4,-1.6,-0.788,+0.026,+0.615,29.0
2025-06-01T15:00:19.350,19.350,1161,WF,L_Knee,0x21,2,1161,2.228,+0.359,+0.042,-0.905,+2.8,-4.0,+0.1,-0.787,+0.026,+0.616,29.0
2025-06-01T15:00:19.366,19.367,1162,WF,L_Knee,0x21,2,1162,2.228,+0.355,+0.041,-0.912,+3.8,-3.4,+2.4,-0.786,+0.027,+0.617,29.0
2025-06-01T15:00:19.383,19.383,1163,WF,L_Knee,0x21,2,1163,2.228,+0.351,+0.040,-0.916,+2.7,-1.5,+2.1,-0.786,+0.028,+0.618,29.0
2025-06-01T15:00:19.400,19.400,1164,WF,L_Knee,0x21,2,1164,2.224,+0.350,+0.040,-0.917,+2.5,-0.5,+1.8,-0.786,+0.029,+0.618,29.0
2025-06-01T15:00:19.416,19.417,1165,WF,L_Knee,0x21,2,1165,2.224,+0.347,+0.039,-0.915,+4.5,-0.1,+2.8,-0.786,+0.030,+0.618,29.0
2025-06-01T15:00:19.433,19.433,1166,WF,L_Knee,0x21,2,1166,2.224,+0.345,+0.038,-0.909,+4.4,+0.6,+2.2,-0.786,+0.032,+0.618,29.0
2025-06-01T15:00:19.450,19.450,1167,WF,L_Knee,0x21,2,1167,2.224,+0.345,+0.037,-0.905,+4.7,+1.3,-0.0,-0.786,+0.033,+0.617,29.0
2025-06-01T15:00:19.466,19.467,1168,WF,L_Knee,0x21,2,1168,2.224,+0.348,+0.035,-0.897,+4.6,-0.1,-4.1,-0.786,+0.034,+0.617,29.0
2025-06-01T15:00:19.483,19.483,1169,WF,L_Knee,0x21,2,1169,2.224,+0.352,+0.034,-0.893,+2.1,-2.4,-5.3,-0.786,+0.033,+0.617,29.0
2025-06-01T15:00:19.500,19.500,1170,WF,L_Knee,0x21,2,1170,2.221,+0.353,+0.034,-0.893,+2.2,-4.0,-3.2,-0.786,+0.032,+0.618,29.0
2025-06-01T15:00:19.516,19.517,1171,WF,L_Knee,0x21,2,1171,2.221,+0.354,+0.033,-0.896,+5.3,-2.4,+1.2,-0.785,+0.032,+0.619,29.0
2025-06-01T15:00:19.533,19.533,1172,WF,L_Knee,0x21,2,1172,2.221,+0.352,+0.032,-0.897,+8.2,+2.9,+5.5,-0.785,+0.034,+0.619,29.0
2025-06-01T15:00:19.550,19.550,1173,WF,L_Knee,0x21,2,1173,2.219,+0.350,+0.029,-0.896,+7.0,+3.6,+3.5,-0.786,+0.037,+0.618,29.0
2025-06-01T15:00:19.566,19.567,1174,WF,L_Knee,0x21,2,1174,2.219,+0.350,+0.028,-0.894,+6.0,+2.1,-0.7,-0.786,+0.038,+0.617,29.0
2025-06-01T15:00:19.583,19.583,1175,WF,L_Knee,0x21,2,1175,2.219,+0.350,+0.026,-0.891,+6.1,+2.0,-3.5,-0.786,+0.039,+0.617,29.0
2025-06-01T15:00:19.600,19.600,1176,WF,L_Knee,0x21,2,1176,2.219,+0.352,+0.025,-0.891,+4.7,+3.6,-3.9,-0.787,+0.039,+0.616,29.0
2025-06-01T15:00:19.616,19.617,1177,WF,L_Knee,0x21,2,1177,2.219,+0.356,+0.024,-0.894,+3.6,+4.1,-2.1,-0.788,+0.039,+0.615,29.0
2025-06-01T15:00:19.633,19.633,1178,WF,L_Knee,0x21,2,1178,2.219,+0.359,+0.023,-0.897,+4.5,+4.2,-1.5,-0.788,+0.039,+0.614,29.0
2025-06-01T15:00:19.650,19.650,1179,WF,L_Knee,0x21,2,1179,2.218,+0.366,+0.021,-0.905,+5.4,+5.1,-2.2,-0.789,+0.040,+0.613,29.0
2025-06-01T15:00:19.666,19.667,1180,WF,L_Knee,0x21,2,1180,2.218,+0.373,+0.019,-0.914,+2.7,+4.2,-1.9,-0.790,+0.040,+0.612,29.0
2025-06-01T15:00:19.683,19.683,1181,WF,L_Knee,0x21,2,1181,2.218,+0.377,+0.018,-0.918,+0.4,+6.5,-2.1,-0.791,+0.040,+0.611,29.0
2025-06-01T15:00:19.700,19.700,1182,WF,L_Knee,0x21,2,1182,2.218,+0.385,+0.017,-0.926,+0.1,+11.2,-2.2,-0.792,+0.039,+0.609,29.0
2025-06-01T15:00:19.716,19.717,1183,WF,L_Knee,0x21,2,1183,2.218,+0.392,+0.016,-0.931,+1.3,+13.0,-1.3,-0.795,+0.039,+0.606,29.0
2025-06-01T15:00:19.733,19.733,1184,WF,L_Knee,0x21,2,1184,2.218,+0.399,+0.015,-0.933,+2.0,+9.6,-1.1,-0.797,+0.039,+0.603,29.0
2025-06-01T15:00:19.750,19.750,1185,WF,L_Knee,0x21,2,1185,2.218,+0.403,+0.014,-0.933,+2.2,+8.5,-2.9,-0.798,+0.039,+0.601,29.0
2025-06-01T15:00:19.766,19.767,1186,WF,L_Knee,0x21,2,1186,2.218,+0.409,+0.014,-0.932,+2.7,+11.2,-4.8,-0.800,+0.039,+0.599,29.0
2025-06-01T15:00:19.783,19.783,1187,WF,L_Knee,0x21,2,1187,2.218,+0.413,+0.015,-0.928,+2.8,+13.2,-3.3,-0.802,+0.038,+0.596,29.0
2025-06-01T15:00:19.800,19.800,1188,WF,L_Knee,0x21,2,1188,2.218,+0.417,+0.015,-0.923,+2.4,+11.9,-1.1,-0.805,+0.038,+0.592,29.0
2025-06-01T15:00:19.816,19.817,1189,WF,L_Knee,0x21,2,1189,2.218,+0.418,+0.014,-0.919,+2.0,+12.7,-2.6,-0.806,+0.038,+0.590,29.0
2025-06-01T15:00:19.833,19.833,1190,WF,L_Knee,0x21,2,1190,2.218,+0.421,+0.014,-0.911,+1.7,+14.6,-7.8,-0.809,+0.038,+0.586,29.0
2025-06-01T15:00:19.850,19.850,1191,WF,L_Knee,0x21,2,1191,2.219,+0.425,+0.015,-0.900,+2.2,+10.9,-11.5,-0.811,+0.035,+0.583,29.0
2025-06-01T15:00:19.866,19.867,1192,WF,L_Knee,0x21,2,1192,2.219,+0.428,+0.016,-0.886,+3.6,+6.9,-8.4,-0.813,+0.033,+0.581,29.0
2025-06-01T15:00:19.883,19.883,1193,WF,L_Knee,0x21,2,1193,2.219,+0.429,+0.016,-0.878,+8.0,+7.3,-6.6,-0.814,+0.032,+0.580,29.0
2025-06-01T15:00:19.900,19.900,1194,WF,L_Knee,0x21,2,1194,2.220,+0.432,+0.018,-0.855,+14.8,+9.8,-8.4,-0.816,+0.032,+0.578,29.0
2025-06-01T15:00:19.916,19.917,1195,WF,L_Knee,0x21,2,1195,2.220,+0.433,+0.019,-0.823,+13.7,+6.6,-6.2,-0.817,+0.033,+0.575,29.0
2025-06-01T15:00:19.933,19.933,1196,WF,L_Knee,0x21,2,1196,2.220,+0.432,+0.018,-0.805,+16.8,+2.6,-5.1,-0.818,+0.034,+0.574,29.0
2025-06-01T15:00:19.950,19.950,1197,WF,L_Knee,0x21,2,1197,2.223,+0.429,+0.012,-0.765,+25.5,-4.6,-7.2,-0.818,+0.037,+0.574,29.0
2025-06-01T15:00:19.966,19.967,1198,WF,L_Knee,0x21,2,1198,2.223,+0.422,+0.001,-0.732,+27.5,-17.5,-11.6,-0.817,+0.039,+0.576,29.0
2025-06-01T15:00:19.983,19.983,1199,WF,L_Knee,0x21,2,1199,2.223,+0.415,-0.010,-0.716,+27.4,-24.0,-15.0,-0.813,+0.040,+0.581,29.0
