timestamp_iso,t_s,round,node,label,present_mask_hex,version,node_seq,distance_m,ax_g,ay_g,az_g,gx_dps,gy_dps,gz_dps,hx_g,hy_g,hz_g,imu_temp_c
2025-06-01T15:00:00.000,0.000,0,WG,R_Knee,0x21,2,0,2.213,-0.872,-0.031,+0.270,-179.5,+97.2,+56.3,+0.995,+0.097,-0.026,29.0
2025-06-01T15:00:00.016,0.017,1,WG,R_Knee,0x21,2,1,2.213,-0.888,-0.027,+0.221,-177.9,+93.3,+61.8,+0.997,+0.081,+0.007,29.0
2025-06-01T15:00:00.033,0.033,2,WG,R_Knee,0x21,2,2,2.213,-0.905,-0.024,+0.184,-172.5,+84.3,+66.7,+0.997,+0.061,+0.036,29.0
2025-06-01T15:00:00.050,0.050,3,WG,R_Knee,0x21,2,3,2.212,-0.923,-0.021,+0.155,-126.1,+60.0,+53.2,+0.997,+0.039,+0.062,29.0
2025-06-01T15:00:00.066,0.067,4,WG,R_Knee,0x21,2,4,2.212,-0.932,-0.020,+0.141,-120.2,+53.9,+54.6,+0.997,+0.027,+0.074,29.0
2025-06-01T15:00:00.083,0.083,5,WG,R_Knee,0x21,2,5,2.212,-0.949,-0.017,+0.114,-154.7,+67.8,+75.9,+0.995,+0.001,+0.095,29.0
2025-06-01T15:00:00.100,0.100,6,WG,R_Knee,0x21,2,6,2.212,-0.965,-0.014,+0.087,-145.7,+60.9,+78.0,+0.993,-0.026,+0.113,29.0
2025-06-01T15:00:00.116,0.117,7,WG,R_Knee,0x21,2,7,2.212,-0.979,-0.009,+0.064,-103.6,+42.0,+59.2,+0.990,-0.053,+0.128,29.0
2025-06-01T15:00:00.133,0.133,8,WG,R_Knee,0x21,2,8,2.212,-0.985,-0.006,+0.056,-93.4,+34.4,+57.1,+0.989,-0.067,+0.134,29.0
2025-06-01T15:00:00.150,0.150,9,WG,R_Knee,0x21,2,9,2.212,-0.996,+0.001,+0.049,-112.8,+39.8,+73.1,+0.985,-0.094,+0.144,29.0
2025-06-01T15:00:00.166,0.167,10,WG,R_Knee,0x21,2,10,2.212,-1.005,+0.010,+0.052,-74.7,+25.4,+51.5,+0.981,-0.118,+0.151,29.0
2025-06-01T15:00:00.183,0.183,11,WG,R_Knee,0x21,2,11,2.212,-1.009,+0.014,+0.057,-59.1,+20.0,+44.8,+0.980,-0.130,+0.154,29.0
2025-06-01T15:00:00.200,0.200,12,WG,R_Knee,0x21,2,12,2.213,-1.018,+0.020,+0.073,-62.4,+24.4,+52.9,+0.976,-0.149,+0.158,29.0
2025-06-01T15:00:00.216,0.217,13,WG,R_Knee,0x21,2,13,2.213,-1.032,+0.023,+0.095,-39.6,+23.2,+43.8,+0.973,-0.165,+0.162,29.0
2025-06-01T15:00:00.233,0.233,14,WG,R_Knee,0x21,2,14,2.213,-1.047,+0.025,+0.117,-16.2,+18.3,+27.9,+0.970,-0.178,+0.167,29.0
2025-06-01T15:00:00.250,0.250,15,WG,R_Knee,0x21,2,15,2.214,-1.052,+0.028,+0.126,+3.6,+21.7,+20.2,+0.968,-0.183,+0.171,29.0
2025-06-01T15:00:00.266,0.267,16,WG,R_Knee,0x21,2,16,2.214,-1.055,+0.034,+0.129,+24.5,+32.8,+17.5,+0.965,-0.189,+0.180,29.0
2025-06-01T15:00:00.283,0.283,17,WG,R_Knee,0x21,2,17,2.214,-1.052,+0.031,+0.116,+32.0,+26.8,+6.1,+0.963,-0.190,+0.192,29.0
2025-06-01T15:00:00.300,0.300,18,WG,R_Knee,0x21,2,18,2.215,-1.053,+0.025,+0.109,+44.6,+28.5,+0.8,+0.962,-0.189,+0.198,29.0
2025-06-01T15:00:00.316,0.317,19,WG,R_Knee,0x21,2,19,2.215,-1.059,+0.012,+0.110,+65.8,+41.4,+0.4,+0.960,-0.185,+0.213,29.0
2025-06-01T15:00:00.333,0.333,20,WG,R_Knee,0x21,2,20,2.215,-1.061,+0.019,+0.137,+70.1,+49.3,+1.9,+0.957,-0.181,+0.229,29.0
2025-06-01T15:00:00.350,0.350,21,WG,R_Knee,0x21,2,21,2.217,-1.056,+0.056,+0.173,+53.5,+42.3,+1.9,+0.953,-0.177,+0.247,29.0
2025-06-01T15:00:00.366,0.367,22,WG,R_Knee,0x21,2,22,2.217,-1.054,+0.082,+0.187,+53.3,+46.8,+2.3,+0.950,-0.174,+0.258,29.0
2025-06-01T15:00:00.383,0.383,23,WG,R_Knee,0x21,2,23,2.217,-1.062,+0.133,+0.205,+69.5,+61.8,+2.8,+0.945,-0.170,+0.278,29.0
2025-06-01T15:00:00.400,0.400,24,WG,R_Knee,0x21,2,24,2.219,-1.085,+0.176,+0.220,+50.5,+44.6,+2.0,+0.940,-0.165,+0.298,29.0
2025-06-01T15:00:00.416,0.417,25,WG,R_Knee,0x21,2,25,2.219,-1.096,+0.193,+0.231,+48.1,+42.0,+2.1,+0.938,-0.162,+0.308,29.0
2025-06-01T15:00:00.433,0.433,26,WG,R_Knee,0x21,2,26,2.219,-1.109,+0.217,+0.260,+62.1,+55.0,+1.4,+0.932,-0.157,+0.326,29.0
2025-06-01T15:00:00.450,0.450,27,WG,R_Knee,0x21,2,27,2.223,-1.103,+0.222,+0.279,+45.1,+40.6,+0.1,+0.927,-0.151,+0.343,29.0
2025-06-01T15:00:00.466,0.467,28,WG,R_Knee,0x21,2,28,2.223,-1.094,+0.218,+0.279,+43.1,+37.4,-0.1,+0.924,-0.148,+0.352,29.0
2025-06-01T15:00:00.483,0.483,29,WG,R_Knee,0x21,2,29,2.223,-1.070,+0.197,+0.257,+55.9,+42.9,-0.3,+0.919,-0.142,+0.367,29.0
2025-06-01T15:00:00.500,0.500,30,WG,R_Knee,0x21,2,30,2.225,-1.044,+0.168,+0.214,+55.4,+31.9,-0.8,+0.915,-0.136,+0.379,29.0
2025-06-01T15:00:00.516,0.517,31,WG,R_Knee,0x21,2,31,2.225,-1.024,+0.136,+0.161,+42.5,+18.3,-1.7,+0.912,-0.130,+0.388,29.0
2025-06-01T15:00:00.533,0.533,32,WG,R_Knee,0x21,2,32,2.225,-1.020,+0.118,+0.133,+44.6,+13.1,-4.0,+0.911,-0.126,+0.392,29.0
2025-06-01T15:00:00.550,0.550,33,WG,R_Knee,0x21,2,33,2.226,-1.025,+0.075,+0.076,+59.6,+13.3,-5.8,+0.910,-0.117,+0.399,29.0
2025-06-01T15:00:00.566,0.567,34,WG,R_Knee,0x21,2,34,2.226,-1.043,+0.027,+0.029,+55.9,+8.6,-2.1,+0.909,-0.109,+0.403,29.0
2025-06-01T15:00:00.583,0.583,35,WG,R_Knee,0x21,2,35,2.226,-1.055,-0.005,+0.000,+38.3,+4.6,+2.5,+0.908,-0.103,+0.407,29.0
2025-06-01T15:00:00.600,0.600,36,WG,R_Knee,0x21,2,36,2.228,-1.055,-0.007,-0.009,+33.2,+4.3,+7.1,+0.907,-0.101,+0.408,29.0
2025-06-01T15:00:00.616,0.617,37,WG,R_Knee,0x21,2,37,2.228,-1.049,+0.013,-0.024,+40.5,+5.0,+10.5,+0.906,-0.099,+0.411,29.0
2025-06-01T15:00:00.633,0.633,38,WG,R_Knee,0x21,2,38,2.228,-1.052,+0.047,-0.044,+36.1,+1.8,+10.2,+0.906,-0.097,+0.413,29.0
2025-06-01T15:00:00.650,0.650,39,WG,R_Knee,0x21,2,39,2.230,-1.072,+0.074,-0.057,+24.7,-1.4,+7.5,+0.905,-0.096,+0.414,29.0
2025-06-01T15:00:00.666,0.667,40,WG,R_Knee,0x21,2,40,2.230,-1.083,+0.084,-0.058,+21.5,-3.8,+8.0,+0.905,-0.095,+0.414,29.0
2025-06-01T15:00:00.683,0.683,41,WG,R_Knee,0x21,2,41,2.230,-1.095,+0.099,-0.043,+25.9,-4.5,+10.5,+0.906,-0.095,+0.413,29.0
2025-06-01T15:00:00.700,0.700,42,WG,R_Knee,0x21,2,42,2.233,-1.081,+0.107,-0.017,+22.7,-1.5,+10.0,+0.906,-0.094,+0.413,29.0
2025-06-01T15:00:00.716,0.717,43,WG,R_Knee,0x21,2,43,2.233,-1.047,+0.104,+0.006,+15.3,+0.9,+7.3,+0.906,-0.094,+0.413,29.0
2025-06-01T15:00:00.733,0.733,44,WG,R_Knee,0x21,2,44,2.233,-1.025,+0.100,+0.015,+13.1,+2.6,+7.5,+0.905,-0.094,+0.414,29.0
2025-06-01T15:00:00.750,0.750,45,WG,R_Knee,0x21,2,45,2.234,-0.981,+0.091,+0.030,+15.7,+4.9,+9.9,+0.905,-0.095,+0.416,29.0
2025-06-01T15:00:00.766,0.767,46,WG,R_Knee,0x21,2,46,2.234,-0.948,+0.089,+0.051,+10.6,+5.2,+7.0,+0.904,-0.096,+0.418,29.0
2025-06-01T15:00:00.783,0.783,47,WG,R_Knee,0x21,2,47,2.234,-0.941,+0.090,+0.065,+9.9,+9.4,+6.2,+0.903,-0.096,+0.419,29.0
2025-06-01T15:00:00.800,0.800,48,WG,R_Knee,0x21,2,48,2.235,-0.944,+0.094,+0.095,+13.3,+18.0,+7.7,+0.901,-0.097,+0.423,29.0
2025-06-01T15:00:00.816,0.817,49,WG,R_Knee,0x21,2,49,2.235,-0.958,+0.098,+0.117,+14.1,+23.4,+6.9,+0.898,-0.097,+0.429,29.0
2025-06-01T15:00:00.833,0.833,50,WG,R_Knee,0x21,2,50,2.235,-0.968,+0.102,+0.123,+11.3,+18.7,+4.6,+0.895,-0.097,+0.436,29.0
2025-06-01T15:00:00.850,0.850,51,WG,R_Knee,0x21,2,51,2.236,-0.969,+0.104,+0.120,+12.3,+16.5,+3.7,+0.893,-0.097,+0.439,29.0
2025-06-01T15:00:00.866,0.867,52,WG,R_Knee,0x21,2,52,2.236,-0.969,+0.108,+0.108,+17.4,+17.8,+3.9,+0.890,-0.096,+0.445,29.0
2025-06-01T15:00:00.883,0.883,53,WG,R_Knee,0x21,2,53,2.236,-0.972,+0.111,+0.098,+13.7,+10.0,+2.1,+0.888,-0.094,+0.450,29.0
2025-06-01T15:00:00.900,0.900,54,WG,R_Knee,0x21,2,54,2.238,-0.975,+0.113,+0.095,+14.7,+6.0,+1.0,+0.888,-0.093,+0.451,29.0
2025-06-01T15:00:00.916,0.917,55,WG,R_Knee,0x21,2,55,2.238,-0.983,+0.117,+0.090,+20.3,+4.4,+0.4,+0.887,-0.091,+0.454,29.0
2025-06-01T15:00:00.933,0.933,56,WG,R_Knee,0x21,2,56,2.238,-0.988,+0.120,+0.083,+21.1,-0.5,-0.5,+0.886,-0.088,+0.455,29.0
2025-06-01T15:00:00.950,0.950,57,WG,R_Knee,0x21,2,57,2.239,-0.992,+0.122,+0.072,+16.0,-3.0,-0.8,+0.887,-0.085,+0.454,29.0
2025-06-01T15:00:00.966,0.967,58,WG,R_Knee,0x21,2,58,2.239,-0.994,+0.122,+0.066,+15.8,-5.9,-1.2,+0.887,-0.083,+0.454,29.0
2025-06-01T15:00:00.983,0.983,59,WG,R_Knee,0x21,2,59,2.239,-0.997,+0.119,+0.057,+20.6,-9.5,-1.9,+0.888,-0.080,+0.452,29.0
2025-06-01T15:00:01.000,1.000,60,WG,R_Knee,0x21,2,60,2.240,-0.998,+0.115,+0.054,+15.1,-7.9,-1.5,+0.890,-0.077,+0.450,29.0
2025-06-01T15:00:01.016,1.017,61,WG,R_Knee,0x21,2,61,2.240,-0.998,+0.114,+0.053,+14.4,-8.4,-1.5,+0.891,-0.075,+0.449,29.0
2025-06-01T15:00:01.033,1.033,62,WG,R_Knee,0x21,2,62,2.240,-1.000,+0.113,+0.054,+18.7,-11.8,-2.1,+0.892,-0.072,+0.446,29.0
2025-06-01T15:00:01.050,1.050,63,WG,R_Knee,0x21,2,63,2.240,-1.004,+0.114,+0.057,+18.3,-13.0,-2.4,+0.894,-0.069,+0.443,29.0
2025-06-01T15:00:01.066,1.067,64,WG,R_Knee,0x21,2,64,2.240,-1.008,+0.117,+0.064,+13.6,-10.6,-2.1,+0.896,-0.066,+0.440,29.0
2025-06-01T15:00:01.083,1.083,65,WG,R_Knee,0x21,2,65,2.240,-1.008,+0.118,+0.068,+13.6,-12.3,-2.6,+0.896,-0.065,+0.438,29.0
2025-06-01T15:00:01.100,1.100,66,WG,R_Knee,0x21,2,66,2.242,-1.004,+0.120,+0.076,+18.3,-18.7,-4.0,+0.899,-0.062,+0.434,29.0
2025-06-01T15:00:01.116,1.117,67,WG,R_Knee,0x21,2,67,2.242,-0.998,+0.120,+0.088,+18.8,-21.7,-4.8,+0.901,-0.058,+0.429,29.0
2025-06-01T15:00:01.133,1.133,68,WG,R_Knee,0x21,2,68,2.242,-0.991,+0.120,+0.106,+14.5,-17.7,-4.1,+0.904,-0.054,+0.423,29.0
2025-06-01T15:00:01.150,1.150,69,WG,R_Knee,0x21,2,69,2.243,-0.989,+0.119,+0.118,+15.4,-18.6,-5.0,+0.906,-0.052,+0.420,29.0
2025-06-01T15:00:01.166,1.167,70,WG,R_Knee,0x21,2,70,2.243,-0.986,+0.119,+0.144,+21.7,-24.7,-7.5,+0.909,-0.048,+0.414,29.0
2025-06-01T15:00:01.183,1.183,71,WG,R_Knee,0x21,2,71,2.243,-0.984,+0.119,+0.168,+23.3,-23.8,-8.7,+0.912,-0.043,+0.408,29.0
2025-06-01T15:00:01.200,1.200,72,WG,R_Knee,0x21,2,72,2.245,-0.981,+0.120,+0.183,+18.4,-17.0,-7.2,+0.915,-0.038,+0.402,29.0
2025-06-01T15:00:01.216,1.217,73,WG,R_Knee,0x21,2,73,2.245,-0.979,+0.120,+0.188,+19.7,-15.9,-8.2,+0.916,-0.035,+0.399,29.0
2025-06-01T15:00:01.233,1.233,74,WG,R_Knee,0x21,2,74,2.245,-0.971,+0.119,+0.194,+27.3,-20.5,-11.8,+0.919,-0.029,+0.394,29.0
2025-06-01T15:00:01.250,1.250,75,WG,R_Knee,0x21,2,75,2.245,-0.962,+0.116,+0.198,+21.3,-15.1,-9.6,+0.921,-0.022,+0.389,29.0
2025-06-01T15:00:01.266,1.267,76,WG,R_Knee,0x21,2,76,2.245,-0.958,+0.114,+0.200,+22.4,-15.3,-10.5,+0.922,-0.019,+0.386,29.0
2025-06-01T15:00:01.283,1.283,77,WG,R_Knee,0x21,2,77,2.245,-0.950,+0.109,+0.204,+30.8,-21.1,-14.8,+0.925,-0.012,+0.381,29.0
2025-06-01T15:00:01.300,1.300,78,WG,R_Knee,0x21,2,78,2.246,-0.946,+0.104,+0.205,+32.2,-22.7,-16.2,+0.927,-0.004,+0.375,29.0
2025-06-01T15:00:01.316,1.317,79,WG,R_Knee,0x21,2,79,2.246,-0.944,+0.100,+0.207,+24.9,-18.4,-13.2,+0.930,+0.004,+0.369,29.0
2025-06-01T15:00:01.333,1.333,80,WG,R_Knee,0x21,2,80,2.246,-0.944,+0.098,+0.209,+26.2,-21.3,-15.2,+0.931,+0.008,+0.365,29.0
2025-06-01T15:00:01.350,1.350,81,WG,R_Knee,0x21,2,81,2.247,-0.944,+0.092,+0.219,+36.3,-31.3,-22.4,+0.934,+0.018,+0.357,29.0
2025-06-01T15:00:01.366,1.367,82,WG,R_Knee,0x21,2,82,2.247,-0.943,+0.088,+0.237,+28.4,-25.4,-18.4,+0.937,+0.028,+0.348,29.0
2025-06-01T15:00:01.383,1.383,83,WG,R_Knee,0x21,2,83,2.247,-0.941,+0.088,+0.249,+30.3,-26.6,-20.8,+0.939,+0.034,+0.343,29.0
2025-06-01T15:00:01.400,1.400,84,WG,R_Knee,0x21,2,84,2.248,-0.937,+0.094,+0.276,+42.5,-34.3,-30.1,+0.942,+0.045,+0.333,29.0
2025-06-01T15:00:01.416,1.417,85,WG,R_Knee,0x21,2,85,2.248,-0.935,+0.109,+0.308,+45.7,-30.9,-33.1,+0.945,+0.058,+0.323,29.0
2025-06-01T15:00:01.433,1.433,86,WG,R_Knee,0x21,2,86,2.248,-0.938,+0.133,+0.343,+36.1,-20.3,-26.3,+0.947,+0.072,+0.314,29.0
2025-06-01T15:00:01.450,1.450,87,WG,R_Knee,0x21,2,87,2.249,-0.939,+0.147,+0.361,+38.8,-15.8,-28.5,+0.947,+0.079,+0.310,29.0
2025-06-01T15:00:01.466,1.467,88,WG,R_Knee,0x21,2,88,2.249,-0.941,+0.175,+0.400,+54.5,-15.5,-40.5,+0.948,+0.095,+0.303,29.0
2025-06-01T15:00:01.483,1.483,89,WG,R_Knee,0x21,2,89,2.249,-0.941,+0.195,+0.440,+58.6,-7.3,-44.0,+0.948,+0.111,+0.299,29.0
2025-06-01T15:00:01.500,1.500,90,WG,R_Knee,0x21,2,90,2.250,-0.943,+0.203,+0.477,+46.7,-0.9,-34.5,+0.947,+0.129,+0.296,29.0
2025-06-01T15:00:01.516,1.517,91,WG,R_Knee,0x21,2,91,2.250,-0.945,+0.203,+0.494,+51.6,+2.4,-35.5,+0.946,+0.139,+0.295,29.0
2025-06-01T15:00:01.533,1.533,92,WG,R_Knee,0x21,2,92,2.250,-0.950,+0.199,+0.525,+74.9,+2.2,-48.3,+0.943,+0.158,+0.293,29.0
2025-06-01T15:00:01.550,1.550,93,WG,R_Knee,0x21,2,93,2.250,-0.953,+0.194,+0.558,+61.0,-1.3,-37.4,+0.941,+0.178,+0.289,29.0
2025-06-01T15:00:01.566,1.567,94,WG,R_Knee,0x21,2,94,2.250,-0.954,+0.192,+0.578,+67.8,-10.2,-40.0,+0.940,+0.188,+0.286,29.0
2025-06-01T15:00:01.583,1.583,95,WG,R_Knee,0x21,2,95,2.250,-0.957,+0.184,+0.628,+97.4,-22.2,-56.2,+0.938,+0.211,+0.276,29.0
2025-06-01T15:00:01.600,1.600,96,WG,R_Knee,0x21,2,96,2.251,-0.959,+0.173,+0.692,+107.0,-29.8,-59.9,+0.936,+0.235,+0.262,29.0
2025-06-01T15:00:01.616,1.617,97,WG,R_Knee,0x21,2,97,2.251,-0.953,+0.161,+0.753,+85.6,-22.5,-46.7,+0.934,+0.260,+0.245,29.0
2025-06-01T15:00:01.633,1.633,98,WG,R_Knee,0x21,2,98,2.251,-0.946,+0.156,+0.776,+92.1,-17.5,-49.4,+0.933,+0.272,+0.237,29.0
2025-06-01T15:00:01.650,1.650,99,WG,R_Knee,0x21,2,99,2.251,-0.921,+0.148,+0.791,+126.3,-13.0,-67.7,+0.928,+0.299,+0.221,29.0
2025-06-01T15:00:01.666,1.667,100,WG,R_Knee,0x21,2,100,2.251,-0.887,+0.143,+0.767,+126.9,+1.7,-70.6,+0.923,+0.325,+0.208,29.0
2025-06-01T15:00:01.683,1.683,101,WG,R_Knee,0x21,2,101,2.251,-0.849,+0.137,+0.712,+93.0,+10.5,-55.0,+0.915,+0.352,+0.198,29.0
2025-06-01T15:00:01.700,1.700,102,WG,R_Knee,0x21,2,102,2.251,-0.830,+0.131,+0.675,+85.0,+21.7,-57.4,+0.910,+0.366,+0.194,29.0
2025-06-01T15:00:01.716,1.717,103,WG,R_Knee,0x21,2,103,2.251,-0.791,+0.109,+0.588,+100.6,+41.6,-79.3,+0.900,+0.392,+0.191,29.0
2025-06-01T15:00:01.733,1.733,104,WG,R_Knee,0x21,2,104,2.251,-0.753,+0.066,+0.481,+64.1,+40.0,-61.4,+0.888,+0.418,+0.193,29.0
2025-06-01T15:00:01.750,1.750,105,WG,R_Knee,0x21,2,105,2.250,-0.735,+0.035,+0.421,+43.5,+47.6,-61.9,+0.881,+0.431,+0.196,29.0
2025-06-01T15:00:01.766,1.767,106,WG,R_Knee,0x21,2,106,2.250,-0.706,-0.043,+0.294,+34.6,+66.9,-81.8,+0.866,+0.455,+0.206,29.0
2025-06-01T15:00:01.783,1.783,107,WG,R_Knee,0x21,2,107,2.250,-0.683,-0.136,+0.167,+7.1,+49.7,-59.9,+0.851,+0.476,+0.221,29.0
2025-06-01T15:00:01.800,1.800,108,WG,R_Knee,0x21,2,108,2.249,-0.674,-0.185,+0.109,-21.1,+43.2,-57.5,+0.844,+0.486,+0.229,29.0
2025-06-01T15:00:01.816,1.817,109,WG,R_Knee,0x21,2,109,2.249,-0.661,-0.281,+0.014,-57.0,+47.9,-74.2,+0.829,+0.501,+0.248,29.0
2025-06-01T15:00:01.833,1.833,110,WG,R_Knee,0x21,2,110,2.249,-0.658,-0.373,-0.044,-96.5,+36.4,-70.3,+0.815,+0.513,+0.269,29.0
2025-06-01T15:00:01.850,1.850,111,WG,R_Knee,0x21,2,111,2.248,-0.671,-0.457,-0.067,-94.3,+23.0,-49.6,+0.802,+0.520,+0.294,29.0
2025-06-01T15:00:01.866,1.867,112,WG,R_Knee,0x21,2,112,2.248,-0.684,-0.494,-0.069,-121.7,+27.4,-44.7,+0.796,+0.520,+0.308,29.0
2025-06-01T15:00:01.883,1.883,113,WG,R_Knee,0x21,2,113,2.248,-0.716,-0.552,-0.067,-186.3,+49.0,-53.0,+0.784,+0.517,+0.343,29.0
2025-06-01T15:00:01.900,1.900,114,WG,R_Knee,0x21,2,114,2.247,-0.751,-0.587,-0.077,-156.3,+49.6,-33.7,+0.770,+0.507,+0.386,29.0
2025-06-01T15:00:01.916,1.917,115,WG,R_Knee,0x21,2,115,2.247,-0.768,-0.595,-0.090,-175.7,+73.3,-28.2,+0.763,+0.499,+0.412,29.0
2025-06-01T15:00:01.933,1.933,116,WG,R_Knee,0x21,2,116,2.247,-0.796,-0.590,-0.131,-249.4,+121.0,-28.7,+0.745,+0.475,+0.469,29.0
2025-06-01T15:00:01.950,1.950,117,WG,R_Knee,0x21,2,117,2.246,-0.815,-0.555,-0.184,-196.7,+108.3,-13.7,+0.722,+0.442,+0.533,29.0
2025-06-01T15:00:01.966,1.967,118,WG,R_Knee,0x21,2,118,2.246,-0.820,-0.526,-0.216,-205.6,+131.5,-11.6,+0.708,+0.422,+0.566,29.0
2025-06-01T15:00:01.983,1.983,119,WG,R_Knee,0x21,2,119,2.246,-0.822,-0.450,-0.293,-278.6,+194.5,-4.4,+0.675,+0.376,+0.635,29.0
2025-06-01T15:00:02.000,2.000,120,WG,R_Knee,0x21,2,120,2.245,-0.810,-0.360,-0.398,-281.6,+212.6,+8.3,+0.634,+0.320,+0.703,29.0
2025-06-01T15:00:02.016,2.017,121,WG,R_Knee,0x21,2,121,2.245,-0.782,-0.262,-0.528,-211.5,+163.7,+17.7,+0.589,+0.257,+0.766,29.0
2025-06-01T15:00:02.033,2.033,122,WG,R_Knee,0x21,2,122,2.245,-0.763,-0.212,-0.598,-207.2,+153.8,+21.6,+0.565,+0.223,+0.794,29.0
2025-06-01T15:00:02.050,2.050,123,WG,R_Knee,0x21,2,123,2.244,-0.721,-0.114,-0.738,-269.0,+182.5,+43.1,+0.519,+0.152,+0.841,29.0
2025-06-01T15:00:02.066,2.067,124,WG,R_Knee,0x21,2,124,2.244,-0.677,-0.024,-0.865,-254.9,+140.7,+55.7,+0.480,+0.079,+0.874,29.0
2025-06-01T15:00:02.083,2.083,125,WG,R_Knee,0x21,2,125,2.244,-0.636,+0.055,-0.965,-181.7,+78.3,+49.6,+0.450,+0.007,+0.893,29.0
2025-06-01T15:00:02.100,2.100,126,WG,R_Knee,0x21,2,126,2.242,-0.619,+0.090,-1.001,-165.5,+36.0,+55.9,+0.440,-0.027,+0.897,29.0
2025-06-01T15:00:02.116,2.117,127,WG,R_Knee,0x21,2,127,2.242,-0.596,+0.148,-1.039,-203.1,+11.0,+82.0,+0.430,-0.093,+0.898,29.0
2025-06-01T15:00:02.133,2.133,128,WG,R_Knee,0x21,2,128,2.242,-0.592,+0.193,-1.032,-137.8,-17.1,+64.6,+0.430,-0.154,+0.890,29.0
2025-06-01T15:00:02.150,2.150,129,WG,R_Knee,0x21,2,129,2.241,-0.599,+0.210,-1.013,-117.3,-44.1,+67.7,+0.434,-0.181,+0.883,29.0
2025-06-01T15:00:02.166,2.167,130,WG,R_Knee,0x21,2,130,2.241,-0.627,+0.237,-0.949,-134.0,-69.5,+89.3,+0.445,-0.231,+0.865,29.0
2025-06-01T15:00:02.183,2.183,131,WG,R_Knee,0x21,2,131,2.241,-0.671,+0.256,-0.860,-103.3,-70.1,+85.2,+0.457,-0.272,+0.847,29.0
2025-06-01T15:00:02.200,2.200,132,WG,R_Knee,0x21,2,132,2.240,-0.719,+0.268,-0.765,-59.7,-44.5,+59.9,+0.466,-0.304,+0.831,29.0
2025-06-01T15:00:02.216,2.217,133,WG,R_Knee,0x21,2,133,2.240,-0.743,+0.273,-0.720,-37.6,-23.3,+53.7,+0.469,-0.317,+0.824,29.0
2025-06-01T15:00:02.233,2.233,134,WG,R_Knee,0x21,2,134,2.240,-0.791,+0.283,-0.639,-29.6,-0.1,+63.1,+0.467,-0.337,+0.817,29.0
2025-06-01T15:00:02.250,2.250,135,WG,R_Knee,0x21,2,135,2.239,-0.838,+0.286,-0.593,-4.3,+46.8,+49.4,+0.456,-0.349,+0.819,29.0
2025-06-01T15:00:02.266,2.267,136,WG,R_Knee,0x21,2,136,2.239,-0.874,+0.271,-0.612,+10.4,+62.6,+28.3,+0.435,-0.352,+0.829,29.0
2025-06-01T15:00:02.283,2.283,137,WG,R_Knee,0x21,2,137,2.239,-0.882,+0.255,-0.649,+27.9,+94.4,+20.5,+0.420,-0.351,+0.837,29.0
2025-06-01T15:00:02.300,2.300,138,WG,R_Knee,0x21,2,138,2.237,-0.876,+0.214,-0.754,+49.2,+148.5,+26.1,+0.385,-0.343,+0.857,29.0
2025-06-01T15:00:02.316,2.317,139,WG,R_Knee,0x21,2,139,2.237,-0.845,+0.184,-0.855,+42.7,+124.4,+20.8,+0.341,-0.332,+0.879,29.0
2025-06-01T15:00:02.333,2.333,140,WG,R_Knee,0x21,2,140,2.237,-0.823,+0.182,-0.894,+45.5,+132.5,+26.1,+0.317,-0.326,+0.891,29.0
2025-06-01T15:00:02.350,2.350,141,WG,R_Knee,0x21,2,141,2.236,-0.766,+0.204,-0.958,+60.2,+171.6,+36.8,+0.267,-0.313,+0.911,29.0
2025-06-01T15:00:02.366,2.367,142,WG,R_Knee,0x21,2,142,2.236,-0.716,+0.256,-1.017,+59.5,+152.1,+39.0,+0.219,-0.300,+0.928,29.0
2025-06-01T15:00:02.383,2.383,143,WG,R_Knee,0x21,2,143,2.236,-0.708,+0.321,-1.052,+43.7,+98.4,+29.4,+0.178,-0.286,+0.942,29.0
2025-06-01T15:00:02.400,2.400,144,WG,R_Knee,0x21,2,144,2.236,-0.723,+0.353,-1.049,+42.3,+80.8,+29.3,+0.161,-0.279,+0.947,29.0
2025-06-01T15:00:02.416,2.417,145,WG,R_Knee,0x21,2,145,2.236,-0.769,+0.408,-1.002,+53.8,+97.4,+36.6,+0.129,-0.265,+0.955,29.0
2025-06-01T15:00:02.433,2.433,146,WG,R_Knee,0x21,2,146,2.236,-0.797,+0.444,-0.925,+38.6,+67.6,+25.4,+0.101,-0.252,+0.963,29.0
2025-06-01T15:00:02.450,2.450,147,WG,R_Knee,0x21,2,147,2.236,-0.796,+0.453,-0.890,+37.1,+60.7,+22.9,+0.088,-0.245,+0.966,29.0
2025-06-01T15:00:02.466,2.467,148,WG,R_Knee,0x21,2,148,2.236,-0.767,+0.455,-0.844,+47.5,+70.7,+26.8,+0.064,-0.232,+0.971,29.0
2025-06-01T15:00:02.483,2.483,149,WG,R_Knee,0x21,2,149,2.236,-0.726,+0.439,-0.822,+34.2,+44.7,+17.2,+0.044,-0.219,+0.975,29.0
2025-06-01T15:00:02.500,2.500,150,WG,R_Knee,0x21,2,150,2.236,-0.707,+0.425,-0.812,+32.8,+35.6,+11.9,+0.036,-0.213,+0.976,29.0
2025-06-01T15:00:02.516,2.517,151,WG,R_Knee,0x21,2,151,2.236,-0.679,+0.386,-0.795,+44.2,+43.6,+7.4,+0.022,-0.201,+0.979,29.0
2025-06-01T15:00:02.533,2.533,152,WG,R_Knee,0x21,2,152,2.236,-0.652,+0.323,-0.796,+47.6,+43.1,-2.9,+0.010,-0.188,+0.982,29.0
2025-06-01T15:00:02.550,2.550,153,WG,R_Knee,0x21,2,153,2.236,-0.604,+0.237,-0.827,+38.2,+33.5,-5.5,-0.002,-0.174,+0.985,29.0
2025-06-01T15:00:02.566,2.567,154,WG,R_Knee,0x21,2,154,2.236,-0.570,+0.191,-0.846,+38.6,+35.0,-2.0,-0.008,-0.166,+0.986,29.0
2025-06-01T15:00:02.583,2.583,155,WG,R_Knee,0x21,2,155,2.236,-0.489,+0.116,-0.871,+47.9,+48.4,+3.2,-0.022,-0.152,+0.988,29.0
2025-06-01T15:00:02.600,2.600,156,WG,R_Knee,0x21,2,156,2.237,-0.408,+0.079,-0.872,+42.3,+48.5,+8.0,-0.036,-0.139,+0.990,29.0
2025-06-01T15:00:02.616,2.617,157,WG,R_Knee,0x21,2,157,2.237,-0.342,+0.075,-0.882,+29.5,+34.0,+6.4,-0.050,-0.127,+0.991,29.0
2025-06-01T15:00:02.633,2.633,158,WG,R_Knee,0x21,2,158,2.237,-0.322,+0.080,-0.896,+28.7,+26.6,+5.6,-0.056,-0.121,+0.991,29.0
2025-06-01T15:00:02.650,2.650,159,WG,R_Knee,0x21,2,159,2.239,-0.321,+0.093,-0.925,+37.6,+30.8,+6.9,-0.066,-0.110,+0.992,29.0
2025-06-01T15:00:02.666,2.667,160,WG,R_Knee,0x21,2,160,2.239,-0.356,+0.102,-0.932,+27.4,+22.9,+4.8,-0.075,-0.099,+0.992,29.0
2025-06-01T15:00:02.683,2.683,161,WG,R_Knee,0x21,2,161,2.239,-0.374,+0.102,-0.926,+25.9,+29.3,+4.2,-0.080,-0.094,+0.992,29.0
2025-06-01T15:00:02.700,2.700,162,WG,R_Knee,0x21,2,162,2.240,-0.382,+0.097,-0.919,+33.1,+43.9,+5.4,-0.092,-0.084,+0.992,29.0
2025-06-01T15:00:02.716,2.717,163,WG,R_Knee,0x21,2,163,2.240,-0.354,+0.087,-0.940,+30.9,+43.0,+6.2,-0.105,-0.075,+0.992,29.0
2025-06-01T15:00:02.733,2.733,164,WG,R_Knee,0x21,2,164,2.240,-0.322,+0.076,-0.978,+21.7,+27.9,+5.2,-0.117,-0.066,+0.991,29.0
2025-06-01T15:00:02.750,2.750,165,WG,R_Knee,0x21,2,165,2.242,-0.312,+0.071,-0.993,+19.5,+21.1,+5.5,-0.122,-0.062,+0.991,29.0
2025-06-01T15:00:02.766,2.767,166,WG,R_Knee,0x21,2,166,2.242,-0.311,+0.066,-1.000,+24.3,+25.1,+6.5,-0.129,-0.054,+0.990,29.0
2025-06-01T15:00:02.783,2.783,167,WG,R_Knee,0x21,2,167,2.242,-0.327,+0.064,-0.983,+22.5,+25.3,+5.4,-0.136,-0.048,+0.990,29.0
2025-06-01T15:00:02.800,2.800,168,WG,R_Knee,0x21,2,168,2.244,-0.345,+0.060,-0.961,+16.2,+20.4,+3.5,-0.144,-0.041,+0.989,29.0
2025-06-01T15:00:02.816,2.817,169,WG,R_Knee,0x21,2,169,2.244,-0.352,+0.057,-0.954,+15.4,+21.9,+3.2,-0.148,-0.038,+0.988,29.0
2025-06-01T15:00:02.833,2.833,170,WG,R_Knee,0x21,2,170,2.244,-0.357,+0.050,-0.947,+20.0,+29.6,+4.1,-0.157,-0.032,+0.987,29.0
2025-06-01T15:00:02.850,2.850,171,WG,R_Knee,0x21,2,171,2.248,-0.353,+0.043,-0.945,+14.7,+22.3,+2.9,-0.165,-0.026,+0.986,29.0
2025-06-01T15:00:02.866,2.867,172,WG,R_Knee,0x21,2,172,2.248,-0.348,+0.040,-0.944,+14.4,+22.3,+2.5,-0.170,-0.023,+0.985,29.0
2025-06-01T15:00:02.883,2.883,173,WG,R_Knee,0x21,2,173,2.248,-0.334,+0.036,-0.945,+18.8,+28.9,+2.5,-0.178,-0.018,+0.984,29.0
2025-06-01T15:00:02.900,2.900,174,WG,R_Knee,0x21,2,174,2.248,-0.319,+0.034,-0.953,+17.9,+26.5,+1.1,-0.186,-0.012,+0.982,29.0
2025-06-01T15:00:02.916,2.917,175,WG,R_Knee,0x21,2,175,2.248,-0.305,+0.031,-0.969,+12.8,+17.6,-0.0,-0.193,-0.007,+0.981,29.0
2025-06-01T15:00:02.933,2.933,176,WG,R_Knee,0x21,2,176,2.248,-0.300,+0.030,-0.978,+11.7,+13.4,-1.2,-0.196,-0.005,+0.981,29.0
2025-06-01T15:00:02.950,2.950,177,WG,R_Knee,0x21,2,177,2.250,-0.293,+0.027,-0.998,+14.3,+12.6,-2.9,-0.201,-0.001,+0.980,29.0
2025-06-01T15:00:02.966,2.967,178,WG,R_Knee,0x21,2,178,2.250,-0.291,+0.024,-1.013,+9.8,+5.1,-3.1,-0.203,+0.003,+0.979,29.0
2025-06-01T15:00:02.983,2.983,179,WG,R_Knee,0x21,2,179,2.250,-0.290,+0.022,-1.016,+8.7,-0.7,-4.3,-0.204,+0.004,+0.979,29.0
2025-06-01T15:00:03.000,3.000,180,WG,R_Knee,0x21,2,180,2.252,-0.289,+0.017,-1.010,+11.0,-5.6,-6.9,-0.203,+0.007,+0.979,29.0
2025-06-01T15:00:03.016,3.017,181,WG,R_Knee,0x21,2,181,2.252,-0.291,+0.012,-0.987,+10.8,-9.7,-8.1,-0.201,+0.010,+0.980,29.0
2025-06-01T15:00:03.033,3.033,182,WG,R_Knee,0x21,2,182,2.252,-0.294,+0.006,-0.958,+8.2,-8.3,-6.7,-0.197,+0.013,+0.980,29.0
2025-06-01T15:00:03.050,3.050,183,WG,R_Knee,0x21,2,183,2.254,-0.296,+0.004,-0.944,+8.8,-8.1,-7.5,-0.196,+0.014,+0.981,29.0
2025-06-01T15:00:03.066,3.067,184,WG,R_Knee,0x21,2,184,2.254,-0.300,-0.001,-0.922,+12.4,-9.5,-10.7,-0.193,+0.017,+0.981,29.0
2025-06-01T15:00:03.083,3.083,185,WG,R_Knee,0x21,2,185,2.254,-0.302,-0.005,-0.907,+9.8,-5.8,-8.5,-0.191,+0.020,+0.981,29.0
2025-06-01T15:00:03.100,3.100,186,WG,R_Knee,0x21,2,186,2.258,-0.302,-0.007,-0.901,+10.6,-3.2,-9.2,-0.190,+0.021,+0.982,29.0
2025-06-01T15:00:03.116,3.117,187,WG,R_Knee,0x21,2,187,2.258,-0.298,-0.012,-0.891,+14.9,-1.4,-13.1,-0.189,+0.025,+0.982,29.0
2025-06-01T15:00:03.133,3.133,188,WG,R_Knee,0x21,2,188,2.258,-0.291,-0.016,-0.886,+11.8,+1.0,-10.6,-0.189,+0.028,+0.982,29.0
2025-06-01T15:00:03.150,3.150,189,WG,R_Knee,0x21,2,189,2.259,-0.286,-0.019,-0.884,+12.7,+2.8,-11.9,-0.190,+0.030,+0.981,29.0
2025-06-01T15:00:03.166,3.167,190,WG,R_Knee,0x21,2,190,2.259,-0.278,-0.024,-0.885,+17.8,+4.8,-17.3,-0.191,+0.034,+0.981,29.0
2025-06-01T15:00:03.183,3.183,191,WG,R_Knee,0x21,2,191,2.259,-0.271,-0.030,-0.887,+19.0,+5.8,-19.4,-0.193,+0.039,+0.981,29.0
2025-06-01T15:00:03.200,3.200,192,WG,R_Knee,0x21,2,192,2.262,-0.268,-0.038,-0.891,+14.9,+4.5,-15.7,-0.195,+0.043,+0.980,29.0
2025-06-01T15:00:03.216,3.217,193,WG,R_Knee,0x21,2,193,2.262,-0.267,-0.042,-0.894,+15.9,+3.5,-17.4,-0.196,+0.045,+0.980,29.0
2025-06-01T15:00:03.233,3.233,194,WG,R_Knee,0x21,2,194,2.262,-0.265,-0.053,-0.897,+22.3,+3.3,-25.4,-0.197,+0.050,+0.979,29.0
2025-06-01T15:00:03.250,3.250,195,WG,R_Knee,0x21,2,195,2.264,-0.255,-0.064,-0.892,+17.7,+1.6,-21.0,-0.198,+0.055,+0.979,29.0
2025-06-01T15:00:03.266,3.267,196,WG,R_Knee,0x21,2,196,2.264,-0.246,-0.069,-0.887,+19.4,+1.8,-24.2,-0.199,+0.058,+0.978,29.0
2025-06-01T15:00:03.283,3.283,197,WG,R_Knee,0x21,2,197,2.264,-0.222,-0.075,-0.872,+28.0,+3.4,-35.6,-0.200,+0.063,+0.978,29.0
2025-06-01T15:00:03.300,3.300,198,WG,R_Knee,0x21,2,198,2.265,-0.194,-0.070,-0.858,+30.9,+3.7,-39.6,-0.202,+0.070,+0.977,29.0
2025-06-01T15:00:03.316,3.317,199,WG,R_Knee,0x21,2,199,2.265,-0.172,-0.055,-0.848,+24.9,+1.9,-31.7,-0.204,+0.076,+0.976,29.0
2025-06-01T15:00:03.333,3.333,200,WG,R_Knee,0x21,2,200,2.265,-0.164,-0.044,-0.844,+27.0,-1.6,-34.0,-0.204,+0.080,+0.976,29.0
2025-06-01T15:00:03.350,3.350,201,WG,R_Knee,0x21,2,201,2.265,-0.156,-0.022,-0.831,+38.1,-5.7,-47.2,-0.205,+0.088,+0.975,29.0
2025-06-01T15:00:03.366,3.367,202,WG,R_Knee,0x21,2,202,2.265,-0.156,-0.005,-0.809,+40.8,-9.4,-49.5,-0.204,+0.096,+0.974,29.0
2025-06-01T15:00:03.383,3.383,203,WG,R_Knee,0x21,2,203,2.265,-0.163,+0.003,-0.778,+31.9,-8.0,-38.2,-0.202,+0.105,+0.974,29.0
2025-06-01T15:00:03.400,3.400,204,WG,R_Knee,0x21,2,204,2.266,-0.167,+0.003,-0.759,+33.9,-8.3,-39.7,-0.201,+0.110,+0.973,29.0
2025-06-01T15:00:03.416,3.417,205,WG,R_Knee,0x21,2,205,2.266,-0.180,-0.006,-0.717,+47.7,-9.9,-54.5,-0.200,+0.119,+0.972,29.0
2025-06-01T15:00:03.433,3.433,206,WG,R_Knee,0x21,2,206,2.266,-0.192,-0.027,-0.669,+38.0,-6.4,-42.1,-0.199,+0.130,+0.971,29.0
2025-06-01T15:00:03.450,3.450,207,WG,R_Knee,0x21,2,207,2.266,-0.198,-0.042,-0.644,+42.2,-5.7,-43.7,-0.199,+0.136,+0.970,29.0
2025-06-01T15:00:03.466,3.467,208,WG,R_Knee,0x21,2,208,2.266,-0.206,-0.082,-0.595,+61.6,-7.3,-59.8,-0.200,+0.149,+0.968,29.0
2025-06-01T15:00:03.483,3.483,209,WG,R_Knee,0x21,2,209,2.266,-0.209,-0.129,-0.552,+69.9,-8.5,-62.1,-0.201,+0.164,+0.966,29.0
2025-06-01T15:00:03.500,3.500,210,WG,R_Knee,0x21,2,210,2.265,-0.206,-0.177,-0.523,+57.6,-7.3,-48.2,-0.201,+0.181,+0.963,29.0
2025-06-01T15:00:03.516,3.517,211,WG,R_Knee,0x21,2,211,2.265,-0.200,-0.201,-0.515,+64.8,-9.3,-51.4,-0.201,+0.190,+0.961,29.0
2025-06-01T15:00:03.533,3.533,212,WG,R_Knee,0x21,2,212,2.265,-0.181,-0.245,-0.513,+92.2,-11.2,-71.6,-0.202,+0.211,+0.956,29.0
2025-06-01T15:00:03.550,3.550,213,WG,R_Knee,0x21,2,213,2.265,-0.156,-0.284,-0.526,+72.5,-5.5,-55.7,-0.204,+0.233,+0.951,29.0
2025-06-01T15:00:03.566,3.567,214,WG,R_Knee,0x21,2,214,2.265,-0.144,-0.302,-0.537,+74.0,+1.5,-56.5,-0.206,+0.245,+0.947,29.0
2025-06-01T15:00:03.583,3.583,215,WG,R_Knee,0x21,2,215,2.265,-0.124,-0.334,-0.570,+96.4,+13.1,-73.8,-0.213,+0.267,+0.940,29.0
2025-06-01T15:00:03.600,3.600,216,WG,R_Knee,0x21,2,216,2.265,-0.108,-0.366,-0.619,+88.8,+27.0,-69.2,-0.225,+0.288,+0.931,29.0
2025-06-01T15:00:03.616,3.617,217,WG,R_Knee,0x21,2,217,2.265,-0.096,-0.402,-0.684,+59.9,+27.2,-48.1,-0.239,+0.306,+0.921,29.0
2025-06-01T15:00:03.633,3.633,218,WG,R_Knee,0x21,2,218,2.265,-0.092,-0.424,-0.719,+46.3,+32.8,-40.1,-0.247,+0.314,+0.917,29.0
2025-06-01T15:00:03.650,3.650,219,WG,R_Knee,0x21,2,219,2.264,-0.087,-0.470,-0.791,+44.8,+47.3,-44.1,-0.264,+0.325,+0.908,29.0
2025-06-01T15:00:03.666,3.667,220,WG,R_Knee,0x21,2,220,2.264,-0.088,-0.521,-0.858,+18.9,+48.9,-29.6,-0.281,+0.331,+0.901,29.0
2025-06-01T15:00:03.683,3.683,221,WG,R_Knee,0x21,2,221,2.264,-0.097,-0.573,-0.915,-1.6,+36.2,-13.4,-0.296,+0.330,+0.896,29.0
2025-06-01T15:00:03.700,3.700,222,WG,R_Knee,0x21,2,222,2.263,-0.103,-0.599,-0.938,-24.0,+33.6,-1.0,-0.302,+0.328,+0.895,29.0
2025-06-01T15:00:03.716,3.717,223,WG,R_Knee,0x21,2,223,2.263,-0.123,-0.645,-0.974,-54.5,+39.9,+11.4,-0.313,+0.318,+0.895,29.0
2025-06-01T15:00:03.733,3.733,224,WG,R_Knee,0x21,2,224,2.263,-0.152,-0.680,-0.999,-84.1,+32.3,+28.0,-0.321,+0.301,+0.898,29.0
2025-06-01T15:00:03.750,3.750,225,WG,R_Knee,0x21,2,225,2.263,-0.191,-0.699,-1.018,-79.3,+20.4,+30.2,-0.325,+0.279,+0.904,29.0
2025-06-01T15:00:03.766,3.767,226,WG,R_Knee,0x21,2,226,2.263,-0.213,-0.701,-1.027,-99.5,+17.8,+41.4,-0.327,+0.265,+0.907,29.0
2025-06-01T15:00:03.783,3.783,227,WG,R_Knee,0x21,2,227,2.263,-0.258,-0.687,-1.042,-151.9,+27.6,+66.2,-0.329,+0.234,+0.915,29.0
2025-06-01T15:00:03.800,3.800,228,WG,R_Knee,0x21,2,228,2.262,-0.294,-0.640,-1.056,-175.7,+38.9,+78.5,-0.333,+0.197,+0.922,29.0
2025-06-01T15:00:03.816,3.817,229,WG,R_Knee,0x21,2,229,2.262,-0.308,-0.555,-1.072,-144.2,+40.1,+64.7,-0.341,+0.155,+0.927,29.0
2025-06-01T15:00:03.833,3.833,230,WG,R_Knee,0x21,2,230,2.262,-0.305,-0.500,-1.082,-156.0,+55.8,+66.0,-0.348,+0.132,+0.928,29.0
2025-06-01T15:00:03.850,3.850,231,WG,R_Knee,0x21,2,231,2.261,-0.283,-0.370,-1.106,-215.1,+94.1,+87.8,-0.367,+0.084,+0.926,29.0
2025-06-01T15:00:03.866,3.867,232,WG,R_Knee,0x21,2,232,2.261,-0.244,-0.228,-1.136,-163.8,+84.2,+65.4,-0.394,+0.035,+0.918,29.0
2025-06-01T15:00:03.883,3.883,233,WG,R_Knee,0x21,2,233,2.261,-0.220,-0.156,-1.153,-157.1,+93.0,+58.0,-0.410,+0.011,+0.912,29.0
2025-06-01T15:00:03.900,3.900,234,WG,R_Knee,0x21,2,234,2.261,-0.163,-0.018,-1.190,-195.9,+128.0,+72.5,-0.444,-0.034,+0.896,29.0
2025-06-01T15:00:03.916,3.917,235,WG,R_Knee,0x21,2,235,2.261,-0.095,+0.105,-1.229,-132.9,+94.9,+49.6,-0.478,-0.072,+0.876,29.0
2025-06-01T15:00:03.933,3.933,236,WG,R_Knee,0x21,2,236,2.261,-0.059,+0.159,-1.245,-104.9,+84.3,+37.4,-0.494,-0.089,+0.865,29.0
2025-06-01T15:00:03.950,3.950,237,WG,R_Knee,0x21,2,237,2.261,+0.010,+0.246,-1.271,-106.8,+97.9,+39.5,-0.522,-0.114,+0.845,29.0
2025-06-01T15:00:03.966,3.967,238,WG,R_Knee,0x21,2,238,2.261,+0.067,+0.302,-1.287,-57.9,+74.2,+22.6,-0.544,-0.129,+0.829,29.0
2025-06-01T15:00:03.983,3.983,239,WG,R_Knee,0x21,2,239,2.261,+0.104,+0.321,-1.297,-14.9,+41.1,+6.9,-0.559,-0.135,+0.818,29.0
2025-06-01T15:00:04.000,4.000,240,WG,R_Knee,0x21,2,240,2.261,+0.115,+0.315,-1.300,+21.4,+22.6,-6.0,-0.564,-0.134,+0.815,29.0
2025-06-01T15:00:04.016,4.017,241,WG,R_Knee,0x21,2,241,2.261,+0.119,+0.270,-1.299,+60.7,+17.4,-18.7,-0.570,-0.127,+0.812,29.0
2025-06-01T15:00:04.033,4.033,242,WG,R_Knee,0x21,2,242,2.261,+0.106,+0.187,-1.290,+67.1,+7.4,-20.2,-0.571,-0.112,+0.813,29.0
2025-06-01T15:00:04.050,4.050,243,WG,R_Knee,0x21,2,243,2.261,+0.097,+0.134,-1.287,+87.5,+7.5,-23.6,-0.572,-0.102,+0.814,29.0
2025-06-01T15:00:04.066,4.067,244,WG,R_Knee,0x21,2,244,2.261,+0.082,+0.015,-1.289,+125.7,+13.1,-31.1,-0.574,-0.078,+0.815,29.0
2025-06-01T15:00:04.083,4.083,245,WG,R_Knee,0x21,2,245,2.261,+0.074,-0.104,-1.304,+124.1,+15.1,-28.1,-0.577,-0.053,+0.815,29.0
2025-06-01T15:00:04.100,4.100,246,WG,R_Knee,0x21,2,246,2.263,+0.065,-0.206,-1.316,+85.4,+12.0,-18.5,-0.580,-0.029,+0.814,29.0
2025-06-01T15:00:04.116,4.117,247,WG,R_Knee,0x21,2,247,2.263,+0.060,-0.246,-1.317,+67.8,+15.4,-12.6,-0.582,-0.018,+0.813,29.0
2025-06-01T15:00:04.133,4.133,248,WG,R_Knee,0x21,2,248,2.263,+0.046,-0.307,-1.314,+69.0,+27.5,-8.8,-0.587,-0.001,+0.810,29.0
2025-06-01T15:00:04.150,4.150,249,WG,R_Knee,0x21,2,249,2.264,+0.035,-0.339,-1.311,+34.8,+25.5,+0.2,-0.595,+0.011,+0.804,29.0
2025-06-01T15:00:04.166,4.167,250,WG,R_Knee,0x21,2,250,2.264,+0.030,-0.342,-1.310,+11.7,+28.5,+9.5,-0.599,+0.015,+0.801,29.0
2025-06-01T15:00:04.183,4.183,251,WG,R_Knee,0x21,2,251,2.264,+0.014,-0.315,-1.300,-5.9,+36.2,+20.2,-0.608,+0.020,+0.794,29.0
2025-06-01T15:00:04.200,4.200,252,WG,R_Knee,0x21,2,252,2.265,-0.018,-0.246,-1.279,-30.4,+29.2,+28.6,-0.616,+0.020,+0.788,29.0
2025-06-01T15:00:04.216,4.217,253,WG,R_Knee,0x21,2,253,2.265,-0.064,-0.152,-1.256,-34.0,+15.7,+25.5,-0.621,+0.016,+0.784,29.0
2025-06-01T15:00:04.233,4.233,254,WG,R_Knee,0x21,2,254,2.265,-0.088,-0.102,-1.246,-43.7,+4.4,+29.1,-0.622,+0.013,+0.783,29.0
2025-06-01T15:00:04.250,4.250,255,WG,R_Knee,0x21,2,255,2.267,-0.125,-0.006,-1.210,-62.9,-3.5,+40.0,-0.623,+0.007,+0.782,29.0
2025-06-01T15:00:04.266,4.267,256,WG,R_Knee,0x21,2,256,2.267,-0.136,+0.075,-1.128,-48.3,-7.4,+29.5,-0.621,-0.001,+0.784,29.0
2025-06-01T15:00:04.283,4.283,257,WG,R_Knee,0x21,2,257,2.267,-0.128,+0.106,-1.067,-44.2,-7.3,+27.1,-0.619,-0.004,+0.785,29.0
2025-06-01T15:00:04.300,4.300,258,WG,R_Knee,0x21,2,258,2.268,-0.085,+0.145,-0.927,-50.2,-4.0,+32.9,-0.617,-0.011,+0.787,29.0
2025-06-01T15:00:04.316,4.317,259,WG,R_Knee,0x21,2,259,2.268,-0.010,+0.153,-0.799,-36.3,+3.9,+28.5,-0.618,-0.016,+0.786,29.0
2025-06-01T15:00:04.333,4.333,260,WG,R_Knee,0x21,2,260,2.268,+0.079,+0.133,-0.708,-19.5,+5.8,+18.8,-0.619,-0.018,+0.785,29.0
2025-06-01T15:00:04.350,4.350,261,WG,R_Knee,0x21,2,261,2.272,+0.122,+0.115,-0.677,-11.4,+5.3,+15.2,-0.620,-0.018,+0.784,29.0
2025-06-01T15:00:04.366,4.367,262,WG,R_Knee,0x21,2,262,2.272,+0.194,+0.075,-0.633,-8.6,+6.2,+17.0,-0.622,-0.017,+0.783,29.0
2025-06-01T15:00:04.383,4.383,263,WG,R_Knee,0x21,2,263,2.272,+0.249,+0.037,-0.616,-0.2,+7.8,+13.3,-0.623,-0.016,+0.782,29.0
2025-06-01T15:00:04.400,4.400,264,WG,R_Knee,0x21,2,264,2.274,+0.292,+0.004,-0.635,+4.3,+8.3,+8.3,-0.626,-0.012,+0.780,29.0
2025-06-01T15:00:04.416,4.417,265,WG,R_Knee,0x21,2,265,2.274,+0.308,-0.010,-0.658,+8.4,+11.0,+6.2,-0.627,-0.011,+0.779,29.0
2025-06-01T15:00:04.433,4.433,266,WG,R_Knee,0x21,2,266,2.274,+0.320,-0.028,-0.722,+13.1,+15.0,+6.0,-0.631,-0.006,+0.776,29.0
2025-06-01T15:00:04.450,4.450,267,WG,R_Knee,0x21,2,267,2.276,+0.297,-0.028,-0.801,+10.5,+10.6,+2.9,-0.634,-0.002,+0.773,29.0
2025-06-01T15:00:04.466,4.467,268,WG,R_Knee,0x21,2,268,2.276,+0.273,-0.022,-0.845,+9.8,+8.1,+1.7,-0.635,-0.001,+0.772,29.0
2025-06-01T15:00:04.483,4.483,269,WG,R_Knee,0x21,2,269,2.276,+0.213,-0.010,-0.944,+11.1,+6.5,+2.6,-0.638,+0.003,+0.770,29.0
2025-06-01T15:00:04.500,4.500,270,WG,R_Knee,0x21,2,270,2.278,+0.153,-0.006,-1.039,+7.5,+0.6,+4.1,-0.638,+0.005,+0.770,29.0
2025-06-01T15:00:04.516,4.517,271,WG,R_Knee,0x21,2,271,2.278,+0.112,-0.008,-1.094,+3.3,-1.8,+4.1,-0.638,+0.007,+0.770,29.0
2025-06-01T15:00:04.533,4.533,272,WG,R_Knee,0x21,2,272,2.278,+0.101,-0.011,-1.099,+0.9,-0.8,+5.2,-0.638,+0.008,+0.770,29.0
2025-06-01T15:00:04.550,4.550,273,WG,R_Knee,0x21,2,273,2.280,+0.103,-0.016,-1.077,-0.4,+2.1,+7.9,-0.638,+0.010,+0.770,29.0
2025-06-01T15:00:04.566,4.567,274,WG,R_Knee,0x21,2,274,2.280,+0.129,-0.020,-1.038,-1.6,+5.1,+8.6,-0.638,+0.011,+0.770,29.0
2025-06-01T15:00:04.583,4.583,275,WG,R_Knee,0x21,2,275,2.280,+0.165,-0.020,-1.006,-1.3,+4.0,+6.5,-0.640,+0.012,+0.769,29.0
2025-06-01T15:00:04.600,4.600,276,WG,R_Knee,0x21,2,276,2.282,+0.181,-0.019,-0.994,-0.9,+2.2,+5.6,-0.640,+0.013,+0.768,29.0
2025-06-01T15:00:04.616,4.617,277,WG,R_Knee,0x21,2,277,2.282,+0.200,-0.016,-0.974,-0.5,+1.2,+6.2,-0.641,+0.014,+0.768,29.0
2025-06-01T15:00:04.633,4.633,278,WG,R_Knee,0x21,2,278,2.282,+0.205,-0.014,-0.957,+0.6,-0.2,+4.6,-0.641,+0.015,+0.768,29.0
2025-06-01T15:00:04.650,4.650,279,WG,R_Knee,0x21,2,279,2.285,+0.200,-0.013,-0.945,+1.1,-0.2,+2.8,-0.641,+0.016,+0.768,29.0
2025-06-01T15:00:04.666,4.667,280,WG,R_Knee,0x21,2,280,2.285,+0.196,-0.013,-0.942,+1.7,+0.7,+2.2,-0.641,+0.016,+0.768,29.0
2025-06-01T15:00:04.683,4.683,281,WG,R_Knee,0x21,2,281,2.285,+0.188,-0.014,-0.941,+2.7,+2.1,+2.7,-0.641,+0.018,+0.767,29.0
2025-06-01T15:00:04.700,4.700,282,WG,R_Knee,0x21,2,282,2.286,+0.181,-0.016,-0.948,+3.0,+3.5,+2.6,-0.641,+0.019,+0.767,29.0
2025-06-01T15:00:04.716,4.717,283,WG,R_Knee,0x21,2,283,2.286,+0.176,-0.017,-0.959,+2.3,+3.2,+1.9,-0.642,+0.020,+0.766,29.0
2025-06-01T15:00:04.733,4.733,284,WG,R_Knee,0x21,2,284,2.286,+0.174,-0.018,-0.965,+2.2,+3.6,+1.9,-0.643,+0.020,+0.766,29.0
2025-06-01T15:00:04.750,4.750,285,WG,R_Knee,0x21,2,285,2.287,+0.172,-0.020,-0.974,+2.6,+5.0,+2.6,-0.644,+0.022,+0.765,29.0
2025-06-01T15:00:04.766,4.767,286,WG,R_Knee,0x21,2,286,2.287,+0.173,-0.022,-0.980,+1.7,+3.9,+2.0,-0.645,+0.023,+0.764,29.0
2025-06-01T15:00:04.783,4.783,287,WG,R_Knee,0x21,2,287,2.287,+0.174,-0.023,-0.982,+1.3,+4.1,+2.1,-0.646,+0.023,+0.763,29.0
2025-06-01T15:00:04.800,4.800,288,WG,R_Knee,0x21,2,288,2.289,+0.177,-0.023,-0.986,+1.3,+5.3,+2.7,-0.647,+0.024,+0.762,29.0
2025-06-01T15:00:04.816,4.817,289,WG,R_Knee,0x21,2,289,2.289,+0.181,-0.023,-0.989,+0.7,+3.5,+1.9,-0.648,+0.025,+0.761,29.0
2025-06-01T15:00:04.833,4.833,290,WG,R_Knee,0x21,2,290,2.289,+0.182,-0.023,-0.990,+0.3,+2.5,+1.6,-0.648,+0.025,+0.761,29.0
2025-06-01T15:00:04.850,4.850,291,WG,R_Knee,0x21,2,291,2.289,+0.185,-0.023,-0.991,+0.2,+1.8,+1.9,-0.649,+0.025,+0.760,29.0
2025-06-01T15:00:04.866,4.867,292,WG,R_Knee,0x21,2,292,2.289,+0.186,-0.024,-0.989,+0.0,-0.2,+1.5,-0.649,+0.026,+0.760,29.0
2025-06-01T15:00:04.883,4.883,293,WG,R_Knee,0x21,2,293,2.289,+0.184,-0.025,-0.985,-0.0,-1.3,+0.9,-0.649,+0.026,+0.760,29.0
2025-06-01T15:00:04.900,4.900,294,WG,R_Knee,0x21,2,294,2.289,+0.182,-0.025,-0.984,-0.1,-2.4,+0.8,-0.649,+0.026,+0.761,29.0
2025-06-01T15:00:04.916,4.917,295,WG,R_Knee,0x21,2,295,2.289,+0.178,-0.026,-0.982,-0.2,-4.1,+0.9,-0.648,+0.026,+0.761,29.0
2025-06-01T15:00:04.933,4.933,296,WG,R_Knee,0x21,2,296,2.289,+0.173,-0.026,-0.982,-0.3,-3.6,+0.7,-0.647,+0.026,+0.762,29.0
2025-06-01T15:00:04.950,4.950,297,WG,R_Knee,0x21,2,297,2.289,+0.171,-0.026,-0.983,-0.5,-4.0,+0.7,-0.646,+0.026,+0.763,29.0
2025-06-01T15:00:04.966,4.967,298,WG,R_Knee,0x21,2,298,2.289,+0.166,-0.027,-0.983,-0.8,-5.4,+1.1,-0.645,+0.026,+0.764,29.0
2025-06-01T15:00:04.983,4.983,299,WG,R_Knee,0x21,2,299,2.289,+0.163,-0.027,-0.983,-1.1,-5.3,+1.3,-0.644,+0.026,+0.765,29.0
2025-06-01T15:00:05.000,5.000,300,WG,R_Knee,0x21,2,300,2.289,+0.162,-0.027,-0.983,-0.9,-3.9,+1.1,-0.643,+0.026,+0.766,29.0
2025-06-01T15:00:05.016,5.017,301,WG,R_Knee,0x21,2,301,2.289,+0.161,-0.026,-0.982,-1.0,-3.9,+1.1,-0.642,+0.026,+0.766,29.0
2025-06-01T15:00:05.033,5.033,302,WG,R_Knee,0x21,2,302,2.289,+0.161,-0.026,-0.981,-1.5,-5.2,+1.5,-0.641,+0.026,+0.767,29.0
2025-06-01T15:00:05.050,5.050,303,WG,R_Knee,0x21,2,303,2.289,+0.162,-0.025,-0.980,-1.1,-3.9,+1.1,-0.640,+0.026,+0.768,29.0
2025-06-01T15:00:05.066,5.067,304,WG,R_Knee,0x21,2,304,2.289,+0.162,-0.025,-0.979,-1.2,-3.7,+1.1,-0.639,+0.026,+0.769,29.0
2025-06-01T15:00:05.083,5.083,305,WG,R_Knee,0x21,2,305,2.289,+0.162,-0.024,-0.979,-1.6,-4.9,+1.4,-0.638,+0.026,+0.770,29.0
2025-06-01T15:00:05.100,5.100,306,WG,R_Knee,0x21,2,306,2.288,+0.162,-0.023,-0.980,-1.7,-4.9,+1.3,-0.637,+0.026,+0.770,29.0
2025-06-01T15:00:05.116,5.117,307,WG,R_Knee,0x21,2,307,2.288,+0.162,-0.022,-0.981,-1.3,-3.7,+0.9,-0.636,+0.026,+0.771,29.0
2025-06-01T15:00:05.133,5.133,308,WG,R_Knee,0x21,2,308,2.288,+0.162,-0.021,-0.981,-1.4,-3.6,+0.9,-0.635,+0.026,+0.772,29.0
2025-06-01T15:00:05.150,5.150,309,WG,R_Knee,0x21,2,309,2.287,+0.161,-0.021,-0.981,-1.9,-4.6,+1.2,-0.634,+0.026,+0.773,29.0
2025-06-01T15:00:05.166,5.167,310,WG,R_Knee,0x21,2,310,2.287,+0.161,-0.020,-0.981,-1.9,-4.3,+1.3,-0.633,+0.025,+0.774,29.0
2025-06-01T15:00:05.183,5.183,311,WG,R_Knee,0x21,2,311,2.287,+0.161,-0.020,-0.981,-1.5,-3.0,+0.9,-0.632,+0.025,+0.774,29.0
2025-06-01T15:00:05.200,5.200,312,WG,R_Knee,0x21,2,312,2.285,+0.160,-0.019,-0.980,-1.5,-2.7,+0.9,-0.632,+0.025,+0.775,29.0
2025-06-01T15:00:05.216,5.217,313,WG,R_Knee,0x21,2,313,2.285,+0.159,-0.019,-0.979,-2.1,-3.0,+1.2,-0.631,+0.025,+0.775,29.0
2025-06-01T15:00:05.233,5.233,314,WG,R_Knee,0x21,2,314,2.285,+0.158,-0.019,-0.978,-2.1,-2.2,+1.2,-0.630,+0.025,+0.776,29.0
2025-06-01T15:00:05.250,5.250,315,WG,R_Knee,0x21,2,315,2.284,+0.157,-0.018,-0.977,-1.5,-1.2,+0.9,-0.630,+0.024,+0.776,29.0
2025-06-01T15:00:05.266,5.267,316,WG,R_Knee,0x21,2,316,2.284,+0.157,-0.018,-0.976,-1.4,-0.7,+0.8,-0.630,+0.024,+0.776,29.0
2025-06-01T15:00:05.283,5.283,317,WG,R_Knee,0x21,2,317,2.284,+0.157,-0.017,-0.975,-1.8,-0.4,+1.0,-0.630,+0.024,+0.776,29.0
2025-06-01T15:00:05.300,5.300,318,WG,R_Knee,0x21,2,318,2.283,+0.158,-0.017,-0.973,-1.6,+0.3,+0.8,-0.630,+0.024,+0.777,29.0
2025-06-01T15:00:05.316,5.317,319,WG,R_Knee,0x21,2,319,2.283,+0.159,-0.016,-0.973,-1.1,+0.6,+0.5,-0.630,+0.024,+0.776,29.0
2025-06-01T15:00:05.333,5.333,320,WG,R_Knee,0x21,2,320,2.283,+0.160,-0.016,-0.973,-1.0,+1.0,+0.4,-0.630,+0.023,+0.776,29.0
2025-06-01T15:00:05.350,5.350,321,WG,R_Knee,0x21,2,321,2.282,+0.161,-0.015,-0.974,-1.3,+1.6,+0.5,-0.630,+0.023,+0.776,29.0
2025-06-01T15:00:05.366,5.367,322,WG,R_Knee,0x21,2,322,2.282,+0.162,-0.015,-0.975,-0.9,+1.4,+0.2,-0.631,+0.023,+0.776,29.0
2025-06-01T15:00:05.383,5.383,323,WG,R_Knee,0x21,2,323,2.282,+0.162,-0.015,-0.976,-0.9,+1.5,+0.1,-0.631,+0.023,+0.776,29.0
2025-06-01T15:00:05.400,5.400,324,WG,R_Knee,0x21,2,324,2.282,+0.162,-0.015,-0.976,-1.1,+2.3,+0.0,-0.631,+0.023,+0.775,29.0
2025-06-01T15:00:05.416,5.417,325,WG,R_Knee,0x21,2,325,2.282,+0.162,-0.015,-0.975,-0.9,+2.7,-0.1,-0.632,+0.022,+0.775,29.0
2025-06-01T15:00:05.433,5.433,326,WG,R_Knee,0x21,2,326,2.282,+0.162,-0.015,-0.974,-0.6,+2.2,-0.1,-0.633,+0.022,+0.774,29.0
2025-06-01T15:00:05.450,5.450,327,WG,R_Knee,0x21,2,327,2.280,+0.162,-0.015,-0.974,-0.5,+2.4,-0.2,-0.633,+0.022,+0.774,29.0
2025-06-01T15:00:05.466,5.467,328,WG,R_Knee,0x21,2,328,2.280,+0.162,-0.015,-0.974,-0.6,+3.4,-0.3,-0.634,+0.022,+0.773,29.0
2025-06-01T15:00:05.483,5.483,329,WG,R_Knee,0x21,2,329,2.280,+0.162,-0.014,-0.973,-0.3,+2.7,-0.2,-0.634,+0.022,+0.773,29.0
2025-06-01T15:00:05.500,5.500,330,WG,R_Knee,0x21,2,330,2.280,+0.162,-0.015,-0.973,-0.2,+2.9,-0.2,-0.635,+0.022,+0.772,29.0
2025-06-01T15:00:05.516,5.517,331,WG,R_Knee,0x21,2,331,2.280,+0.163,-0.015,-0.972,-0.1,+4.1,-0.3,-0.636,+0.022,+0.772,29.0
2025-06-01T15:00:05.533,5.533,332,WG,R_Knee,0x21,2,332,2.280,+0.164,-0.015,-0.971,+0.2,+4.3,-0.4,-0.637,+0.022,+0.771,29.0
2025-06-01T15:00:05.550,5.550,333,WG,R_Knee,0x21,2,333,2.280,+0.165,-0.015,-0.970,+0.3,+3.2,-0.3,-0.638,+0.022,+0.770,29.0
2025-06-01T15:00:05.566,5.567,334,WG,R_Knee,0x21,2,334,2.280,+0.166,-0.015,-0.970,+0.4,+3.2,-0.3,-0.638,+0.022,+0.770,29.0
2025-06-01T15:00:05.583,5.583,335,WG,R_Knee,0x21,2,335,2.280,+0.168,-0.015,-0.971,+0.6,+4.1,-0.3,-0.639,+0.022,+0.769,29.0
2025-06-01T15:00:05.600,5.600,336,WG,R_Knee,0x21,2,336,2.280,+0.169,-0.015,-0.974,+0.5,+2.9,-0.2,-0.640,+0.022,+0.768,29.0
2025-06-01T15:00:05.616,5.617,337,WG,R_Knee,0x21,2,337,2.280,+0.169,-0.015,-0.975,+0.5,+2.7,-0.2,-0.640,+0.022,+0.768,29.0
2025-06-01T15:00:05.633,5.633,338,WG,R_Knee,0x21,2,338,2.280,+0.169,-0.016,-0.978,+0.6,+3.2,-0.3,-0.641,+0.022,+0.767,29.0
2025-06-01T15:00:05.650,5.650,339,WG,R_Knee,0x21,2,339,2.280,+0.169,-0.016,-0.980,+0.5,+2.7,-0.3,-0.642,+0.022,+0.767,29.0
2025-06-01T15:00:05.666,5.667,340,WG,R_Knee,0x21,2,340,2.280,+0.170,-0.017,-0.982,+0.3,+1.8,-0.2,-0.642,+0.022,+0.766,29.0
2025-06-01T15:00:05.683,5.683,341,WG,R_Knee,0x21,2,341,2.280,+0.170,-0.017,-0.982,+0.1,+1.5,-0.2,-0.643,+0.022,+0.766,29.0
2025-06-01T15:00:05.700,5.700,342,WG,R_Knee,0x21,2,342,2.282,+0.171,-0.017,-0.984,-0.0,+1.6,-0.2,-0.643,+0.022,+0.766,29.0
2025-06-01T15:00:05.716,5.717,343,WG,R_Knee,0x21,2,343,2.282,+0.171,-0.016,-0.986,-0.3,+1.2,-0.2,-0.643,+0.022,+0.765,29.0
2025-06-01T15:00:05.733,5.733,344,WG,R_Knee,0x21,2,344,2.282,+0.171,-0.016,-0.987,-0.3,+0.6,-0.1,-0.644,+0.022,+0.765,29.0
2025-06-01T15:00:05.750,5.750,345,WG,R_Knee,0x21,2,345,2.283,+0.171,-0.016,-0.986,-0.5,+0.4,-0.1,-0.644,+0.022,+0.765,29.0
2025-06-01T15:00:05.766,5.767,346,WG,R_Knee,0x21,2,346,2.283,+0.172,-0.016,-0.984,-0.7,+0.3,-0.2,-0.644,+0.021,+0.765,29.0
2025-06-01T15:00:05.783,5.783,347,WG,R_Knee,0x21,2,347,2.283,+0.173,-0.015,-0.982,-0.6,+0.1,-0.2,-0.644,+0.021,+0.765,29.0
2025-06-01T15:00:05.800,5.800,348,WG,R_Knee,0x21,2,348,2.284,+0.173,-0.015,-0.981,-0.6,-0.0,-0.2,-0.644,+0.021,+0.765,29.0
2025-06-01T15:00:05.816,5.817,349,WG,R_Knee,0x21,2,349,2.284,+0.174,-0.015,-0.980,-0.8,-0.2,-0.2,-0.644,+0.021,+0.765,29.0
2025-06-01T15:00:05.833,5.833,350,WG,R_Knee,0x21,2,350,2.284,+0.174,-0.014,-0.978,-0.7,-0.4,-0.2,-0.644,+0.021,+0.765,29.0
2025-06-01T15:00:05.850,5.850,351,WG,R_Knee,0x21,2,351,2.285,+0.173,-0.014,-0.977,-0.5,-0.4,-0.1,-0.644,+0.021,+0.765,29.0
2025-06-01T15:00:05.866,5.867,352,WG,R_Knee,0x21,2,352,2.285,+0.172,-0.014,-0.976,-0.4,-0.5,-0.1,-0.643,+0.020,+0.765,29.0
2025-06-01T15:00:05.883,5.883,353,WG,R_Knee,0x21,2,353,2.285,+0.171,-0.014,-0.975,-0.4,-0.7,-0.1,-0.643,+0.020,+0.765,29.0
2025-06-01T15:00:05.900,5.900,354,WG,R_Knee,0x21,2,354,2.287,+0.170,-0.014,-0.975,-0.2,-0.6,-0.1,-0.643,+0.020,+0.765,29.0
2025-06-01T15:00:05.916,5.917,355,WG,R_Knee,0x21,2,355,2.287,+0.170,-0.014,-0.975,-0.1,-0.8,-0.0,-0.643,+0.020,+0.766,29.0
2025-06-01T15:00:05.933,5.933,356,WG,R_Knee,0x21,2,356,2.287,+0.170,-0.014,-0.976,-0.1,-1.2,+0.0,-0.643,+0.020,+0.766,29.0
2025-06-01T15:00:05.950,5.950,357,WG,R_Knee,0x21,2,357,2.287,+0.169,-0.014,-0.976,-0.1,-1.3,+0.1,-0.643,+0.020,+0.766,29.0
2025-06-01T15:00:05.966,5.967,358,WG,R_Knee,0x21,2,358,2.287,+0.169,-0.014,-0.977,-0.0,-1.0,+0.1,-0.642,+0.020,+0.766,29.0
2025-06-01T15:00:05.983,5.983,359,WG,R_Knee,0x21,2,359,2.287,+0.168,-0.014,-0.977,-0.0,-0.9,+0.2,-0.642,+0.020,+0.766,29.0
2025-06-01T15:00:06.000,6.000,360,WG,R_Knee,0x21,2,360,2.289,+0.168,-0.014,-0.977,-0.0,-1.2,+0.3,-0.642,+0.020,+0.767,29.0
2025-06-01T15:00:06.016,6.017,361,WG,R_Knee,0x21,2,361,2.289,+0.168,-0.014,-0.977,-0.0,-0.9,+0.2,-0.642,+0.020,+0.767,29.0
2025-06-01T15:00:06.033,6.033,362,WG,R_Knee,0x21,2,362,2.289,+0.168,-0.014,-0.977,+0.0,-0.9,+0.2,-0.641,+0.020,+0.767,29.0
2025-06-01T15:00:06.050,6.050,363,WG,R_Knee,0x21,2,363,2.291,+0.168,-0.014,-0.977,+0.0,-1.2,+0.3,-0.641,+0.020,+0.767,29.0
2025-06-01T15:00:06.066,6.067,364,WG,R_Knee,0x21,2,364,2.291,+0.168,-0.014,-0.977,+0.1,-1.1,+0.3,-0.641,+0.020,+0.767,29.0
2025-06-01T15:00:06.083,6.083,365,WG,R_Knee,0x21,2,365,2.291,+0.168,-0.014,-0.976,+0.2,-0.9,+0.4,-0.641,+0.021,+0.768,29.0
2025-06-01T15:00:06.100,6.100,366,WG,R_Knee,0x21,2,366,2.292,+0.168,-0.014,-0.974,+0.2,-0.5,+0.3,-0.640,+0.021,+0.768,29.0
2025-06-01T15:00:06.116,6.117,367,WG,R_Knee,0x21,2,367,2.292,+0.167,-0.014,-0.974,+0.3,-0.3,+0.4,-0.640,+0.021,+0.768,29.0
2025-06-01T15:00:06.133,6.133,368,WG,R_Knee,0x21,2,368,2.292,+0.167,-0.014,-0.972,+0.6,-0.3,+0.6,-0.640,+0.021,+0.768,29.0
2025-06-01T15:00:06.150,6.150,369,WG,R_Knee,0x21,2,369,2.296,+0.166,-0.014,-0.971,+0.6,-0.0,+0.4,-0.640,+0.021,+0.768,29.0
2025-06-01T15:00:06.166,6.167,370,WG,R_Knee,0x21,2,370,2.296,+0.165,-0.015,-0.970,+0.8,+0.2,+0.5,-0.640,+0.021,+0.768,29.0
2025-06-01T15:00:06.183,6.183,371,WG,R_Knee,0x21,2,371,2.296,+0.165,-0.015,-0.969,+1.3,+0.5,+0.7,-0.640,+0.022,+0.768,29.0
2025-06-01T15:00:06.200,6.200,372,WG,R_Knee,0x21,2,372,2.298,+0.164,-0.016,-0.968,+1.5,+0.9,+0.8,-0.641,+0.022,+0.768,29.0
2025-06-01T15:00:06.216,6.217,373,WG,R_Knee,0x21,2,373,2.298,+0.163,-0.016,-0.969,+1.3,+0.8,+0.7,-0.641,+0.023,+0.767,29.0
2025-06-01T15:00:06.233,6.233,374,WG,R_Knee,0x21,2,374,2.298,+0.163,-0.017,-0.970,+1.4,+0.9,+0.8,-0.641,+0.023,+0.767,29.0
2025-06-01T15:00:06.250,6.250,375,WG,R_Knee,0x21,2,375,2.299,+0.163,-0.017,-0.972,+2.0,+0.9,+1.1,-0.641,+0.024,+0.767,29.0
2025-06-01T15:00:06.266,6.267,376,WG,R_Knee,0x21,2,376,2.299,+0.162,-0.018,-0.974,+2.1,+0.3,+1.2,-0.641,+0.024,+0.767,29.0
2025-06-01T15:00:06.283,6.283,377,WG,R_Knee,0x21,2,377,2.299,+0.161,-0.019,-0.974,+1.7,-0.1,+1.0,-0.641,+0.025,+0.767,29.0
2025-06-01T15:00:06.300,6.300,378,WG,R_Knee,0x21,2,378,2.300,+0.160,-0.020,-0.973,+1.9,-0.3,+1.1,-0.641,+0.025,+0.767,29.0
2025-06-01T15:00:06.316,6.317,379,WG,R_Knee,0x21,2,379,2.300,+0.159,-0.021,-0.971,+2.8,-0.3,+1.7,-0.641,+0.026,+0.767,29.0
2025-06-01T15:00:06.333,6.333,380,WG,R_Knee,0x21,2,380,2.300,+0.158,-0.022,-0.969,+2.2,-0.1,+1.5,-0.641,+0.027,+0.767,29.0
2025-06-01T15:00:06.350,6.350,381,WG,R_Knee,0x21,2,381,2.300,+0.158,-0.022,-0.969,+2.4,-0.0,+1.7,-0.641,+0.028,+0.767,29.0
2025-06-01T15:00:06.366,6.367,382,WG,R_Knee,0x21,2,382,2.300,+0.157,-0.023,-0.972,+3.3,-0.5,+2.6,-0.641,+0.029,+0.767,29.0
2025-06-01T15:00:06.383,6.383,383,WG,R_Knee,0x21,2,383,2.300,+0.157,-0.024,-0.977,+2.5,-0.9,+2.1,-0.641,+0.030,+0.767,29.0
2025-06-01T15:00:06.400,6.400,384,WG,R_Knee,0x21,2,384,2.300,+0.157,-0.025,-0.980,+2.6,-1.9,+2.3,-0.641,+0.031,+0.767,29.0
2025-06-01T15:00:06.416,6.417,385,WG,R_Knee,0x21,2,385,2.300,+0.158,-0.026,-0.982,+3.4,-3.1,+3.3,-0.640,+0.032,+0.768,29.0
2025-06-01T15:00:06.433,6.433,386,WG,R_Knee,0x21,2,386,2.300,+0.157,-0.028,-0.981,+3.4,-3.2,+3.7,-0.639,+0.034,+0.768,29.0
2025-06-01T15:00:06.450,6.450,387,WG,R_Knee,0x21,2,387,2.298,+0.156,-0.029,-0.980,+2.5,-2.1,+3.1,-0.638,+0.035,+0.769,29.0
2025-06-01T15:00:06.466,6.467,388,WG,R_Knee,0x21,2,388,2.298,+0.156,-0.030,-0.981,+2.3,-1.8,+3.5,-0.638,+0.036,+0.769,29.0
2025-06-01T15:00:06.483,6.483,389,WG,R_Knee,0x21,2,389,2.298,+0.155,-0.030,-0.985,+2.9,-2.6,+5.0,-0.638,+0.038,+0.770,29.0
2025-06-01T15:00:06.500,6.500,390,WG,R_Knee,0x21,2,390,2.297,+0.155,-0.032,-0.989,+2.0,-2.4,+4.0,-0.637,+0.039,+0.770,29.0
2025-06-01T15:00:06.516,6.517,391,WG,R_Knee,0x21,2,391,2.297,+0.155,-0.032,-0.990,+1.8,-3.0,+4.3,-0.636,+0.040,+0.770,29.0
2025-06-01T15:00:06.533,6.533,392,WG,R_Knee,0x21,2,392,2.297,+0.154,-0.034,-0.988,+2.3,-4.1,+6.0,-0.635,+0.042,+0.771,29.0
2025-06-01T15:00:06.550,6.550,393,WG,R_Knee,0x21,2,393,2.295,+0.151,-0.035,-0.979,+2.5,-3.3,+6.3,-0.634,+0.043,+0.772,29.0
2025-06-01T15:00:06.566,6.567,394,WG,R_Knee,0x21,2,394,2.295,+0.150,-0.036,-0.967,+2.0,-1.4,+4.9,-0.634,+0.045,+0.772,29.0
2025-06-01T15:00:06.583,6.583,395,WG,R_Knee,0x21,2,395,2.295,+0.150,-0.036,-0.962,+2.4,+0.4,+5.1,-0.634,+0.046,+0.772,29.0
2025-06-01T15:00:06.600,6.600,396,WG,R_Knee,0x21,2,396,2.290,+0.151,-0.037,-0.954,+3.6,+2.3,+6.8,-0.634,+0.048,+0.772,29.0
2025-06-01T15:00:06.616,6.617,397,WG,R_Knee,0x21,2,397,2.290,+0.152,-0.038,-0.952,+4.2,+4.0,+6.7,-0.634,+0.050,+0.771,29.0
2025-06-01T15:00:06.633,6.633,398,WG,R_Knee,0x21,2,398,2.290,+0.155,-0.039,-0.952,+3.5,+3.8,+5.0,-0.635,+0.052,+0.770,29.0
2025-06-01T15:00:06.650,6.650,399,WG,R_Knee,0x21,2,399,2.287,+0.157,-0.040,-0.952,+3.9,+4.7,+4.8,-0.636,+0.053,+0.770,29.0
2025-06-01T15:00:06.666,6.667,400,WG,R_Knee,0x21,2,400,2.287,+0.161,-0.041,-0.953,+5.5,+7.6,+6.3,-0.637,+0.056,+0.769,29.0
2025-06-01T15:00:06.683,6.683,401,WG,R_Knee,0x21,2,401,2.287,+0.166,-0.043,-0.952,+5.8,+10.1,+6.2,-0.639,+0.058,+0.767,29.0
2025-06-01T15:00:06.700,6.700,402,WG,R_Knee,0x21,2,402,2.284,+0.170,-0.045,-0.953,+4.4,+9.3,+4.6,-0.642,+0.061,+0.765,29.0
2025-06-01T15:00:06.716,6.717,403,WG,R_Knee,0x21,2,403,2.284,+0.170,-0.047,-0.954,+4.4,+11.7,+4.8,-0.643,+0.062,+0.763,29.0
2025-06-01T15:00:06.733,6.733,404,WG,R_Knee,0x21,2,404,2.284,+0.170,-0.049,-0.960,+5.6,+17.5,+6.8,-0.647,+0.064,+0.760,29.0
2025-06-01T15:00:06.750,6.750,405,WG,R_Knee,0x21,2,405,2.280,+0.169,-0.051,-0.969,+5.1,+19.3,+7.2,-0.651,+0.067,+0.756,29.0
2025-06-01T15:00:06.766,6.767,406,WG,R_Knee,0x21,2,406,2.280,+0.169,-0.053,-0.977,+3.5,+15.3,+5.7,-0.655,+0.069,+0.753,29.0
2025-06-01T15:00:06.783,6.783,407,WG,R_Knee,0x21,2,407,2.280,+0.169,-0.054,-0.980,+2.9,+16.1,+6.1,-0.657,+0.071,+0.751,29.0
2025-06-01T15:00:06.800,6.800,408,WG,R_Knee,0x21,2,408,2.276,+0.171,-0.054,-0.985,+3.3,+22.0,+8.5,-0.662,+0.073,+0.746,29.0
2025-06-01T15:00:06.816,6.817,409,WG,R_Knee,0x21,2,409,2.276,+0.174,-0.055,-0.988,+2.0,+16.6,+6.6,-0.666,+0.075,+0.742,29.0
2025-06-01T15:00:06.833,6.833,410,WG,R_Knee,0x21,2,410,2.276,+0.178,-0.055,-0.988,+1.6,+16.1,+6.7,-0.669,+0.076,+0.740,29.0
2025-06-01T15:00:06.850,6.850,411,WG,R_Knee,0x21,2,411,2.273,+0.187,-0.056,-0.988,+1.8,+20.1,+8.9,-0.673,+0.079,+0.736,29.0
2025-06-01T15:00:06.866,6.867,412,WG,R_Knee,0x21,2,412,2.273,+0.200,-0.057,-0.985,+1.2,+13.8,+6.6,-0.677,+0.081,+0.732,29.0
2025-06-01T15:00:06.883,6.883,413,WG,R_Knee,0x21,2,413,2.273,+0.207,-0.058,-0.983,+1.2,+11.2,+6.2,-0.678,+0.082,+0.730,29.0
2025-06-01T15:00:06.900,6.900,414,WG,R_Knee,0x21,2,414,2.269,+0.221,-0.058,-0.978,+1.7,+12.1,+7.7,-0.681,+0.084,+0.727,29.0
2025-06-01T15:00:06.916,6.917,415,WG,R_Knee,0x21,2,415,2.269,+0.236,-0.059,-0.972,+1.4,+7.0,+5.3,-0.683,+0.086,+0.725,29.0
2025-06-01T15:00:06.933,6.933,416,WG,R_Knee,0x21,2,416,2.269,+0.243,-0.059,-0.969,+1.6,+4.6,+4.5,-0.684,+0.086,+0.724,29.0
2025-06-01T15:00:06.950,6.950,417,WG,R_Knee,0x21,2,417,2.265,+0.255,-0.061,-0.964,+2.4,+4.2,+5.3,-0.685,+0.088,+0.723,29.0
2025-06-01T15:00:06.966,6.967,418,WG,R_Knee,0x21,2,418,2.265,+0.261,-0.062,-0.959,+2.7,+2.5,+4.5,-0.685,+0.089,+0.723,29.0
2025-06-01T15:00:06.983,6.983,419,WG,R_Knee,0x21,2,419,2.265,+0.261,-0.064,-0.954,+2.2,+1.5,+3.0,-0.686,+0.091,+0.722,29.0
2025-06-01T15:00:07.000,7.000,420,WG,R_Knee,0x21,2,420,2.261,+0.259,-0.065,-0.951,+2.4,+2.1,+2.6,-0.686,+0.092,+0.722,29.0
2025-06-01T15:00:07.016,7.017,421,WG,R_Knee,0x21,2,421,2.261,+0.254,-0.066,-0.948,+3.3,+4.1,+3.1,-0.686,+0.093,+0.721,29.0
2025-06-01T15:00:07.033,7.033,422,WG,R_Knee,0x21,2,422,2.261,+0.249,-0.067,-0.948,+2.5,+4.3,+2.1,-0.687,+0.094,+0.720,29.0
2025-06-01T15:00:07.050,7.050,423,WG,R_Knee,0x21,2,423,2.253,+0.247,-0.067,-0.950,+2.4,+5.9,+1.9,-0.688,+0.095,+0.719,29.0
2025-06-01T15:00:07.066,7.067,424,WG,R_Knee,0x21,2,424,2.253,+0.244,-0.068,-0.955,+3.0,+8.8,+2.3,-0.690,+0.096,+0.718,29.0
2025-06-01T15:00:07.083,7.083,425,WG,R_Knee,0x21,2,425,2.253,+0.243,-0.069,-0.961,+2.7,+9.5,+2.0,-0.692,+0.097,+0.716,29.0
2025-06-01T15:00:07.100,7.100,426,WG,R_Knee,0x21,2,426,2.249,+0.244,-0.070,-0.964,+1.9,+7.2,+1.3,-0.694,+0.098,+0.714,29.0
2025-06-01T15:00:07.116,7.117,427,WG,R_Knee,0x21,2,427,2.249,+0.246,-0.070,-0.964,+1.7,+7.0,+1.0,-0.695,+0.098,+0.713,29.0
2025-06-01T15:00:07.133,7.133,428,WG,R_Knee,0x21,2,428,2.249,+0.250,-0.071,-0.963,+2.3,+8.8,+1.0,-0.696,+0.099,+0.711,29.0
2025-06-01T15:00:07.150,7.150,429,WG,R_Knee,0x21,2,429,2.245,+0.255,-0.071,-0.961,+1.7,+6.0,+0.4,-0.698,+0.100,+0.709,29.0
2025-06-01T15:00:07.166,7.167,430,WG,R_Knee,0x21,2,430,2.245,+0.258,-0.071,-0.961,+1.7,+4.8,-0.1,-0.699,+0.100,+0.708,29.0
2025-06-01T15:00:07.183,7.183,431,WG,R_Knee,0x21,2,431,2.245,+0.262,-0.071,-0.961,+2.3,+5.1,-0.7,-0.700,+0.100,+0.707,29.0
2025-06-01T15:00:07.200,7.200,432,WG,R_Knee,0x21,2,432,2.241,+0.265,-0.072,-0.962,+2.2,+3.3,-1.3,-0.701,+0.101,+0.706,29.0
2025-06-01T15:00:07.216,7.217,433,WG,R_Knee,0x21,2,433,2.241,+0.265,-0.072,-0.963,+1.6,+1.5,-1.3,-0.702,+0.101,+0.705,29.0
2025-06-01T15:00:07.233,7.233,434,WG,R_Knee,0x21,2,434,2.241,+0.265,-0.073,-0.963,+1.5,+0.4,-1.6,-0.702,+0.101,+0.705,29.0
2025-06-01T15:00:07.250,7.250,435,WG,R_Knee,0x21,2,435,2.235,+0.263,-0.074,-0.962,+2.0,-0.2,-2.4,-0.702,+0.101,+0.705,29.0
2025-06-01T15:00:07.266,7.267,436,WG,R_Knee,0x21,2,436,2.235,+0.260,-0.075,-0.961,+1.9,-0.8,-2.7,-0.702,+0.101,+0.705,29.0
2025-06-01T15:00:07.283,7.283,437,WG,R_Knee,0x21,2,437,2.235,+0.258,-0.075,-0.960,+1.3,-0.7,-2.2,-0.702,+0.100,+0.705,29.0
2025-06-01T15:00:07.300,7.300,438,WG,R_Knee,0x21,2,438,2.232,+0.256,-0.076,-0.960,+1.2,-0.7,-2.3,-0.702,+0.100,+0.705,29.0
2025-06-01T15:00:07.316,7.317,439,WG,R_Knee,0x21,2,439,2.232,+0.254,-0.077,-0.961,+1.4,-1.0,-3.3,-0.702,+0.100,+0.706,29.0
2025-06-01T15:00:07.333,7.333,440,WG,R_Knee,0x21,2,440,2.232,+0.252,-0.077,-0.962,+1.2,-1.4,-3.5,-0.701,+0.099,+0.706,29.0
2025-06-01T15:00:07.350,7.350,441,WG,R_Knee,0x21,2,441,2.229,+0.251,-0.077,-0.963,+0.8,-1.3,-2.7,-0.701,+0.099,+0.706,29.0
2025-06-01T15:00:07.366,7.367,442,WG,R_Knee,0x21,2,442,2.229,+0.251,-0.077,-0.964,+0.6,-1.7,-2.9,-0.701,+0.099,+0.706,29.0
2025-06-01T15:00:07.383,7.383,443,WG,R_Knee,0x21,2,443,2.229,+0.251,-0.077,-0.964,+0.6,-2.5,-4.0,-0.701,+0.098,+0.707,29.0
2025-06-01T15:00:07.400,7.400,444,WG,R_Knee,0x21,2,444,2.227,+0.251,-0.076,-0.965,+0.3,-2.0,-3.1,-0.700,+0.097,+0.707,29.0
2025-06-01T15:00:07.416,7.417,445,WG,R_Knee,0x21,2,445,2.227,+0.251,-0.076,-0.965,+0.1,-2.3,-3.2,-0.700,+0.097,+0.708,29.0
2025-06-01T15:00:07.433,7.433,446,WG,R_Knee,0x21,2,446,2.227,+0.251,-0.075,-0.967,-0.1,-3.5,-4.4,-0.700,+0.096,+0.708,29.0
2025-06-01T15:00:07.450,7.450,447,WG,R_Knee,0x21,2,447,2.225,+0.250,-0.075,-0.968,-0.4,-4.4,-4.5,-0.699,+0.095,+0.709,29.0
2025-06-01T15:00:07.466,7.467,448,WG,R_Knee,0x21,2,448,2.225,+0.248,-0.074,-0.970,-0.4,-3.8,-3.4,-0.698,+0.094,+0.710,29.0
2025-06-01T15:00:07.483,7.483,449,WG,R_Knee,0x21,2,449,2.225,+0.247,-0.074,-0.970,-0.6,-4.6,-3.4,-0.697,+0.093,+0.711,29.0
2025-06-01T15:00:07.500,7.500,450,WG,R_Knee,0x21,2,450,2.222,+0.244,-0.074,-0.970,-1.0,-7.0,-4.6,-0.696,+0.092,+0.712,29.0
2025-06-01T15:00:07.516,7.517,451,WG,R_Knee,0x21,2,451,2.222,+0.242,-0.073,-0.969,-1.1,-7.8,-4.5,-0.695,+0.091,+0.713,29.0
2025-06-01T15:00:07.533,7.533,452,WG,R_Knee,0x21,2,452,2.222,+0.239,-0.073,-0.965,-0.8,-6.1,-3.3,-0.693,+0.090,+0.715,29.0
2025-06-01T15:00:07.550,7.550,453,WG,R_Knee,0x21,2,453,2.221,+0.238,-0.072,-0.963,-0.7,-6.1,-3.3,-0.692,+0.090,+0.716,29.0
2025-06-01T15:00:07.566,7.567,454,WG,R_Knee,0x21,2,454,2.221,+0.234,-0.072,-0.959,-0.9,-7.9,-4.4,-0.691,+0.088,+0.718,29.0
2025-06-01T15:00:07.583,7.583,455,WG,R_Knee,0x21,2,455,2.221,+0.230,-0.071,-0.956,-0.6,-5.7,-3.3,-0.689,+0.087,+0.719,29.0
2025-06-01T15:00:07.600,7.600,456,WG,R_Knee,0x21,2,456,2.220,+0.228,-0.071,-0.955,-0.5,-5.2,-3.3,-0.689,+0.087,+0.720,29.0
2025-06-01T15:00:07.616,7.617,457,WG,R_Knee,0x21,2,457,2.220,+0.225,-0.071,-0.954,-0.5,-6.3,-4.4,-0.687,+0.086,+0.721,29.0
2025-06-01T15:00:07.633,7.633,458,WG,R_Knee,0x21,2,458,2.220,+0.223,-0.070,-0.954,-0.5,-5.5,-4.4,-0.686,+0.085,+0.722,29.0
2025-06-01T15:00:07.650,7.650,459,WG,R_Knee,0x21,2,459,2.220,+0.222,-0.070,-0.956,-0.4,-3.6,-3.2,-0.685,+0.084,+0.723,29.0
2025-06-01T15:00:07.666,7.667,460,WG,R_Knee,0x21,2,460,2.220,+0.221,-0.070,-0.958,-0.4,-3.2,-3.2,-0.685,+0.083,+0.724,29.0
2025-06-01T15:00:07.683,7.683,461,WG,R_Knee,0x21,2,461,2.220,+0.221,-0.070,-0.961,-0.6,-4.1,-4.2,-0.684,+0.083,+0.725,29.0
2025-06-01T15:00:07.700,7.700,462,WG,R_Knee,0x21,2,462,2.221,+0.221,-0.070,-0.964,-0.8,-4.1,-4.1,-0.683,+0.082,+0.726,29.0
2025-06-01T15:00:07.716,7.717,463,WG,R_Knee,0x21,2,463,2.221,+0.219,-0.070,-0.966,-0.7,-3.1,-3.0,-0.683,+0.081,+0.726,29.0
2025-06-01T15:00:07.733,7.733,464,WG,R_Knee,0x21,2,464,2.221,+0.218,-0.070,-0.967,-0.8,-3.1,-3.0,-0.682,+0.080,+0.727,29.0
2025-06-01T15:00:07.750,7.750,465,WG,R_Knee,0x21,2,465,2.222,+0.215,-0.069,-0.968,-1.1,-4.1,-3.9,-0.681,+0.079,+0.728,29.0
2025-06-01T15:00:07.766,7.767,466,WG,R_Knee,0x21,2,466,2.222,+0.212,-0.069,-0.968,-1.3,-4.0,-3.7,-0.681,+0.078,+0.729,29.0
2025-06-01T15:00:07.783,7.783,467,WG,R_Knee,0x21,2,467,2.222,+0.210,-0.068,-0.969,-1.0,-3.0,-2.6,-0.680,+0.077,+0.729,29.0
2025-06-01T15:00:07.800,7.800,468,WG,R_Knee,0x21,2,468,2.224,+0.210,-0.068,-0.968,-1.0,-2.9,-2.5,-0.679,+0.077,+0.730,29.0
2025-06-01T15:00:07.816,7.817,469,WG,R_Knee,0x21,2,469,2.224,+0.210,-0.067,-0.967,-1.4,-3.7,-3.1,-0.679,+0.076,+0.731,29.0
2025-06-01T15:00:07.833,7.833,470,WG,R_Knee,0x21,2,470,2.224,+0.209,-0.066,-0.965,-1.1,-2.6,-2.2,-0.678,+0.075,+0.731,29.0
2025-06-01T15:00:07.850,7.850,471,WG,R_Knee,0x21,2,471,2.229,+0.209,-0.065,-0.965,-1.0,-2.3,-2.2,-0.678,+0.074,+0.732,29.0
2025-06-01T15:00:07.866,7.867,472,WG,R_Knee,0x21,2,472,2.229,+0.209,-0.064,-0.964,-1.3,-2.9,-2.9,-0.677,+0.073,+0.732,29.0
2025-06-01T15:00:07.883,7.883,473,WG,R_Knee,0x21,2,473,2.229,+0.209,-0.063,-0.964,-1.0,-2.0,-2.2,-0.677,+0.073,+0.733,29.0
2025-06-01T15:00:07.900,7.900,474,WG,R_Knee,0x21,2,474,2.232,+0.209,-0.063,-0.964,-0.9,-1.9,-2.2,-0.676,+0.072,+0.733,29.0
2025-06-01T15:00:07.916,7.917,475,WG,R_Knee,0x21,2,475,2.232,+0.210,-0.062,-0.962,-1.0,-2.2,-2.9,-0.676,+0.071,+0.734,29.0
2025-06-01T15:00:07.933,7.933,476,WG,R_Knee,0x21,2,476,2.232,+0.210,-0.061,-0.960,-0.8,-1.6,-2.9,-0.675,+0.071,+0.734,29.0
2025-06-01T15:00:07.950,7.950,477,WG,R_Knee,0x21,2,477,2.236,+0.210,-0.061,-0.958,-0.5,-0.7,-2.2,-0.675,+0.070,+0.734,29.0
2025-06-01T15:00:07.966,7.967,478,WG,R_Knee,0x21,2,478,2.236,+0.209,-0.061,-0.957,-0.3,+0.0,-2.2,-0.675,+0.070,+0.734,29.0
2025-06-01T15:00:07.983,7.983,479,WG,R_Knee,0x21,2,479,2.236,+0.209,-0.060,-0.957,-0.3,+0.7,-2.9,-0.675,+0.069,+0.734,29.0
2025-06-01T15:00:08.000,8.000,480,WG,R_Knee,0x21,2,480,2.241,+0.210,-0.060,-0.957,-0.1,+1.0,-2.2,-0.676,+0.068,+0.734,29.0
2025-06-01T15:00:08.016,8.017,481,WG,R_Knee,0x21,2,481,2.241,+0.210,-0.060,-0.958,-0.0,+1.4,-2.2,-0.676,+0.068,+0.734,29.0
2025-06-01T15:00:08.033,8.033,482,WG,R_Knee,0x21,2,482,2.241,+0.211,-0.060,-0.960,-0.0,+2.1,-3.0,-0.676,+0.067,+0.733,29.0
2025-06-01T15:00:08.050,8.050,483,WG,R_Knee,0x21,2,483,2.245,+0.212,-0.060,-0.963,-0.0,+2.2,-3.1,-0.677,+0.067,+0.733,29.0
2025-06-01T15:00:08.066,8.067,484,WG,R_Knee,0x21,2,484,2.245,+0.213,-0.060,-0.965,-0.1,+1.6,-2.3,-0.677,+0.066,+0.733,29.0
2025-06-01T15:00:08.083,8.083,485,WG,R_Knee,0x21,2,485,2.245,+0.214,-0.059,-0.966,-0.2,+1.4,-2.3,-0.678,+0.066,+0.732,29.0
2025-06-01T15:00:08.100,8.100,486,WG,R_Knee,0x21,2,486,2.255,+0.215,-0.059,-0.969,-0.4,+1.6,-3.0,-0.678,+0.065,+0.732,29.0
2025-06-01T15:00:08.116,8.117,487,WG,R_Knee,0x21,2,487,2.255,+0.216,-0.058,-0.972,-0.6,+0.8,-3.1,-0.678,+0.064,+0.732,29.0
2025-06-01T15:00:08.133,8.133,488,WG,R_Knee,0x21,2,488,2.255,+0.217,-0.058,-0.975,-0.6,+0.1,-2.4,-0.679,+0.064,+0.732,29.0
2025-06-01T15:00:08.150,8.150,489,WG,R_Knee,0x21,2,489,2.257,+0.217,-0.058,-0.975,-0.7,-0.5,-2.4,-0.679,+0.063,+0.732,29.0
2025-06-01T15:00:08.166,8.167,490,WG,R_Knee,0x21,2,490,2.257,+0.216,-0.058,-0.973,-0.9,-1.1,-3.2,-0.678,+0.062,+0.732,29.0
2025-06-01T15:00:08.183,8.183,491,WG,R_Knee,0x21,2,491,2.257,+0.215,-0.058,-0.969,-0.6,-1.0,-2.4,-0.678,+0.062,+0.732,29.0
2025-06-01T15:00:08.200,8.200,492,WG,R_Knee,0x21,2,492,2.262,+0.214,-0.058,-0.966,-0.5,-0.9,-2.3,-0.678,+0.061,+0.732,29.0
2025-06-01T15:00:08.216,8.217,493,WG,R_Knee,0x21,2,493,2.262,+0.212,-0.057,-0.962,-0.5,-0.8,-2.9,-0.678,+0.061,+0.733,29.0
2025-06-01T15:00:08.233,8.233,494,WG,R_Knee,0x21,2,494,2.262,+0.212,-0.057,-0.959,-0.3,-0.3,-2.8,-0.678,+0.060,+0.733,29.0
2025-06-01T15:00:08.250,8.250,495,WG,R_Knee,0x21,2,495,2.268,+0.212,-0.056,-0.958,-0.1,-0.2,-2.2,-0.678,+0.059,+0.733,29.0
2025-06-01T15:00:08.266,8.267,496,WG,R_Knee,0x21,2,496,2.268,+0.213,-0.057,-0.957,+0.3,-0.6,-2.4,-0.678,+0.059,+0.733,29.0
2025-06-01T15:00:08.283,8.283,497,WG,R_Knee,0x21,2,497,2.268,+0.213,-0.058,-0.952,+1.2,-1.4,-3.5,-0.678,+0.058,+0.733,29.0
2025-06-01T15:00:08.300,8.300,498,WG,R_Knee,0x21,2,498,2.274,+0.214,-0.060,-0.941,+2.5,-1.9,-3.9,-0.677,+0.058,+0.733,29.0
2025-06-01T15:00:08.316,8.317,499,WG,R_Knee,0x21,2,499,2.274,+0.217,-0.061,-0.927,+2.7,-1.4,-3.3,-0.677,+0.058,+0.734,29.0
2025-06-01T15:00:08.333,8.333,500,WG,R_Knee,0x21,2,500,2.274,+0.219,-0.061,-0.921,+4.0,-1.3,-3.8,-0.677,+0.058,+0.734,29.0
2025-06-01T15:00:08.350,8.350,501,WG,R_Knee,0x21,2,501,2.280,+0.224,-0.060,-0.916,+6.4,-2.0,-5.8,-0.677,+0.058,+0.734,29.0
2025-06-01T15:00:08.366,8.367,502,WG,R_Knee,0x21,2,502,2.280,+0.228,-0.060,-0.919,+7.7,-2.9,-6.7,-0.676,+0.058,+0.734,29.0
2025-06-01T15:00:08.383,8.383,503,WG,R_Knee,0x21,2,503,2.280,+0.229,-0.061,-0.925,+6.4,-2.8,-5.5,-0.676,+0.059,+0.735,29.0
2025-06-01T15:00:08.400,8.400,504,WG,R_Knee,0x21,2,504,2.292,+0.228,-0.061,-0.928,+7.1,-3.2,-5.9,-0.675,+0.059,+0.735,29.0
2025-06-01T15:00:08.416,8.417,505,WG,R_Knee,0x21,2,505,2.292,+0.225,-0.064,-0.932,+9.9,-4.1,-8.1,-0.674,+0.060,+0.736,29.0
2025-06-01T15:00:08.433,8.433,506,WG,R_Knee,0x21,2,506,2.292,+0.221,-0.065,-0.937,+7.7,-2.7,-6.1,-0.674,+0.060,+0.736,29.0
2025-06-01T15:00:08.450,8.450,507,WG,R_Knee,0x21,2,507,2.298,+0.219,-0.066,-0.941,+7.7,-1.8,-6.0,-0.674,+0.060,+0.737,29.0
2025-06-01T15:00:08.466,8.467,508,WG,R_Knee,0x21,2,508,2.298,+0.212,-0.067,-0.952,+9.8,-1.2,-7.6,-0.673,+0.061,+0.737,29.0
2025-06-01T15:00:08.483,8.483,509,WG,R_Knee,0x21,2,509,2.298,+0.205,-0.069,-0.966,+8.8,+0.7,-6.9,-0.673,+0.062,+0.737,29.0
2025-06-01T15:00:08.500,8.500,510,WG,R_Knee,0x21,2,510,2.304,+0.198,-0.071,-0.981,+5.8,+1.7,-4.7,-0.674,+0.062,+0.736,29.0
2025-06-01T15:00:08.516,8.517,511,WG,R_Knee,0x21,2,511,2.304,+0.194,-0.072,-0.988,+4.6,+3.2,-3.9,-0.674,+0.062,+0.736,29.0
2025-06-01T15:00:08.533,8.533,512,WG,R_Knee,0x21,2,512,2.304,+0.188,-0.076,-0.998,+5.1,+5.3,-4.3,-0.675,+0.063,+0.735,29.0
2025-06-01T15:00:08.550,8.550,513,WG,R_Knee,0x21,2,513,2.309,+0.185,-0.081,-1.001,+3.7,+6.5,-3.1,-0.677,+0.063,+0.734,29.0
2025-06-01T15:00:08.566,8.567,514,WG,R_Knee,0x21,2,514,2.309,+0.186,-0.084,-0.998,+2.1,+5.5,-1.7,-0.678,+0.063,+0.732,29.0
2025-06-01T15:00:08.583,8.583,515,WG,R_Knee,0x21,2,515,2.309,+0.187,-0.085,-0.996,+1.3,+6.0,-1.1,-0.679,+0.063,+0.731,29.0
2025-06-01T15:00:08.600,8.600,516,WG,R_Knee,0x21,2,516,2.314,+0.193,-0.085,-0.997,+1.0,+7.5,-1.2,-0.681,+0.063,+0.730,29.0
2025-06-01T15:00:08.616,8.617,517,WG,R_Knee,0x21,2,517,2.314,+0.200,-0.085,-1.001,+0.1,+5.6,-1.2,-0.682,+0.063,+0.728,29.0
2025-06-01T15:00:08.633,8.633,518,WG,R_Knee,0x21,2,518,2.314,+0.205,-0.085,-1.003,-0.4,+2.7,-0.9,-0.683,+0.063,+0.728,29.0
2025-06-01T15:00:08.650,8.650,519,WG,R_Knee,0x21,2,519,2.322,+0.207,-0.085,-1.001,-0.8,+0.7,-1.0,-0.683,+0.062,+0.727,29.0
2025-06-01T15:00:08.666,8.667,520,WG,R_Knee,0x21,2,520,2.322,+0.210,-0.084,-0.994,-1.3,-0.5,-1.3,-0.684,+0.062,+0.727,29.0
2025-06-01T15:00:08.683,8.683,521,WG,R_Knee,0x21,2,521,2.322,+0.212,-0.083,-0.984,-1.5,-1.9,-1.4,-0.683,+0.061,+0.728,29.0
2025-06-01T15:00:08.700,8.700,522,WG,R_Knee,0x21,2,522,2.326,+0.213,-0.081,-0.979,-1.2,-2.1,-1.1,-0.683,+0.061,+0.728,29.0
2025-06-01T15:00:08.716,8.717,523,WG,R_Knee,0x21,2,523,2.326,+0.214,-0.080,-0.978,-1.3,-3.2,-1.2,-0.682,+0.061,+0.728,29.0
2025-06-01T15:00:08.733,8.733,524,WG,R_Knee,0x21,2,524,2.326,+0.213,-0.078,-0.979,-2.0,-5.5,-1.7,-0.681,+0.060,+0.729,29.0
2025-06-01T15:00:08.750,8.750,525,WG,R_Knee,0x21,2,525,2.328,+0.211,-0.076,-0.981,-1.7,-4.9,-1.3,-0.680,+0.059,+0.731,29.0
2025-06-01T15:00:08.766,8.767,526,WG,R_Knee,0x21,2,526,2.328,+0.210,-0.075,-0.981,-2.0,-5.5,-1.2,-0.679,+0.059,+0.731,29.0
2025-06-01T15:00:08.783,8.783,527,WG,R_Knee,0x21,2,527,2.328,+0.208,-0.074,-0.981,-2.9,-7.7,-1.4,-0.678,+0.058,+0.733,29.0
2025-06-01T15:00:08.800,8.800,528,WG,R_Knee,0x21,2,528,2.330,+0.206,-0.073,-0.979,-2.3,-6.0,-0.8,-0.676,+0.057,+0.735,29.0
2025-06-01T15:00:08.816,8.817,529,WG,R_Knee,0x21,2,529,2.330,+0.204,-0.073,-0.979,-2.5,-6.3,-0.7,-0.675,+0.056,+0.735,29.0
2025-06-01T15:00:08.833,8.833,530,WG,R_Knee,0x21,2,530,2.330,+0.202,-0.072,-0.977,-3.4,-8.6,-0.8,-0.674,+0.055,+0.737,29.0
2025-06-01T15:00:08.850,8.850,531,WG,R_Knee,0x21,2,531,2.332,+0.199,-0.071,-0.974,-3.4,-8.9,-0.7,-0.672,+0.055,+0.739,29.0
2025-06-01T15:00:08.866,8.867,532,WG,R_Knee,0x21,2,532,2.332,+0.196,-0.070,-0.970,-2.4,-6.8,-0.5,-0.670,+0.054,+0.741,29.0
2025-06-01T15:00:08.883,8.883,533,WG,R_Knee,0x21,2,533,2.332,+0.195,-0.070,-0.967,-2.2,-6.8,-0.6,-0.669,+0.053,+0.742,29.0
2025-06-01T15:00:08.900,8.900,534,WG,R_Knee,0x21,2,534,2.332,+0.193,-0.070,-0.963,-2.6,-8.9,-0.8,-0.667,+0.053,+0.743,29.0
2025-06-01T15:00:08.916,8.917,535,WG,R_Knee,0x21,2,535,2.332,+0.190,-0.070,-0.959,-1.7,-6.5,-0.7,-0.665,+0.052,+0.745,29.0
2025-06-01T15:00:08.933,8.933,536,WG,R_Knee,0x21,2,536,2.332,+0.189,-0.069,-0.958,-1.5,-6.0,-0.8,-0.664,+0.052,+0.746,29.0
2025-06-01T15:00:08.950,8.950,537,WG,R_Knee,0x21,2,537,2.332,+0.185,-0.069,-0.958,-1.8,-7.8,-1.1,-0.662,+0.051,+0.747,29.0
2025-06-01T15:00:08.966,8.967,538,WG,R_Knee,0x21,2,538,2.332,+0.183,-0.069,-0.962,-1.4,-8.4,-1.0,-0.661,+0.050,+0.749,29.0
2025-06-01T15:00:08.983,8.983,539,WG,R_Knee,0x21,2,539,2.332,+0.181,-0.070,-0.965,-0.7,-7.3,-0.8,-0.659,+0.050,+0.751,29.0
2025-06-01T15:00:09.000,9.000,540,WG,R_Knee,0x21,2,540,2.331,+0.180,-0.070,-0.964,+0.2,-9.4,-1.1,-0.657,+0.050,+0.752,29.0
2025-06-01T15:00:09.016,9.017,541,WG,R_Knee,0x21,2,541,2.331,+0.180,-0.071,-0.952,+1.6,-14.0,-2.3,-0.655,+0.050,+0.754,29.0
2025-06-01T15:00:09.033,9.033,542,WG,R_Knee,0x21,2,542,2.331,+0.184,-0.070,-0.928,+3.9,-14.5,-3.6,-0.651,+0.050,+0.757,29.0
2025-06-01T15:00:09.050,9.050,543,WG,R_Knee,0x21,2,543,2.329,+0.192,-0.070,-0.897,+4.6,-10.3,-3.5,-0.648,+0.050,+0.760,29.0
2025-06-01T15:00:09.066,9.067,544,WG,R_Knee,0x21,2,544,2.329,+0.197,-0.070,-0.883,+7.0,-8.8,-4.6,-0.647,+0.050,+0.761,29.0
2025-06-01T15:00:09.083,9.083,545,WG,R_Knee,0x21,2,545,2.329,+0.208,-0.070,-0.861,+11.8,-10.0,-7.2,-0.645,+0.051,+0.763,29.0
2025-06-01T15:00:09.100,9.100,546,WG,R_Knee,0x21,2,546,2.327,+0.218,-0.073,-0.845,+10.7,-6.2,-6.2,-0.643,+0.053,+0.764,29.0
2025-06-01T15:00:09.116,9.117,547,WG,R_Knee,0x21,2,547,2.327,+0.223,-0.074,-0.836,+13.5,-4.5,-7.7,-0.642,+0.054,+0.765,29.0
2025-06-01T15:00:09.133,9.133,548,WG,R_Knee,0x21,2,548,2.327,+0.233,-0.077,-0.810,+21.9,-4.7,-12.8,-0.641,+0.056,+0.766,29.0
2025-06-01T15:00:09.150,9.150,549,WG,R_Knee,0x21,2,549,2.325,+0.243,-0.081,-0.768,+29.1,-3.8,-17.7,-0.640,+0.059,+0.766,29.0
2025-06-01T15:00:09.166,9.167,550,WG,R_Knee,0x21,2,550,2.325,+0.251,-0.089,-0.715,+26.9,-2.6,-16.6,-0.640,+0.062,+0.766,29.0
2025-06-01T15:00:09.183,9.183,551,WG,R_Knee,0x21,2,551,2.325,+0.254,-0.094,-0.687,+35.6,-2.3,-21.4,-0.640,+0.064,+0.766,29.0
2025-06-01T15:00:09.200,9.200,552,WG,R_Knee,0x21,2,552,2.322,+0.261,-0.111,-0.631,+57.3,-1.5,-33.1,-0.640,+0.070,+0.765,29.0
2025-06-01T15:00:09.216,9.217,553,WG,R_Knee,0x21,2,553,2.322,+0.268,-0.136,-0.578,+71.1,+1.7,-38.7,-0.640,+0.078,+0.764,29.0
2025-06-01T15:00:09.233,9.233,554,WG,R_Knee,0x21,2,554,2.322,+0.277,-0.171,-0.533,+61.4,+3.9,-32.0,-0.642,+0.087,+0.761,29.0
2025-06-01T15:00:09.250,9.250,555,WG,R_Knee,0x21,2,555,2.316,+0.282,-0.191,-0.517,+72.2,+6.9,-35.3,-0.644,+0.093,+0.760,29.0
2025-06-01T15:00:09.266,9.267,556,WG,R_Knee,0x21,2,556,2.316,+0.291,-0.240,-0.502,+106.5,+12.4,-49.4,-0.647,+0.106,+0.755,29.0
2025-06-01T15:00:09.283,9.283,557,WG,R_Knee,0x21,2,557,2.316,+0.299,-0.295,-0.513,+87.0,+11.4,-38.1,-0.652,+0.121,+0.748,29.0
2025-06-01T15:00:09.300,9.300,558,WG,R_Knee,0x21,2,558,2.315,+0.303,-0.323,-0.527,+94.5,+13.0,-37.1,-0.655,+0.129,+0.745,29.0
2025-06-01T15:00:09.316,9.317,559,WG,R_Knee,0x21,2,559,2.315,+0.308,-0.373,-0.566,+131.1,+21.0,-47.3,-0.661,+0.148,+0.736,29.0
2025-06-01T15:00:09.333,9.333,560,WG,R_Knee,0x21,2,560,2.315,+0.309,-0.409,-0.625,+135.1,+25.6,-43.8,-0.668,+0.167,+0.725,29.0
2025-06-01T15:00:09.350,9.350,561,WG,R_Knee,0x21,2,561,2.308,+0.303,-0.435,-0.706,+101.9,+21.4,-31.3,-0.676,+0.188,+0.713,29.0
2025-06-01T15:00:09.366,9.367,562,WG,R_Knee,0x21,2,562,2.308,+0.297,-0.447,-0.752,+99.7,+20.9,-28.5,-0.680,+0.198,+0.706,29.0
2025-06-01T15:00:09.383,9.383,563,WG,R_Knee,0x21,2,563,2.308,+0.282,-0.477,-0.844,+128.7,+26.2,-35.5,-0.688,+0.217,+0.693,29.0
2025-06-01T15:00:09.400,9.400,564,WG,R_Knee,0x21,2,564,2.304,+0.262,-0.511,-0.921,+121.3,+22.3,-31.7,-0.695,+0.235,+0.679,29.0
2025-06-01T15:00:09.416,9.417,565,WG,R_Knee,0x21,2,565,2.304,+0.240,-0.541,-0.978,+86.1,+14.6,-21.9,-0.701,+0.252,+0.667,29.0
2025-06-01T15:00:09.433,9.433,566,WG,R_Knee,0x21,2,566,2.304,+0.230,-0.553,-1.002,+78.6,+11.6,-20.0,-0.704,+0.260,+0.661,29.0
2025-06-01T15:00:09.450,9.450,567,WG,R_Knee,0x21,2,567,2.300,+0.213,-0.570,-1.044,+95.8,+14.9,-25.9,-0.709,+0.274,+0.650,29.0
2025-06-01T15:00:09.466,9.467,568,WG,R_Knee,0x21,2,568,2.300,+0.201,-0.590,-1.078,+81.3,+16.7,-24.6,-0.714,+0.286,+0.640,29.0
2025-06-01T15:00:09.483,9.483,569,WG,R_Knee,0x21,2,569,2.300,+0.190,-0.630,-1.115,+51.5,+14.7,-17.3,-0.719,+0.294,+0.630,29.0
2025-06-01T15:00:09.500,9.500,570,WG,R_Knee,0x21,2,570,2.292,+0.183,-0.657,-1.140,+37.0,+16.3,-13.8,-0.722,+0.297,+0.625,29.0
2025-06-01T15:00:09.516,9.517,571,WG,R_Knee,0x21,2,571,2.292,+0.168,-0.711,-1.214,+32.8,+19.4,-13.5,-0.727,+0.302,+0.616,29.0
2025-06-01T15:00:09.533,9.533,572,WG,R_Knee,0x21,2,572,2.292,+0.144,-0.746,-1.325,+11.1,+10.5,-5.6,-0.731,+0.303,+0.611,29.0
2025-06-01T15:00:09.550,9.550,573,WG,R_Knee,0x21,2,573,2.284,+0.126,-0.752,-1.396,-9.9,+0.4,+2.6,-0.732,+0.303,+0.610,29.0
2025-06-01T15:00:09.566,9.567,574,WG,R_Knee,0x21,2,574,2.284,+0.072,-0.732,-1.564,-35.9,-12.2,+12.8,-0.731,+0.301,+0.613,29.0
2025-06-01T15:00:09.583,9.583,575,WG,R_Knee,0x21,2,575,2.284,-0.006,-0.644,-1.740,-66.2,-28.5,+23.5,-0.725,+0.296,+0.621,29.0
2025-06-01T15:00:09.600,9.600,576,WG,R_Knee,0x21,2,576,2.282,-0.091,-0.470,-1.878,-66.9,-29.0,+21.7,-0.717,+0.287,+0.636,29.0
2025-06-01T15:00:09.616,9.617,577,WG,R_Knee,0x21,2,577,2.282,-0.129,-0.361,-1.924,-93.3,-37.0,+27.5,-0.711,+0.280,+0.645,29.0
2025-06-01T15:00:09.633,9.633,578,WG,R_Knee,0x21,2,578,2.282,-0.183,-0.140,-1.964,-154.5,-56.6,+45.3,-0.698,+0.263,+0.666,29.0
2025-06-01T15:00:09.650,9.650,579,WG,R_Knee,0x21,2,579,2.274,-0.201,+0.041,-1.937,-193.1,-67.5,+60.1,-0.682,+0.239,+0.691,29.0
2025-06-01T15:00:09.666,9.667,580,WG,R_Knee,0x21,2,580,2.274,-0.178,+0.178,-1.837,-162.5,-56.0,+52.0,-0.663,+0.208,+0.719,29.0
2025-06-01T15:00:09.683,9.683,581,WG,R_Knee,0x21,2,581,2.274,-0.152,+0.236,-1.759,-175.7,-64.6,+58.9,-0.652,+0.192,+0.733,29.0
2025-06-01T15:00:09.700,9.700,582,WG,R_Knee,0x21,2,582,2.269,-0.076,+0.326,-1.562,-234.8,-89.5,+75.3,-0.629,+0.155,+0.762,29.0
2025-06-01T15:00:09.716,9.717,583,WG,R_Knee,0x21,2,583,2.269,+0.020,+0.360,-1.337,-172.3,-68.9,+51.7,-0.606,+0.115,+0.787,29.0
2025-06-01T15:00:09.733,9.733,584,WG,R_Knee,0x21,2,584,2.269,+0.069,+0.345,-1.222,-159.7,-72.1,+45.9,-0.594,+0.095,+0.799,29.0
2025-06-01T15:00:09.750,9.750,585,WG,R_Knee,0x21,2,585,2.261,+0.162,+0.248,-0.997,-191.9,-95.0,+50.0,-0.570,+0.056,+0.820,29.0
2025-06-01T15:00:09.766,9.767,586,WG,R_Knee,0x21,2,586,2.261,+0.235,+0.076,-0.795,-125.5,-70.6,+29.1,-0.547,+0.020,+0.837,29.0
2025-06-01T15:00:09.783,9.783,587,WG,R_Knee,0x21,2,587,2.261,+0.264,-0.026,-0.710,-96.6,-70.3,+19.9,-0.535,+0.005,+0.845,29.0
2025-06-01T15:00:09.800,9.800,588,WG,R_Knee,0x21,2,588,2.256,+0.301,-0.244,-0.586,-97.6,-92.0,+14.4,-0.512,-0.021,+0.859,29.0
2025-06-01T15:00:09.816,9.817,589,WG,R_Knee,0x21,2,589,2.256,+0.307,-0.463,-0.544,-57.6,-88.8,-0.1,-0.489,-0.040,+0.871,29.0
2025-06-01T15:00:09.833,9.833,590,WG,R_Knee,0x21,2,590,2.256,+0.273,-0.659,-0.583,-22.1,-63.9,-8.0,-0.467,-0.050,+0.883,29.0
2025-06-01T15:00:09.850,9.850,591,WG,R_Knee,0x21,2,591,2.252,+0.245,-0.738,-0.621,+1.8,-56.8,-17.8,-0.456,-0.053,+0.888,29.0
2025-06-01T15:00:09.866,9.867,592,WG,R_Knee,0x21,2,592,2.252,+0.178,-0.847,-0.703,+17.1,-63.3,-31.3,-0.437,-0.054,+0.898,29.0
2025-06-01T15:00:09.883,9.883,593,WG,R_Knee,0x21,2,593,2.252,+0.121,-0.909,-0.768,+18.8,-36.1,-26.8,-0.422,-0.052,+0.905,29.0
2025-06-01T15:00:09.900,9.900,594,WG,R_Knee,0x21,2,594,2.248,+0.100,-0.936,-0.795,+16.4,-20.1,-24.4,-0.417,-0.051,+0.907,29.0
2025-06-01T15:00:09.916,9.917,595,WG,R_Knee,0x21,2,595,2.248,+0.077,-0.991,-0.847,+16.3,-13.7,-25.1,-0.411,-0.049,+0.910,29.0
2025-06-01T15:00:09.933,9.933,596,WG,R_Knee,0x21,2,596,2.248,+0.081,-1.029,-0.892,+10.0,+1.9,-16.2,-0.409,-0.048,+0.911,29.0
2025-06-01T15:00:09.950,9.950,597,WG,R_Knee,0x21,2,597,2.245,+0.108,-1.042,-0.917,+4.4,+9.9,-8.9,-0.411,-0.048,+0.910,29.0
2025-06-01T15:00:09.966,9.967,598,WG,R_Knee,0x21,2,598,2.245,+0.125,-1.048,-0.927,-0.1,+17.6,-6.8,-0.414,-0.048,+0.909,29.0
2025-06-01T15:00:09.983,9.983,599,WG,R_Knee,0x21,2,599,2.245,+0.154,-1.077,-0.957,+0.8,+19.8,-8.2,-0.421,-0.050,+0.906,29.0
2025-06-01T15:00:10.000,10.000,600,WG,R_Knee,0x21,2,600,2.239,+0.168,-1.105,-0.995,+13.9,+3.7,-11.3,-0.424,-0.050,+0.904,29.0
2025-06-01T15:00:10.016,10.017,601,WG,R_Knee,0x21,2,601,2.239,+0.167,-1.100,-0.990,+24.0,-8.6,-13.5,-0.422,-0.045,+0.905,29.0
2025-06-01T15:00:10.033,10.033,602,WG,R_Knee,0x21,2,602,2.239,+0.164,-1.086,-0.959,+46.2,-15.5,-20.9,-0.419,-0.040,+0.907,29.0
2025-06-01T15:00:10.050,10.050,603,WG,R_Knee,0x21,2,603,2.236,+0.157,-1.035,-0.844,+83.2,-16.2,-25.2,-0.414,-0.026,+0.910,29.0
2025-06-01T15:00:10.066,10.067,604,WG,R_Knee,0x21,2,604,2.236,+0.159,-0.900,-0.705,+78.8,-6.2,-12.9,-0.411,-0.002,+0.912,29.0
2025-06-01T15:00:10.083,10.083,605,WG,R_Knee,0x21,2,605,2.236,+0.165,-0.777,-0.644,+101.9,+1.6,-6.9,-0.410,+0.013,+0.912,29.0
2025-06-01T15:00:10.100,10.100,606,WG,R_Knee,0x21,2,606,2.234,+0.179,-0.434,-0.566,+156.4,+8.7,-19.4,-0.412,+0.050,+0.910,29.0
2025-06-01T15:00:10.116,10.117,607,WG,R_Knee,0x21,2,607,2.234,+0.180,-0.084,-0.561,+175.8,+18.5,-40.8,-0.416,+0.091,+0.905,29.0
2025-06-01T15:00:10.133,10.133,608,WG,R_Knee,0x21,2,608,2.234,+0.154,+0.143,-0.630,+137.3,+21.0,-39.3,-0.424,+0.133,+0.896,29.0
2025-06-01T15:00:10.150,10.150,609,WG,R_Knee,0x21,2,609,2.233,+0.131,+0.213,-0.687,+134.8,+29.5,-33.9,-0.429,+0.153,+0.890,29.0
2025-06-01T15:00:10.166,10.167,610,WG,R_Knee,0x21,2,610,2.233,+0.074,+0.329,-0.834,+170.1,+49.5,-38.2,-0.442,+0.193,+0.876,29.0
2025-06-01T15:00:10.183,10.183,611,WG,R_Knee,0x21,2,611,2.233,+0.018,+0.448,-1.022,+117.3,+44.1,-27.2,-0.459,+0.230,+0.858,29.0
2025-06-01T15:00:10.200,10.200,612,WG,R_Knee,0x21,2,612,2.232,-0.009,+0.492,-1.133,+94.5,+49.8,-29.8,-0.468,+0.245,+0.849,29.0
2025-06-01T15:00:10.216,10.217,613,WG,R_Knee,0x21,2,613,2.232,-0.068,+0.494,-1.374,+94.1,+66.6,-38.3,-0.488,+0.268,+0.831,29.0
2025-06-01T15:00:10.233,10.233,614,WG,R_Knee,0x21,2,614,2.232,-0.141,+0.371,-1.616,+47.1,+55.7,-27.3,-0.506,+0.280,+0.816,29.0
2025-06-01T15:00:10.250,10.250,615,WG,R_Knee,0x21,2,615,2.231,-0.223,+0.182,-1.826,+10.2,+29.2,-12.7,-0.518,+0.283,+0.807,29.0
2025-06-01T15:00:10.266,10.267,616,WG,R_Knee,0x21,2,616,2.231,-0.262,+0.083,-1.906,-14.4,+5.5,-7.1,-0.522,+0.281,+0.806,29.0
2025-06-01T15:00:10.283,10.283,617,WG,R_Knee,0x21,2,617,2.231,-0.321,-0.104,-1.990,-38.0,-13.9,-5.8,-0.522,+0.274,+0.808,29.0
2025-06-01T15:00:10.300,10.300,618,WG,R_Knee,0x21,2,618,2.231,-0.350,-0.281,-1.949,-42.2,-22.6,+0.3,-0.516,+0.261,+0.816,29.0
2025-06-01T15:00:10.316,10.317,619,WG,R_Knee,0x21,2,619,2.231,-0.351,-0.359,-1.887,-59.8,-30.4,+15.8,-0.511,+0.254,+0.821,29.0
2025-06-01T15:00:10.333,10.333,620,WG,R_Knee,0x21,2,620,2.231,-0.325,-0.451,-1.713,-91.5,-46.4,+38.0,-0.499,+0.237,+0.833,29.0
2025-06-01T15:00:10.350,10.350,621,WG,R_Knee,0x21,2,621,2.232,-0.267,-0.421,-1.521,-99.2,-55.7,+47.8,-0.484,+0.221,+0.847,29.0
2025-06-01T15:00:10.366,10.367,622,WG,R_Knee,0x21,2,622,2.232,-0.191,-0.334,-1.341,-75.2,-46.9,+31.2,-0.466,+0.202,+0.862,29.0
2025-06-01T15:00:10.383,10.383,623,WG,R_Knee,0x21,2,623,2.232,-0.152,-0.312,-1.260,-75.1,-50.3,+20.2,-0.456,+0.192,+0.869,29.0
2025-06-01T15:00:10.400,10.400,624,WG,R_Knee,0x21,2,624,2.232,-0.086,-0.351,-1.113,-98.4,-64.5,+26.6,-0.438,+0.169,+0.883,29.0
2025-06-01T15:00:10.416,10.417,625,WG,R_Knee,0x21,2,625,2.232,-0.033,-0.433,-0.984,-93.7,-56.9,+35.4,-0.421,+0.148,+0.895,29.0
2025-06-01T15:00:10.433,10.433,626,WG,R_Knee,0x21,2,626,2.232,+0.017,-0.461,-0.880,-66.0,-36.3,+30.0,-0.405,+0.129,+0.905,29.0
2025-06-01T15:00:10.450,10.450,627,WG,R_Knee,0x21,2,627,2.233,+0.042,-0.455,-0.843,-59.1,-27.7,+24.1,-0.399,+0.120,+0.909,29.0
2025-06-01T15:00:10.466,10.467,628,WG,R_Knee,0x21,2,628,2.233,+0.081,-0.445,-0.794,-71.0,-29.3,+25.1,-0.389,+0.103,+0.915,29.0
2025-06-01T15:00:10.483,10.483,629,WG,R_Knee,0x21,2,629,2.233,+0.092,-0.453,-0.748,-59.4,-19.3,+23.6,-0.382,+0.088,+0.920,29.0
2025-06-01T15:00:10.500,10.500,630,WG,R_Knee,0x21,2,630,2.233,+0.076,-0.432,-0.678,-37.2,-7.4,+19.2,-0.378,+0.077,+0.923,29.0
2025-06-01T15:00:10.516,10.517,631,WG,R_Knee,0x21,2,631,2.233,+0.062,-0.401,-0.638,-26.5,+5.1,+17.0,-0.377,+0.072,+0.923,29.0
2025-06-01T15:00:10.533,10.533,632,WG,R_Knee,0x21,2,632,2.233,+0.032,-0.318,-0.576,-24.6,+17.6,+16.9,-0.380,+0.066,+0.923,29.0
2025-06-01T15:00:10.550,10.550,633,WG,R_Knee,0x21,2,633,2.234,-0.003,-0.241,-0.567,-10.9,+18.6,+8.8,-0.386,+0.063,+0.920,29.0
2025-06-01T15:00:10.566,10.567,634,WG,R_Knee,0x21,2,634,2.234,-0.022,-0.209,-0.582,-2.4,+18.9,+6.1,-0.389,+0.062,+0.919,29.0
2025-06-01T15:00:10.583,10.583,635,WG,R_Knee,0x21,2,635,2.234,-0.062,-0.150,-0.638,+3.0,+21.8,+5.5,-0.396,+0.063,+0.916,29.0
2025-06-01T15:00:10.600,10.600,636,WG,R_Knee,0x21,2,636,2.237,-0.096,-0.101,-0.714,+8.5,+16.5,+1.5,-0.401,+0.065,+0.914,29.0
2025-06-01T15:00:10.616,10.617,637,WG,R_Knee,0x21,2,637,2.237,-0.119,-0.071,-0.795,+8.0,+9.5,-0.9,-0.404,+0.068,+0.912,29.0
2025-06-01T15:00:10.633,10.633,638,WG,R_Knee,0x21,2,638,2.237,-0.127,-0.063,-0.836,+8.2,+6.4,-2.4,-0.406,+0.069,+0.911,29.0
2025-06-01T15:00:10.650,10.650,639,WG,R_Knee,0x21,2,639,2.237,-0.135,-0.056,-0.910,+9.4,+6.8,-4.0,-0.408,+0.072,+0.910,29.0
2025-06-01T15:00:10.666,10.667,640,WG,R_Knee,0x21,2,640,2.237,-0.135,-0.059,-0.972,+5.3,+4.5,-3.6,-0.410,+0.073,+0.909,29.0
2025-06-01T15:00:10.683,10.683,641,WG,R_Knee,0x21,2,641,2.237,-0.132,-0.067,-0.999,+1.7,+4.7,-3.6,-0.410,+0.074,+0.909,29.0
2025-06-01T15:00:10.700,10.700,642,WG,R_Knee,0x21,2,642,2.239,-0.122,-0.098,-1.054,-2.0,+5.2,-2.9,-0.412,+0.073,+0.908,29.0
2025-06-01T15:00:10.716,10.717,643,WG,R_Knee,0x21,2,643,2.239,-0.112,-0.140,-1.103,-7.5,+1.7,+1.4,-0.413,+0.072,+0.908,29.0
2025-06-01T15:00:10.733,10.733,644,WG,R_Knee,0x21,2,644,2.239,-0.109,-0.169,-1.120,-8.1,-1.1,+3.8,-0.413,+0.070,+0.908,29.0
2025-06-01T15:00:10.750,10.750,645,WG,R_Knee,0x21,2,645,2.239,-0.110,-0.173,-1.110,-9.6,-2.2,+5.9,-0.413,+0.069,+0.908,29.0
2025-06-01T15:00:10.766,10.767,646,WG,R_Knee,0x21,2,646,2.239,-0.117,-0.162,-1.056,-12.5,-0.6,+7.6,-0.412,+0.066,+0.909,29.0
2025-06-01T15:00:10.783,10.783,647,WG,R_Knee,0x21,2,647,2.239,-0.120,-0.144,-0.993,-8.7,+2.1,+5.2,-0.412,+0.064,+0.909,29.0
2025-06-01T15:00:10.800,10.800,648,WG,R_Knee,0x21,2,648,2.240,-0.119,-0.138,-0.971,-7.3,+4.9,+5.3,-0.413,+0.063,+0.909,29.0
2025-06-01T15:00:10.816,10.817,649,WG,R_Knee,0x21,2,649,2.240,-0.116,-0.136,-0.954,-8.8,+6.9,+8.7,-0.414,+0.061,+0.908,29.0
2025-06-01T15:00:10.833,10.833,650,WG,R_Knee,0x21,2,650,2.240,-0.114,-0.136,-0.962,-8.0,+6.1,+10.7,-0.416,+0.060,+0.907,29.0
2025-06-01T15:00:10.850,10.850,651,WG,R_Knee,0x21,2,651,2.240,-0.112,-0.134,-0.975,-5.8,+4.2,+8.7,-0.417,+0.059,+0.907,29.0
2025-06-01T15:00:10.866,10.867,652,WG,R_Knee,0x21,2,652,2.240,-0.110,-0.133,-0.979,-5.7,+4.6,+9.2,-0.418,+0.059,+0.907,29.0
2025-06-01T15:00:10.883,10.883,653,WG,R_Knee,0x21,2,653,2.240,-0.106,-0.133,-0.982,-7.3,+7.1,+12.7,-0.419,+0.059,+0.906,29.0
2025-06-01T15:00:10.900,10.900,654,WG,R_Knee,0x21,2,654,2.238,-0.101,-0.131,-0.978,-6.6,+8.3,+13.1,-0.421,+0.058,+0.905,29.0
2025-06-01T15:00:10.916,10.917,655,WG,R_Knee,0x21,2,655,2.238,-0.094,-0.127,-0.968,-4.5,+6.9,+9.7,-0.423,+0.058,+0.904,29.0
2025-06-01T15:00:10.933,10.933,656,WG,R_Knee,0x21,2,656,2.238,-0.089,-0.124,-0.961,-3.6,+7.8,+8.9,-0.424,+0.058,+0.904,29.0
2025-06-01T15:00:10.950,10.950,657,WG,R_Knee,0x21,2,657,2.238,-0.075,-0.119,-0.951,-3.8,+10.7,+10.9,-0.427,+0.059,+0.902,29.0
2025-06-01T15:00:10.966,10.967,658,WG,R_Knee,0x21,2,658,2.238,-0.064,-0.116,-0.949,-2.2,+7.6,+7.4,-0.430,+0.059,+0.901,29.0
2025-06-01T15:00:10.983,10.983,659,WG,R_Knee,0x21,2,659,2.238,-0.060,-0.115,-0.952,-1.3,+5.4,+6.5,-0.431,+0.059,+0.900,29.0
2025-06-01T15:00:11.000,11.000,660,WG,R_Knee,0x21,2,660,2.237,-0.061,-0.113,-0.962,-1.2,+4.4,+7.8,-0.432,+0.060,+0.900,29.0
2025-06-01T15:00:11.016,11.017,661,WG,R_Knee,0x21,2,661,2.237,-0.070,-0.112,-0.971,-0.6,+1.2,+7.0,-0.433,+0.061,+0.899,29.0
2025-06-01T15:00:11.033,11.033,662,WG,R_Knee,0x21,2,662,2.237,-0.079,-0.112,-0.979,-0.3,-0.3,+4.8,-0.433,+0.061,+0.899,29.0
2025-06-01T15:00:11.050,11.050,663,WG,R_Knee,0x21,2,663,2.235,-0.083,-0.112,-0.984,-0.3,-1.4,+4.5,-0.433,+0.062,+0.900,29.0
2025-06-01T15:00:11.066,11.067,664,WG,R_Knee,0x21,2,664,2.235,-0.086,-0.112,-0.996,-0.8,-2.6,+5.7,-0.432,+0.062,+0.900,29.0
2025-06-01T15:00:11.083,11.083,665,WG,R_Knee,0x21,2,665,2.235,-0.085,-0.113,-1.009,-1.9,-2.7,+5.8,-0.431,+0.063,+0.900,29.0
2025-06-01T15:00:11.100,11.100,666,WG,R_Knee,0x21,2,666,2.231,-0.085,-0.114,-1.020,-2.3,-1.6,+4.5,-0.430,+0.063,+0.901,29.0
2025-06-01T15:00:11.116,11.117,667,WG,R_Knee,0x21,2,667,2.231,-0.086,-0.115,-1.024,-3.4,-0.8,+4.6,-0.430,+0.063,+0.901,29.0
2025-06-01T15:00:11.133,11.133,668,WG,R_Knee,0x21,2,668,2.231,-0.091,-0.115,-1.028,-5.4,-0.9,+6.3,-0.430,+0.062,+0.901,29.0
2025-06-01T15:00:11.150,11.150,669,WG,R_Knee,0x21,2,669,2.229,-0.098,-0.114,-1.025,-6.3,-1.5,+6.6,-0.429,+0.062,+0.901,29.0
2025-06-01T15:00:11.166,11.167,670,WG,R_Knee,0x21,2,670,2.229,-0.105,-0.114,-1.014,-5.1,-1.5,+5.2,-0.429,+0.061,+0.901,29.0
2025-06-01T15:00:11.183,11.183,671,WG,R_Knee,0x21,2,671,2.229,-0.107,-0.113,-1.005,-4.9,-1.9,+5.2,-0.428,+0.060,+0.902,29.0
2025-06-01T15:00:11.200,11.200,672,WG,R_Knee,0x21,2,672,2.225,-0.104,-0.112,-0.980,-5.0,-3.4,+5.8,-0.427,+0.059,+0.902,29.0
2025-06-01T15:00:11.216,11.217,673,WG,R_Knee,0x21,2,673,2.225,-0.089,-0.110,-0.941,-1.9,-3.8,+2.8,-0.426,+0.059,+0.903,29.0
2025-06-01T15:00:11.233,11.233,674,WG,R_Knee,0x21,2,674,2.225,-0.078,-0.110,-0.913,+2.9,-6.5,-0.9,-0.425,+0.059,+0.903,29.0
2025-06-01T15:00:11.250,11.250,675,WG,R_Knee,0x21,2,675,2.223,-0.047,-0.111,-0.831,+11.3,-10.0,-6.3,-0.423,+0.060,+0.904,29.0
2025-06-01T15:00:11.266,11.267,676,WG,R_Knee,0x21,2,676,2.223,-0.010,-0.118,-0.722,+15.2,-7.3,-9.0,-0.420,+0.063,+0.905,29.0
2025-06-01T15:00:11.283,11.283,677,WG,R_Knee,0x21,2,677,2.223,+0.010,-0.124,-0.663,+27.0,-4.5,-14.5,-0.419,+0.066,+0.905,29.0
2025-06-01T15:00:11.300,11.300,678,WG,R_Knee,0x21,2,678,2.221,+0.053,-0.138,-0.554,+49.7,-2.8,-24.1,-0.418,+0.074,+0.905,29.0
2025-06-01T15:00:11.316,11.317,679,WG,R_Knee,0x21,2,679,2.221,+0.097,-0.153,-0.471,+68.8,+0.6,-30.9,-0.419,+0.086,+0.904,29.0
2025-06-01T15:00:11.333,11.333,680,WG,R_Knee,0x21,2,680,2.221,+0.136,-0.173,-0.417,+62.4,+2.3,-27.6,-0.420,+0.103,+0.901,29.0
2025-06-01T15:00:11.350,11.350,681,WG,R_Knee,0x21,2,681,2.220,+0.153,-0.187,-0.402,+75.9,+5.1,-34.5,-0.422,+0.112,+0.900,29.0
2025-06-01T15:00:11.366,11.367,682,WG,R_Knee,0x21,2,682,2.220,+0.175,-0.228,-0.396,+113.0,+11.3,-52.1,-0.426,+0.134,+0.895,29.0
2025-06-01T15:00:11.383,11.383,683,WG,R_Knee,0x21,2,683,2.220,+0.177,-0.290,-0.426,+125.7,+16.9,-57.8,-0.432,+0.158,+0.888,29.0
2025-06-01T15:00:11.400,11.400,684,WG,R_Knee,0x21,2,684,2.220,+0.160,-0.366,-0.491,+99.6,+15.9,-45.2,-0.440,+0.184,+0.879,29.0
2025-06-01T15:00:11.416,11.417,685,WG,R_Knee,0x21,2,685,2.220,+0.146,-0.407,-0.534,+102.8,+18.1,-44.3,-0.444,+0.198,+0.874,29.0
2025-06-01T15:00:11.433,11.433,686,WG,R_Knee,0x21,2,686,2.220,+0.112,-0.488,-0.636,+136.9,+27.3,-56.4,-0.454,+0.225,+0.862,29.0
2025-06-01T15:00:11.450,11.450,687,WG,R_Knee,0x21,2,687,2.220,+0.075,-0.553,-0.753,+133.3,+29.4,-51.5,-0.465,+0.252,+0.849,29.0
2025-06-01T15:00:11.466,11.467,688,WG,R_Knee,0x21,2,688,2.220,+0.040,-0.593,-0.871,+96.5,+22.2,-36.1,-0.476,+0.277,+0.835,29.0
2025-06-01T15:00:11.483,11.483,689,WG,R_Knee,0x21,2,689,2.220,+0.024,-0.604,-0.926,+89.7,+18.9,-33.1,-0.482,+0.289,+0.827,29.0
2025-06-01T15:00:11.500,11.500,690,WG,R_Knee,0x21,2,690,2.220,-0.004,-0.616,-1.021,+111.1,+22.8,-42.4,-0.491,+0.311,+0.814,29.0
2025-06-01T15:00:11.516,11.517,691,WG,R_Knee,0x21,2,691,2.220,-0.028,-0.627,-1.098,+76.0,+15.9,-30.3,-0.500,+0.329,+0.801,29.0
2025-06-01T15:00:11.533,11.533,692,WG,R_Knee,0x21,2,692,2.220,-0.039,-0.636,-1.135,+63.9,+15.3,-26.8,-0.504,+0.337,+0.795,29.0
2025-06-01T15:00:11.550,11.550,693,WG,R_Knee,0x21,2,693,2.221,-0.061,-0.661,-1.219,+70.8,+19.5,-31.3,-0.513,+0.351,+0.784,29.0
2025-06-01T15:00:11.566,11.567,694,WG,R_Knee,0x21,2,694,2.221,-0.080,-0.674,-1.325,+48.9,+14.8,-24.9,-0.520,+0.360,+0.775,29.0
2025-06-01T15:00:11.583,11.583,695,WG,R_Knee,0x21,2,695,2.221,-0.098,-0.645,-1.446,+22.8,+6.8,-15.8,-0.524,+0.365,+0.769,29.0
2025-06-01T15:00:11.600,11.600,696,WG,R_Knee,0x21,2,696,2.226,-0.108,-0.609,-1.506,+2.4,+0.1,-14.4,-0.526,+0.366,+0.768,29.0
2025-06-01T15:00:11.616,11.617,697,WG,R_Knee,0x21,2,697,2.226,-0.137,-0.501,-1.617,-18.7,-6.1,-19.7,-0.527,+0.362,+0.769,29.0
2025-06-01T15:00:11.633,11.633,698,WG,R_Knee,0x21,2,698,2.226,-0.185,-0.376,-1.712,-50.3,-14.5,-19.9,-0.527,+0.351,+0.774,29.0
2025-06-01T15:00:11.650,11.650,699,WG,R_Knee,0x21,2,699,2.229,-0.243,-0.266,-1.791,-57.1,-16.4,-14.1,-0.525,+0.333,+0.783,29.0
2025-06-01T15:00:11.666,11.667,700,WG,R_Knee,0x21,2,700,2.229,-0.267,-0.222,-1.822,-84.4,-25.8,-8.1,-0.523,+0.321,+0.790,29.0
2025-06-01T15:00:11.683,11.683,701,WG,R_Knee,0x21,2,701,2.229,-0.292,-0.147,-1.856,-137.4,-45.3,-1.0,-0.515,+0.292,+0.806,29.0
2025-06-01T15:00:11.700,11.700,702,WG,R_Knee,0x21,2,702,2.233,-0.281,-0.068,-1.835,-118.9,-41.5,+6.8,-0.502,+0.256,+0.826,29.0
2025-06-01T15:00:11.716,11.717,703,WG,R_Knee,0x21,2,703,2.233,-0.265,-0.024,-1.801,-132.3,-47.5,+15.9,-0.494,+0.237,+0.837,29.0
2025-06-01T15:00:11.733,11.733,704,WG,R_Knee,0x21,2,704,2.233,-0.218,+0.053,-1.689,-182.0,-60.4,+24.3,-0.476,+0.196,+0.857,29.0
2025-06-01T15:00:11.750,11.750,705,WG,R_Knee,0x21,2,705,2.237,-0.156,+0.085,-1.531,-182.8,-46.2,+28.5,-0.461,+0.153,+0.874,29.0
2025-06-01T15:00:11.766,11.767,706,WG,R_Knee,0x21,2,706,2.237,-0.083,+0.049,-1.347,-133.9,-20.6,+24.4,-0.450,+0.110,+0.886,29.0
2025-06-01T15:00:11.783,11.783,707,WG,R_Knee,0x21,2,707,2.237,-0.041,+0.007,-1.252,-123.7,+3.3,+29.4,-0.448,+0.090,+0.889,29.0
2025-06-01T15:00:11.800,11.800,708,WG,R_Knee,0x21,2,708,2.246,+0.049,-0.114,-1.074,-149.2,+30.8,+41.1,-0.451,+0.054,+0.891,29.0
2025-06-01T15:00:11.816,11.817,709,WG,R_Knee,0x21,2,709,2.246,+0.146,-0.267,-0.923,-123.4,+62.0,+40.1,-0.463,+0.024,+0.886,29.0
2025-06-01T15:00:11.833,11.833,710,WG,R_Knee,0x21,2,710,2.246,+0.242,-0.426,-0.809,-75.9,+61.5,+28.3,-0.482,+0.001,+0.876,29.0
2025-06-01T15:00:11.850,11.850,711,WG,R_Knee,0x21,2,711,2.251,+0.285,-0.498,-0.768,-51.0,+75.4,+22.5,-0.494,-0.007,+0.869,29.0
2025-06-01T15:00:11.866,11.867,712,WG,R_Knee,0x21,2,712,2.251,+0.356,-0.619,-0.713,-44.3,+109.7,+24.7,-0.520,-0.018,+0.854,29.0
2025-06-01T15:00:11.883,11.883,713,WG,R_Knee,0x21,2,713,2.251,+0.399,-0.722,-0.689,-16.4,+86.7,+14.2,-0.549,-0.022,+0.836,29.0
2025-06-01T15:00:11.900,11.900,714,WG,R_Knee,0x21,2,714,2.255,+0.410,-0.772,-0.688,+2.6,+85.9,+9.8,-0.563,-0.021,+0.826,29.0
2025-06-01T15:00:11.916,11.917,715,WG,R_Knee,0x21,2,715,2.255,+0.425,-0.873,-0.703,+17.3,+104.6,+11.1,-0.590,-0.017,+0.807,29.0
2025-06-01T15:00:11.933,11.933,716,WG,R_Knee,0x21,2,716,2.255,+0.439,-0.960,-0.734,+29.8,+82.1,+10.7,-0.612,-0.009,+0.791,29.0
2025-06-01T15:00:11.950,11.950,717,WG,R_Knee,0x21,2,717,2.260,+0.451,-1.030,-0.761,+26.1,+45.1,+8.8,-0.628,+0.000,+0.778,29.0
2025-06-01T15:00:11.966,11.967,718,WG,R_Knee,0x21,2,718,2.260,+0.455,-1.062,-0.771,+29.0,+20.3,+12.1,-0.633,+0.006,+0.774,29.0
2025-06-01T15:00:11.983,11.983,719,WG,R_Knee,0x21,2,719,2.260,+0.460,-1.128,-0.792,+44.8,-0.7,+19.4,-0.637,+0.018,+0.771,29.0
2025-06-01T15:00:12.000,12.000,720,WG,R_Knee,0x21,2,720,2.265,+0.466,-1.185,-0.812,+57.1,-40.4,+21.6,-0.632,+0.033,+0.774,29.0
2025-06-01T15:00:12.016,12.017,721,WG,R_Knee,0x21,2,721,2.265,+0.464,-1.217,-0.798,+50.8,-52.3,+16.6,-0.618,+0.052,+0.784,29.0
2025-06-01T15:00:12.033,12.033,722,WG,R_Knee,0x21,2,722,2.265,+0.452,-1.215,-0.764,+59.1,-71.6,+17.2,-0.608,+0.062,+0.792,29.0
2025-06-01T15:00:12.050,12.050,723,WG,R_Knee,0x21,2,723,2.269,+0.402,-1.137,-0.637,+87.1,-97.0,+26.2,-0.584,+0.085,+0.807,29.0
2025-06-01T15:00:12.066,12.067,724,WG,R_Knee,0x21,2,724,2.269,+0.335,-0.913,-0.468,+72.4,-66.1,+20.2,-0.561,+0.112,+0.820,29.0
2025-06-01T15:00:12.083,12.083,725,WG,R_Knee,0x21,2,725,2.269,+0.302,-0.747,-0.392,+83.3,-44.6,+9.0,-0.552,+0.126,+0.824,29.0
2025-06-01T15:00:12.100,12.100,726,WG,R_Knee,0x21,2,726,2.273,+0.239,-0.374,-0.310,+121.1,-38.6,-6.8,-0.539,+0.155,+0.828,29.0
2025-06-01T15:00:12.116,12.117,727,WG,R_Knee,0x21,2,727,2.273,+0.155,-0.064,-0.357,+129.4,-18.9,-31.1,-0.534,+0.182,+0.826,29.0
2025-06-01T15:00:12.133,12.133,728,WG,R_Knee,0x21,2,728,2.273,+0.029,+0.126,-0.508,+98.1,-7.2,-32.7,-0.533,+0.207,+0.820,29.0
2025-06-01T15:00:12.150,12.150,729,WG,R_Knee,0x21,2,729,2.276,-0.047,+0.188,-0.601,+93.7,-0.3,-36.8,-0.534,+0.219,+0.817,29.0
2025-06-01T15:00:12.166,12.167,730,WG,R_Knee,0x21,2,730,2.276,-0.202,+0.282,-0.789,+115.4,+11.2,-48.5,-0.538,+0.240,+0.808,29.0
2025-06-01T15:00:12.183,12.183,731,WG,R_Knee,0x21,2,731,2.276,-0.339,+0.346,-0.980,+77.3,+17.1,-35.2,-0.546,+0.258,+0.797,29.0
2025-06-01T15:00:12.200,12.200,732,WG,R_Knee,0x21,2,732,2.279,-0.396,+0.358,-1.083,+58.3,+22.5,-30.6,-0.551,+0.265,+0.791,29.0
2025-06-01T15:00:12.216,12.217,733,WG,R_Knee,0x21,2,733,2.279,-0.487,+0.314,-1.308,+52.5,+26.4,-31.9,-0.561,+0.275,+0.781,29.0
2025-06-01T15:00:12.233,12.233,734,WG,R_Knee,0x21,2,734,2.279,-0.540,+0.170,-1.538,+17.2,+10.4,-13.0,-0.568,+0.279,+0.774,29.0
2025-06-01T15:00:12.250,12.250,735,WG,R_Knee,0x21,2,735,2.284,-0.538,-0.038,-1.735,-5.4,-6.9,+3.6,-0.568,+0.278,+0.774,29.0
2025-06-01T15:00:12.266,12.267,736,WG,R_Knee,0x21,2,736,2.284,-0.515,-0.147,-1.806,-24.5,-33.3,+20.0,-0.565,+0.277,+0.777,29.0
2025-06-01T15:00:12.283,12.283,737,WG,R_Knee,0x21,2,737,2.284,-0.437,-0.345,-1.869,-49.8,-68.7,+38.4,-0.550,+0.274,+0.789,29.0
2025-06-01T15:00:12.300,12.300,738,WG,R_Knee,0x21,2,738,2.285,-0.343,-0.496,-1.806,-72.7,-88.1,+52.5,-0.527,+0.267,+0.807,29.0
2025-06-01T15:00:12.316,12.317,739,WG,R_Knee,0x21,2,739,2.285,-0.244,-0.561,-1.646,-66.0,-67.3,+46.5,-0.500,+0.256,+0.827,29.0
2025-06-01T15:00:12.333,12.333,740,WG,R_Knee,0x21,2,740,2.285,-0.188,-0.550,-1.551,-77.2,-57.0,+52.2,-0.488,+0.249,+0.837,29.0
2025-06-01T15:00:12.350,12.350,741,WG,R_Knee,0x21,2,741,2.286,-0.063,-0.465,-1.378,-108.3,-62.0,+62.4,-0.465,+0.232,+0.854,29.0
2025-06-01T15:00:12.366,12.367,742,WG,R_Knee,0x21,2,742,2.286,+0.057,-0.385,-1.262,-84.3,-38.4,+38.4,-0.448,+0.212,+0.868,29.0
2025-06-01T15:00:12.383,12.383,743,WG,R_Knee,0x21,2,743,2.286,+0.099,-0.376,-1.224,-87.2,-35.8,+29.1,-0.441,+0.200,+0.875,29.0
2025-06-01T15:00:12.400,12.400,744,WG,R_Knee,0x21,2,744,2.286,+0.135,-0.411,-1.155,-116.2,-46.2,+35.3,-0.427,+0.175,+0.887,29.0
2025-06-01T15:00:12.416,12.417,745,WG,R_Knee,0x21,2,745,2.286,+0.112,-0.446,-1.053,-112.4,-38.5,+34.3,-0.413,+0.149,+0.898,29.0
2025-06-01T15:00:12.433,12.433,746,WG,R_Knee,0x21,2,746,2.286,+0.065,-0.429,-0.912,-80.0,-20.0,+24.9,-0.404,+0.124,+0.906,29.0
2025-06-01T15:00:12.450,12.450,747,WG,R_Knee,0x21,2,747,2.286,+0.041,-0.407,-0.840,-71.3,-6.7,+23.4,-0.401,+0.113,+0.909,29.0
2025-06-01T15:00:12.466,12.467,748,WG,R_Knee,0x21,2,748,2.286,-0.002,-0.359,-0.724,-84.7,+0.1,+30.7,-0.399,+0.092,+0.912,29.0
2025-06-01T15:00:12.483,12.483,749,WG,R_Knee,0x21,2,749,2.286,-0.037,-0.315,-0.656,-55.4,+4.3,+23.3,-0.399,+0.075,+0.914,29.0
2025-06-01T15:00:12.500,12.500,750,WG,R_Knee,0x21,2,750,2.284,-0.051,-0.292,-0.634,-44.1,+6.4,+23.6,-0.400,+0.068,+0.914,29.0
2025-06-01T15:00:12.516,12.517,751,WG,R_Knee,0x21,2,751,2.284,-0.070,-0.240,-0.603,-47.7,+11.6,+30.5,-0.402,+0.057,+0.914,29.0
2025-06-01T15:00:12.533,12.533,752,WG,R_Knee,0x21,2,752,2.284,-0.077,-0.185,-0.591,-34.0,+15.4,+27.8,-0.405,+0.050,+0.913,29.0
2025-06-01T15:00:12.550,12.550,753,WG,R_Knee,0x21,2,753,2.282,-0.077,-0.137,-0.608,-18.7,+13.0,+18.6,-0.409,+0.045,+0.911,29.0
2025-06-01T15:00:12.566,12.567,754,WG,R_Knee,0x21,2,754,2.282,-0.074,-0.117,-0.631,-11.7,+12.4,+15.0,-0.411,+0.044,+0.910,29.0
2025-06-01T15:00:12.583,12.583,755,WG,R_Knee,0x21,2,755,2.282,-0.067,-0.091,-0.698,-11.3,+14.0,+16.9,-0.415,+0.043,+0.909,29.0
2025-06-01T15:00:12.600,12.600,756,WG,R_Knee,0x21,2,756,2.279,-0.057,-0.079,-0.781,-8.0,+10.1,+13.9,-0.418,+0.042,+0.907,29.0
2025-06-01T15:00:12.616,12.617,757,WG,R_Knee,0x21,2,757,2.279,-0.047,-0.076,-0.862,-5.3,+5.5,+9.1,-0.420,+0.042,+0.906,29.0
2025-06-01T15:00:12.633,12.633,758,WG,R_Knee,0x21,2,758,2.279,-0.043,-0.076,-0.897,-5.7,+3.7,+7.5,-0.421,+0.042,+0.906,29.0
2025-06-01T15:00:12.650,12.650,759,WG,R_Knee,0x21,2,759,2.274,-0.041,-0.078,-0.952,-8.4,+3.8,+8.7,-0.422,+0.041,+0.906,29.0
2025-06-01T15:00:12.666,12.667,760,WG,R_Knee,0x21,2,760,2.274,-0.050,-0.082,-0.985,-6.9,+2.1,+5.7,-0.423,+0.039,+0.905,29.0
2025-06-01T15:00:12.683,12.683,761,WG,R_Knee,0x21,2,761,2.274,-0.058,-0.085,-0.992,-7.2,+1.4,+5.4,-0.423,+0.039,+0.905,29.0
2025-06-01T15:00:12.700,12.700,762,WG,R_Knee,0x21,2,762,2.273,-0.077,-0.091,-0.988,-9.4,+2.4,+7.3,-0.424,+0.037,+0.905,29.0
2025-06-01T15:00:12.716,12.717,763,WG,R_Knee,0x21,2,763,2.273,-0.089,-0.093,-0.966,-8.7,+4.4,+7.7,-0.424,+0.035,+0.905,29.0
2025-06-01T15:00:12.733,12.733,764,WG,R_Knee,0x21,2,764,2.273,-0.087,-0.091,-0.946,-5.9,+4.9,+6.0,-0.426,+0.034,+0.904,29.0
2025-06-01T15:00:12.750,12.750,765,WG,R_Knee,0x21,2,765,2.269,-0.081,-0.088,-0.942,-5.2,+6.3,+5.5,-0.427,+0.034,+0.904,29.0
2025-06-01T15:00:12.766,12.767,766,WG,R_Knee,0x21,2,766,2.269,-0.066,-0.082,-0.948,-6.4,+8.1,+6.2,-0.429,+0.033,+0.903,29.0
2025-06-01T15:00:12.783,12.783,767,WG,R_Knee,0x21,2,767,2.269,-0.055,-0.075,-0.961,-4.6,+5.2,+3.5,-0.431,+0.032,+0.902,29.0
2025-06-01T15:00:12.800,12.800,768,WG,R_Knee,0x21,2,768,2.265,-0.053,-0.072,-0.967,-4.4,+3.9,+1.9,-0.432,+0.031,+0.902,29.0
2025-06-01T15:00:12.816,12.817,769,WG,R_Knee,0x21,2,769,2.265,-0.055,-0.068,-0.972,-5.9,+4.5,+1.6,-0.433,+0.030,+0.901,29.0
2025-06-01T15:00:12.833,12.833,770,WG,R_Knee,0x21,2,770,2.265,-0.060,-0.067,-0.974,-5.7,+4.1,+0.8,-0.434,+0.029,+0.901,29.0
2025-06-01T15:00:12.850,12.850,771,WG,R_Knee,0x21,2,771,2.261,-0.066,-0.068,-0.976,-4.2,+2.9,+0.5,-0.435,+0.027,+0.900,29.0
2025-06-01T15:00:12.866,12.867,772,WG,R_Knee,0x21,2,772,2.261,-0.069,-0.069,-0.976,-3.9,+2.6,+0.5,-0.435,+0.027,+0.900,29.0
2025-06-01T15:00:12.883,12.883,773,WG,R_Knee,0x21,2,773,2.261,-0.074,-0.069,-0.973,-4.9,+3.0,+0.7,-0.436,+0.025,+0.899,29.0
2025-06-01T15:00:12.900,12.900,774,WG,R_Knee,0x21,2,774,2.256,-0.076,-0.068,-0.970,-4.3,+2.0,+0.4,-0.437,+0.024,+0.899,29.0
2025-06-01T15:00:12.916,12.917,775,WG,R_Knee,0x21,2,775,2.256,-0.077,-0.066,-0.968,-2.8,+0.4,-0.0,-0.437,+0.023,+0.899,29.0
2025-06-01T15:00:12.933,12.933,776,WG,R_Knee,0x21,2,776,2.256,-0.077,-0.066,-0.966,-2.1,-1.4,-0.5,-0.437,+0.023,+0.899,29.0
2025-06-01T15:00:12.950,12.950,777,WG,R_Knee,0x21,2,777,2.252,-0.078,-0.065,-0.960,-2.0,-3.0,-0.9,-0.437,+0.022,+0.899,29.0
2025-06-01T15:00:12.966,12.967,778,WG,R_Knee,0x21,2,778,2.252,-0.077,-0.065,-0.950,-0.8,-2.6,-0.9,-0.436,+0.022,+0.900,29.0
2025-06-01T15:00:12.983,12.983,779,WG,R_Knee,0x21,2,779,2.252,-0.075,-0.065,-0.946,+0.0,-2.6,-1.2,-0.435,+0.021,+0.900,29.0
2025-06-01T15:00:13.000,13.000,780,WG,R_Knee,0x21,2,780,2.247,-0.071,-0.063,-0.946,+0.8,-4.2,-2.2,-0.434,+0.021,+0.901,29.0
2025-06-01T15:00:13.016,13.017,781,WG,R_Knee,0x21,2,781,2.247,-0.069,-0.062,-0.953,+1.8,-6.1,-3.2,-0.433,+0.021,+0.901,29.0
2025-06-01T15:00:13.033,13.033,782,WG,R_Knee,0x21,2,782,2.247,-0.071,-0.062,-0.957,+1.9,-5.6,-3.0,-0.431,+0.021,+0.902,29.0
2025-06-01T15:00:13.050,13.050,783,WG,R_Knee,0x21,2,783,2.239,-0.073,-0.062,-0.954,+2.9,-5.9,-3.7,-0.430,+0.021,+0.903,29.0
2025-06-01T15:00:13.066,13.067,784,WG,R_Knee,0x21,2,784,2.239,-0.075,-0.064,-0.940,+5.1,-6.3,-5.3,-0.428,+0.022,+0.903,29.0
2025-06-01T15:00:13.083,13.083,785,WG,R_Knee,0x21,2,785,2.239,-0.074,-0.066,-0.921,+6.8,-3.0,-5.7,-0.427,+0.023,+0.904,29.0
2025-06-01T15:00:13.100,13.100,786,WG,R_Knee,0x21,2,786,2.235,-0.067,-0.070,-0.906,+6.2,-0.2,-4.4,-0.427,+0.024,+0.904,29.0
2025-06-01T15:00:13.116,13.117,787,WG,R_Knee,0x21,2,787,2.235,-0.064,-0.072,-0.900,+8.0,+1.5,-5.0,-0.427,+0.025,+0.904,29.0
2025-06-01T15:00:13.133,13.133,788,WG,R_Knee,0x21,2,788,2.235,-0.056,-0.076,-0.887,+13.2,+1.9,-8.0,-0.427,+0.027,+0.904,29.0
2025-06-01T15:00:13.150,13.150,789,WG,R_Knee,0x21,2,789,2.232,-0.049,-0.081,-0.868,+12.2,+0.8,-7.5,-0.428,+0.030,+0.903,29.0
2025-06-01T15:00:13.166,13.167,790,WG,R_Knee,0x21,2,790,2.232,-0.046,-0.084,-0.855,+16.4,-1.0,-10.2,-0.428,+0.032,+0.903,29.0
2025-06-01T15:00:13.183,13.183,791,WG,R_Knee,0x21,2,791,2.232,-0.038,-0.093,-0.822,+27.3,-3.0,-16.7,-0.428,+0.036,+0.903,29.0
2025-06-01T15:00:13.200,13.200,792,WG,R_Knee,0x21,2,792,2.231,-0.029,-0.106,-0.779,+35.7,-4.9,-21.0,-0.427,+0.042,+0.903,29.0
2025-06-01T15:00:13.216,13.217,793,WG,R_Knee,0x21,2,793,2.231,-0.018,-0.123,-0.733,+32.2,-4.4,-18.4,-0.426,+0.050,+0.904,29.0
2025-06-01T15:00:13.233,13.233,794,WG,R_Knee,0x21,2,794,2.231,-0.013,-0.133,-0.709,+40.6,-5.4,-22.1,-0.425,+0.054,+0.904,29.0
2025-06-01T15:00:13.250,13.250,795,WG,R_Knee,0x21,2,795,2.225,-0.004,-0.157,-0.666,+63.5,-7.9,-33.2,-0.424,+0.065,+0.903,29.0
2025-06-01T15:00:13.266,13.267,796,WG,R_Knee,0x21,2,796,2.225,+0.004,-0.187,-0.632,+54.8,-6.5,-27.6,-0.422,+0.079,+0.903,29.0
2025-06-01T15:00:13.283,13.283,797,WG,R_Knee,0x21,2,797,2.225,+0.006,-0.203,-0.620,+64.6,-8.1,-31.2,-0.421,+0.087,+0.903,29.0
2025-06-01T15:00:13.300,13.300,798,WG,R_Knee,0x21,2,798,2.223,+0.008,-0.236,-0.602,+95.5,-11.5,-44.8,-0.420,+0.106,+0.902,29.0
2025-06-01T15:00:13.316,13.317,799,WG,R_Knee,0x21,2,799,2.223,+0.006,-0.267,-0.594,+106.8,-11.3,-48.6,-0.418,+0.127,+0.900,29.0
2025-06-01T15:00:13.333,13.333,800,WG,R_Knee,0x21,2,800,2.223,+0.002,-0.296,-0.599,+116.1,-8.2,-51.1,-0.417,+0.150,+0.896,29.0
2025-06-01T15:00:13.350,13.350,801,WG,R_Knee,0x21,2,801,2.222,-0.003,-0.320,-0.619,+91.1,-2.7,-39.1,-0.418,+0.175,+0.891,29.0
2025-06-01T15:00:13.366,13.367,802,WG,R_Knee,0x21,2,802,2.222,-0.006,-0.331,-0.635,+94.4,+1.6,-39.6,-0.420,+0.188,+0.888,29.0
2025-06-01T15:00:13.383,13.383,803,WG,R_Knee,0x21,2,803,2.222,-0.013,-0.349,-0.675,+126.9,+7.6,-53.5,-0.424,+0.214,+0.880,29.0
2025-06-01T15:00:13.400,13.400,804,WG,R_Knee,0x21,2,804,2.221,-0.022,-0.366,-0.722,+95.1,+9.8,-40.9,-0.430,+0.239,+0.870,29.0
2025-06-01T15:00:13.416,13.417,805,WG,R_Knee,0x21,2,805,2.221,-0.026,-0.378,-0.746,+92.8,+14.9,-41.6,-0.434,+0.252,+0.865,29.0
2025-06-01T15:00:13.433,13.433,806,WG,R_Knee,0x21,2,806,2.221,-0.031,-0.413,-0.794,+119.8,+26.9,-55.7,-0.444,+0.275,+0.853,29.0
2025-06-01T15:00:13.450,13.450,807,WG,R_Knee,0x21,2,807,2.222,-0.032,-0.471,-0.843,+112.8,+34.7,-53.6,-0.456,+0.297,+0.839,29.0
2025-06-01T15:00:13.466,13.467,808,WG,R_Knee,0x21,2,808,2.222,-0.028,-0.546,-0.894,+80.0,+29.6,-37.8,-0.470,+0.316,+0.824,29.0
2025-06-01T15:00:13.483,13.483,809,WG,R_Knee,0x21,2,809,2.222,-0.025,-0.585,-0.918,+72.2,+31.8,-31.9,-0.477,+0.325,+0.816,29.0
2025-06-01T15:00:13.500,13.500,810,WG,R_Knee,0x21,2,810,2.223,-0.018,-0.655,-0.957,+87.9,+45.0,-36.9,-0.491,+0.341,+0.801,29.0
2025-06-01T15:00:13.516,13.517,811,WG,R_Knee,0x21,2,811,2.223,-0.014,-0.705,-0.989,+59.2,+35.4,-23.5,-0.506,+0.355,+0.786,29.0
2025-06-01T15:00:13.533,13.533,812,WG,R_Knee,0x21,2,812,2.223,-0.014,-0.723,-1.006,+49.1,+35.9,-17.8,-0.512,+0.362,+0.779,29.0
2025-06-01T15:00:13.550,13.550,813,WG,R_Knee,0x21,2,813,2.225,-0.021,-0.759,-1.053,+54.4,+45.2,-18.1,-0.526,+0.372,+0.765,29.0
2025-06-01T15:00:13.566,13.567,814,WG,R_Knee,0x21,2,814,2.225,-0.038,-0.798,-1.120,+31.8,+30.2,-8.4,-0.536,+0.380,+0.753,29.0
2025-06-01T15:00:13.583,13.583,815,WG,R_Knee,0x21,2,815,2.225,-0.050,-0.816,-1.160,+18.4,+22.3,+1.2,-0.541,+0.384,+0.749,29.0
2025-06-01T15:00:13.600,13.600,816,WG,R_Knee,0x21,2,816,2.229,-0.081,-0.835,-1.251,+9.5,+21.3,+12.9,-0.546,+0.389,+0.742,29.0
2025-06-01T15:00:13.616,13.617,817,WG,R_Knee,0x21,2,817,2.229,-0.125,-0.820,-1.365,-13.4,+10.5,+28.4,-0.547,+0.392,+0.740,29.0
2025-06-01T15:00:13.633,13.633,818,WG,R_Knee,0x21,2,818,2.229,-0.192,-0.768,-1.499,-24.5,+2.5,+30.0,-0.544,+0.392,+0.742,29.0
2025-06-01T15:00:13.650,13.650,819,WG,R_Knee,0x21,2,819,2.230,-0.235,-0.726,-1.566,-45.2,-2.8,+40.7,-0.541,+0.391,+0.745,29.0
2025-06-01T15:00:13.666,13.667,820,WG,R_Knee,0x21,2,820,2.230,-0.341,-0.600,-1.672,-79.7,-5.1,+62.1,-0.534,+0.385,+0.753,29.0
2025-06-01T15:00:13.683,13.683,821,WG,R_Knee,0x21,2,821,2.230,-0.465,-0.423,-1.715,-104.4,-5.7,+68.7,-0.525,+0.375,+0.764,29.0
2025-06-01T15:00:13.700,13.700,822,WG,R_Knee,0x21,2,822,2.232,-0.590,-0.240,-1.698,-92.2,-5.4,+53.9,-0.516,+0.360,+0.777,29.0
2025-06-01T15:00:13.716,13.717,823,WG,R_Knee,0x21,2,823,2.232,-0.647,-0.167,-1.673,-112.4,-14.9,+60.6,-0.511,+0.350,+0.785,29.0
2025-06-01T15:00:13.733,13.733,824,WG,R_Knee,0x21,2,824,2.232,-0.730,-0.071,-1.585,-168.7,-30.9,+92.6,-0.498,+0.326,+0.804,29.0
2025-06-01T15:00:13.750,13.750,825,WG,R_Knee,0x21,2,825,2.235,-0.754,-0.014,-1.431,-138.0,-30.0,+77.9,-0.479,+0.297,+0.826,29.0
2025-06-01T15:00:13.766,13.767,826,WG,R_Knee,0x21,2,826,2.235,-0.741,+0.015,-1.330,-145.0,-37.7,+82.1,-0.469,+0.282,+0.837,29.0
2025-06-01T15:00:13.783,13.783,827,WG,R_Knee,0x21,2,827,2.235,-0.670,+0.075,-1.109,-189.8,-50.9,+98.2,-0.448,+0.249,+0.859,29.0
2025-06-01T15:00:13.800,13.800,828,WG,R_Knee,0x21,2,828,2.238,-0.560,+0.091,-0.908,-178.8,-55.7,+75.6,-0.429,+0.213,+0.878,29.0
2025-06-01T15:00:13.816,13.817,829,WG,R_Knee,0x21,2,829,2.238,-0.432,+0.013,-0.756,-125.0,-46.1,+42.3,-0.410,+0.176,+0.895,29.0
2025-06-01T15:00:13.833,13.833,830,WG,R_Knee,0x21,2,830,2.238,-0.368,-0.060,-0.699,-110.9,-55.5,+28.4,-0.400,+0.158,+0.903,29.0
2025-06-01T15:00:13.850,13.850,831,WG,R_Knee,0x21,2,831,2.244,-0.248,-0.244,-0.619,-132.0,-82.7,+23.8,-0.379,+0.124,+0.917,29.0
2025-06-01T15:00:13.866,13.867,832,WG,R_Knee,0x21,2,832,2.244,-0.146,-0.442,-0.594,-112.0,-94.5,+6.0,-0.354,+0.093,+0.931,29.0
2025-06-01T15:00:13.883,13.883,833,WG,R_Knee,0x21,2,833,2.244,-0.074,-0.633,-0.635,-73.9,-76.9,-5.9,-0.327,+0.065,+0.943,29.0
2025-06-01T15:00:13.900,13.900,834,WG,R_Knee,0x21,2,834,2.247,-0.053,-0.720,-0.675,-61.8,-80.4,-15.9,-0.312,+0.052,+0.949,29.0
2025-06-01T15:00:13.916,13.917,835,WG,R_Knee,0x21,2,835,2.247,-0.039,-0.856,-0.765,-71.2,-102.4,-31.3,-0.283,+0.028,+0.959,29.0
2025-06-01T15:00:13.933,13.933,836,WG,R_Knee,0x21,2,836,2.247,-0.053,-0.921,-0.828,-59.2,-86.1,-42.4,-0.256,+0.007,+0.967,29.0
2025-06-01T15:00:13.950,13.950,837,WG,R_Knee,0x21,2,837,2.249,-0.079,-0.943,-0.866,-41.1,-52.4,-36.8,-0.235,-0.012,+0.972,29.0
2025-06-01T15:00:13.966,13.967,838,WG,R_Knee,0x21,2,838,2.249,-0.098,-0.958,-0.887,-42.3,-39.8,-36.9,-0.226,-0.021,+0.974,29.0
2025-06-01T15:00:13.983,13.983,839,WG,R_Knee,0x21,2,839,2.249,-0.150,-1.007,-0.937,-55.9,-49.0,-45.0,-0.211,-0.041,+0.977,29.0
2025-06-01T15:00:14.000,14.000,840,WG,R_Knee,0x21,2,840,2.252,-0.203,-1.040,-0.955,-43.3,-42.4,-42.9,-0.197,-0.059,+0.979,29.0
2025-06-01T15:00:14.016,14.017,841,WG,R_Knee,0x21,2,841,2.252,-0.199,-1.017,-0.892,-18.3,-23.4,-35.2,-0.186,-0.070,+0.980,29.0
2025-06-01T15:00:14.033,14.033,842,WG,R_Knee,0x21,2,842,2.252,-0.160,-0.993,-0.839,+8.0,-2.7,-39.8,-0.183,-0.073,+0.980,29.0
2025-06-01T15:00:14.050,14.050,843,WG,R_Knee,0x21,2,843,2.254,-0.023,-0.932,-0.740,+38.3,+15.1,-46.4,-0.183,-0.070,+0.981,29.0
2025-06-01T15:00:14.066,14.067,844,WG,R_Knee,0x21,2,844,2.254,+0.134,-0.806,-0.672,+49.4,+22.5,-27.0,-0.189,-0.056,+0.980,29.0
2025-06-01T15:00:14.083,14.083,845,WG,R_Knee,0x21,2,845,2.254,+0.199,-0.692,-0.644,+75.7,+34.3,-25.0,-0.194,-0.045,+0.980,29.0
2025-06-01T15:00:14.100,14.100,846,WG,R_Knee,0x21,2,846,2.258,+0.291,-0.383,-0.592,+123.6,+63.2,-49.1,-0.209,-0.016,+0.978,29.0
2025-06-01T15:00:14.116,14.117,847,WG,R_Knee,0x21,2,847,2.258,+0.335,-0.083,-0.600,+107.2,+61.7,-50.1,-0.230,+0.020,+0.973,29.0
2025-06-01T15:00:14.133,14.133,848,WG,R_Knee,0x21,2,848,2.258,+0.340,+0.028,-0.648,+116.0,+69.6,-48.1,-0.244,+0.038,+0.969,29.0
2025-06-01T15:00:14.150,14.150,849,WG,R_Knee,0x21,2,849,2.259,+0.315,+0.179,-0.833,+153.8,+88.8,-47.9,-0.271,+0.078,+0.959,29.0
2025-06-01T15:00:14.166,14.167,850,WG,R_Knee,0x21,2,850,2.259,+0.255,+0.305,-1.077,+140.6,+77.9,-28.4,-0.295,+0.117,+0.948,29.0
2025-06-01T15:00:14.183,14.183,851,WG,R_Knee,0x21,2,851,2.259,+0.185,+0.422,-1.313,+92.2,+54.0,-16.8,-0.316,+0.151,+0.937,29.0
2025-06-01T15:00:14.200,14.200,852,WG,R_Knee,0x21,2,852,2.261,+0.149,+0.459,-1.423,+64.9,+51.6,-12.6,-0.326,+0.164,+0.931,29.0
2025-06-01T15:00:14.216,14.217,853,WG,R_Knee,0x21,2,853,2.261,+0.070,+0.455,-1.632,+51.5,+62.3,-7.0,-0.345,+0.183,+0.921,29.0
2025-06-01T15:00:14.233,14.233,854,WG,R_Knee,0x21,2,854,2.261,-0.036,+0.356,-1.821,+10.8,+38.4,+4.0,-0.360,+0.191,+0.913,29.0
2025-06-01T15:00:14.250,14.250,855,WG,R_Knee,0x21,2,855,2.262,-0.099,+0.286,-1.897,-22.5,+22.2,+11.7,-0.365,+0.190,+0.911,29.0
2025-06-01T15:00:14.266,14.267,856,WG,R_Knee,0x21,2,856,2.262,-0.221,+0.133,-1.978,-54.8,+16.6,+15.7,-0.370,+0.181,+0.911,29.0
2025-06-01T15:00:14.283,14.283,857,WG,R_Knee,0x21,2,857,2.262,-0.291,-0.033,-1.951,-81.2,+6.7,+17.4,-0.372,+0.164,+0.914,29.0
2025-06-01T15:00:14.300,14.300,858,WG,R_Knee,0x21,2,858,2.264,-0.281,-0.222,-1.841,-102.7,+1.9,+32.9,-0.372,+0.142,+0.917,29.0
2025-06-01T15:00:14.316,14.317,859,WG,R_Knee,0x21,2,859,2.264,-0.227,-0.377,-1.683,-86.7,-1.3,+39.6,-0.371,+0.117,+0.921,29.0
2025-06-01T15:00:14.333,14.333,860,WG,R_Knee,0x21,2,860,2.264,-0.204,-0.408,-1.587,-91.7,-7.3,+53.1,-0.369,+0.104,+0.924,29.0
2025-06-01T15:00:14.350,14.350,861,WG,R_Knee,0x21,2,861,2.265,-0.183,-0.357,-1.355,-118.8,-7.7,+61.3,-0.364,+0.079,+0.928,29.0
2025-06-01T15:00:14.366,14.367,862,WG,R_Knee,0x21,2,862,2.265,-0.182,-0.249,-1.112,-84.2,-1.4,+32.6,-0.362,+0.053,+0.931,29.0
2025-06-01T15:00:14.383,14.383,863,WG,R_Knee,0x21,2,863,2.265,-0.184,-0.220,-1.012,-75.0,+4.0,+21.8,-0.362,+0.040,+0.931,29.0
2025-06-01T15:00:14.400,14.400,864,WG,R_Knee,0x21,2,864,2.265,-0.187,-0.233,-0.882,-90.1,+1.3,+39.1,-0.363,+0.017,+0.931,29.0
2025-06-01T15:00:14.416,14.417,865,WG,R_Knee,0x21,2,865,2.265,-0.194,-0.254,-0.815,-76.1,-10.5,+54.2,-0.362,-0.001,+0.932,29.0
2025-06-01T15:00:14.433,14.433,866,WG,R_Knee,0x21,2,866,2.265,-0.192,-0.208,-0.749,-48.6,-13.3,+41.6,-0.358,-0.013,+0.934,29.0
2025-06-01T15:00:14.450,14.450,867,WG,R_Knee,0x21,2,867,2.265,-0.185,-0.172,-0.709,-36.9,-12.3,+29.7,-0.355,-0.018,+0.935,29.0
2025-06-01T15:00:14.466,14.467,868,WG,R_Knee,0x21,2,868,2.265,-0.161,-0.117,-0.632,-37.5,-10.0,+31.2,-0.351,-0.027,+0.936,29.0
2025-06-01T15:00:14.483,14.483,869,WG,R_Knee,0x21,2,869,2.265,-0.137,-0.094,-0.574,-23.2,-0.4,+27.3,-0.350,-0.032,+0.936,29.0
2025-06-01T15:00:14.500,14.500,870,WG,R_Knee,0x21,2,870,2.264,-0.112,-0.070,-0.542,-10.4,+5.7,+19.1,-0.352,-0.034,+0.936,29.0
2025-06-01T15:00:14.516,14.517,871,WG,R_Knee,0x21,2,871,2.264,-0.096,-0.055,-0.536,-3.4,+14.7,+12.9,-0.354,-0.034,+0.935,29.0
2025-06-01T15:00:14.533,14.533,872,WG,R_Knee,0x21,2,872,2.264,-0.061,-0.026,-0.558,+0.3,+26.1,+10.8,-0.360,-0.033,+0.932,29.0
2025-06-01T15:00:14.550,14.550,873,WG,R_Knee,0x21,2,873,2.263,-0.032,-0.010,-0.627,+5.2,+29.0,+5.2,-0.368,-0.032,+0.929,29.0
2025-06-01T15:00:14.566,14.567,874,WG,R_Knee,0x21,2,874,2.263,-0.021,-0.002,-0.724,+5.8,+20.6,+2.0,-0.376,-0.030,+0.926,29.0
2025-06-01T15:00:14.583,14.583,875,WG,R_Knee,0x21,2,875,2.263,-0.023,-0.000,-0.772,+7.2,+18.0,-0.3,-0.379,-0.028,+0.925,29.0
2025-06-01T15:00:14.600,14.600,876,WG,R_Knee,0x21,2,876,2.262,-0.036,-0.000,-0.857,+9.7,+22.3,-1.7,-0.385,-0.026,+0.922,29.0
2025-06-01T15:00:14.616,14.617,877,WG,R_Knee,0x21,2,877,2.262,-0.060,-0.006,-0.929,+6.9,+15.4,-1.6,-0.391,-0.023,+0.920,29.0
2025-06-01T15:00:14.633,14.633,878,WG,R_Knee,0x21,2,878,2.262,-0.075,-0.009,-0.962,+5.6,+12.2,-0.6,-0.394,-0.022,+0.919,29.0
2025-06-01T15:00:14.650,14.650,879,WG,R_Knee,0x21,2,879,2.258,-0.105,-0.015,-1.023,+5.6,+11.0,+0.5,-0.398,-0.021,+0.917,29.0
2025-06-01T15:00:14.666,14.667,880,WG,R_Knee,0x21,2,880,2.258,-0.132,-0.019,-1.072,+2.8,+3.1,+2.5,-0.399,-0.019,+0.917,29.0
2025-06-01T15:00:14.683,14.683,881,WG,R_Knee,0x21,2,881,2.258,-0.151,-0.020,-1.097,+0.5,-1.9,+3.1,-0.399,-0.019,+0.917,29.0
2025-06-01T15:00:14.700,14.700,882,WG,R_Knee,0x21,2,882,2.256,-0.157,-0.020,-1.100,-1.3,-5.8,+4.6,-0.398,-0.018,+0.917,29.0
2025-06-01T15:00:14.716,14.717,883,WG,R_Knee,0x21,2,883,2.256,-0.162,-0.019,-1.087,-2.9,-8.5,+7.0,-0.396,-0.018,+0.918,29.0
2025-06-01T15:00:14.733,14.733,884,WG,R_Knee,0x21,2,884,2.256,-0.160,-0.016,-1.054,-2.8,-5.7,+5.5,-0.394,-0.018,+0.919,29.0
2025-06-01T15:00:14.750,14.750,885,WG,R_Knee,0x21,2,885,2.253,-0.156,-0.015,-1.034,-3.0,-3.2,+5.2,-0.393,-0.018,+0.919,29.0
2025-06-01T15:00:14.766,14.767,886,WG,R_Knee,0x21,2,886,2.253,-0.146,-0.013,-1.000,-3.8,-2.6,+6.3,-0.392,-0.019,+0.920,29.0
2025-06-01T15:00:14.783,14.783,887,WG,R_Knee,0x21,2,887,2.253,-0.137,-0.012,-0.980,-3.0,-3.4,+5.0,-0.392,-0.019,+0.920,29.0
2025-06-01T15:00:14.800,14.800,888,WG,R_Knee,0x21,2,888,2.247,-0.133,-0.012,-0.973,-1.7,-4.6,+3.0,-0.391,-0.019,+0.920,29.0
2025-06-01T15:00:14.816,14.817,889,WG,R_Knee,0x21,2,889,2.247,-0.134,-0.012,-0.971,-0.8,-8.1,+2.2,-0.389,-0.019,+0.921,29.0
2025-06-01T15:00:14.833,14.833,890,WG,R_Knee,0x21,2,890,2.247,-0.135,-0.012,-0.965,-0.3,-12.6,+2.4,-0.386,-0.019,+0.922,29.0
2025-06-01T15:00:14.850,14.850,891,WG,R_Knee,0x21,2,891,2.243,-0.137,-0.013,-0.955,+0.6,-12.5,+1.8,-0.383,-0.019,+0.924,29.0
2025-06-01T15:00:14.866,14.867,892,WG,R_Knee,0x21,2,892,2.243,-0.137,-0.013,-0.947,+0.9,-8.1,+1.2,-0.380,-0.018,+0.925,29.0
2025-06-01T15:00:14.883,14.883,893,WG,R_Knee,0x21,2,893,2.243,-0.138,-0.014,-0.945,+1.4,-6.1,+1.1,-0.378,-0.018,+0.925,29.0
2025-06-01T15:00:14.900,14.900,894,WG,R_Knee,0x21,2,894,2.240,-0.144,-0.015,-0.947,+2.1,-6.6,+1.7,-0.376,-0.017,+0.926,29.0
2025-06-01T15:00:14.916,14.917,895,WG,R_Knee,0x21,2,895,2.240,-0.153,-0.016,-0.952,+1.8,-4.0,+1.4,-0.375,-0.017,+0.927,29.0
2025-06-01T15:00:14.933,14.933,896,WG,R_Knee,0x21,2,896,2.240,-0.158,-0.016,-0.953,+2.2,-3.0,+1.6,-0.374,-0.016,+0.927,29.0
2025-06-01T15:00:14.950,14.950,897,WG,R_Knee,0x21,2,897,2.238,-0.164,-0.017,-0.953,+3.6,-3.3,+2.1,-0.373,-0.015,+0.928,29.0
2025-06-01T15:00:14.966,14.967,898,WG,R_Knee,0x21,2,898,2.238,-0.163,-0.018,-0.948,+4.6,-3.1,+1.9,-0.373,-0.014,+0.928,29.0
2025-06-01T15:00:14.983,14.983,899,WG,R_Knee,0x21,2,899,2.238,-0.158,-0.019,-0.945,+4.1,-2.8,+1.1,-0.372,-0.012,+0.928,29.0
2025-06-01T15:00:15.000,15.000,900,WG,R_Knee,0x21,2,900,2.231,-0.155,-0.020,-0.943,+5.1,-4.4,+0.6,-0.371,-0.011,+0.929,29.0
2025-06-01T15:00:15.016,15.017,901,WG,R_Knee,0x21,2,901,2.231,-0.150,-0.022,-0.939,+7.8,-7.2,+0.2,-0.369,-0.009,+0.929,29.0
2025-06-01T15:00:15.033,15.033,902,WG,R_Knee,0x21,2,902,2.231,-0.149,-0.024,-0.933,+6.7,-6.1,-0.4,-0.367,-0.007,+0.930,29.0
2025-06-01T15:00:15.050,15.050,903,WG,R_Knee,0x21,2,903,2.229,-0.149,-0.025,-0.929,+7.8,-5.7,-1.0,-0.366,-0.006,+0.931,29.0
2025-06-01T15:00:15.066,15.067,904,WG,R_Knee,0x21,2,904,2.229,-0.149,-0.029,-0.922,+11.6,-6.5,-1.9,-0.364,-0.003,+0.931,29.0
2025-06-01T15:00:15.083,15.083,905,WG,R_Knee,0x21,2,905,2.229,-0.148,-0.033,-0.914,+13.4,-5.1,-2.8,-0.362,+0.000,+0.932,29.0
2025-06-01T15:00:15.100,15.100,906,WG,R_Knee,0x21,2,906,2.226,-0.143,-0.037,-0.907,+11.1,-3.2,-2.8,-0.361,+0.004,+0.932,29.0
2025-06-01T15:00:15.116,15.117,907,WG,R_Knee,0x21,2,907,2.226,-0.140,-0.039,-0.904,+12.6,-2.7,-4.0,-0.361,+0.006,+0.933,29.0
2025-06-01T15:00:15.133,15.133,908,WG,R_Knee,0x21,2,908,2.226,-0.133,-0.044,-0.896,+18.5,-3.0,-6.9,-0.360,+0.010,+0.933,29.0
2025-06-01T15:00:15.150,15.150,909,WG,R_Knee,0x21,2,909,2.221,-0.126,-0.050,-0.887,+21.2,-1.7,-9.1,-0.359,+0.014,+0.933,29.0
2025-06-01T15:00:15.166,15.167,910,WG,R_Knee,0x21,2,910,2.221,-0.121,-0.058,-0.875,+17.6,-0.0,-8.2,-0.359,+0.019,+0.933,29.0
2025-06-01T15:00:15.183,15.183,911,WG,R_Knee,0x21,2,911,2.221,-0.118,-0.062,-0.866,+20.7,+2.5,-10.0,-0.359,+0.022,+0.933,29.0
2025-06-01T15:00:15.200,15.200,912,WG,R_Knee,0x21,2,912,2.212,-0.109,-0.072,-0.839,+32.0,+6.1,-15.4,-0.360,+0.028,+0.932,29.0
2025-06-01T15:00:15.216,15.217,913,WG,R_Knee,0x21,2,913,2.212,-0.095,-0.084,-0.797,+39.7,+8.5,-18.9,-0.363,+0.036,+0.931,29.0
2025-06-01T15:00:15.233,15.233,914,WG,R_Knee,0x21,2,914,2.212,-0.074,-0.100,-0.742,+35.2,+6.9,-16.8,-0.366,+0.046,+0.930,29.0
2025-06-01T15:00:15.250,15.250,915,WG,R_Knee,0x21,2,915,2.208,-0.063,-0.111,-0.711,+44.0,+6.4,-21.3,-0.367,+0.052,+0.929,29.0
2025-06-01T15:00:15.266,15.267,916,WG,R_Knee,0x21,2,916,2.208,-0.043,-0.138,-0.651,+68.3,+9.2,-33.0,-0.370,+0.065,+0.927,29.0
2025-06-01T15:00:15.283,15.283,917,WG,R_Knee,0x21,2,917,2.208,-0.027,-0.176,-0.602,+81.1,+11.9,-38.1,-0.373,+0.081,+0.924,29.0
2025-06-01T15:00:15.300,15.300,918,WG,R_Knee,0x21,2,918,2.204,-0.014,-0.223,-0.575,+67.9,+11.6,-30.5,-0.378,+0.100,+0.920,29.0
2025-06-01T15:00:15.316,15.317,919,WG,R_Knee,0x21,2,919,2.204,-0.007,-0.249,-0.571,+76.2,+14.9,-31.3,-0.381,+0.111,+0.918,29.0
2025-06-01T15:00:15.333,15.333,920,WG,R_Knee,0x21,2,920,2.204,+0.007,-0.298,-0.583,+108.5,+23.1,-42.2,-0.388,+0.134,+0.912,29.0
2025-06-01T15:00:15.350,15.350,921,WG,R_Knee,0x21,2,921,2.201,+0.021,-0.342,-0.612,+85.8,+19.5,-32.1,-0.397,+0.159,+0.904,29.0
2025-06-01T15:00:15.366,15.367,922,WG,R_Knee,0x21,2,922,2.201,+0.027,-0.362,-0.631,+89.4,+20.9,-32.6,-0.401,+0.172,+0.900,29.0
2025-06-01T15:00:15.383,15.383,923,WG,R_Knee,0x21,2,923,2.201,+0.035,-0.397,-0.676,+121.1,+30.3,-44.4,-0.411,+0.198,+0.890,29.0
2025-06-01T15:00:15.400,15.400,924,WG,R_Knee,0x21,2,924,2.198,+0.038,-0.431,-0.732,+121.5,+32.5,-44.9,-0.422,+0.224,+0.878,29.0
2025-06-01T15:00:15.416,15.417,925,WG,R_Knee,0x21,2,925,2.198,+0.033,-0.465,-0.803,+90.2,+25.4,-33.8,-0.434,+0.249,+0.866,29.0
2025-06-01T15:00:15.433,15.433,926,WG,R_Knee,0x21,2,926,2.198,+0.027,-0.481,-0.843,+86.3,+24.8,-32.9,-0.439,+0.261,+0.859,29.0
2025-06-01T15:00:15.450,15.450,927,WG,R_Knee,0x21,2,927,2.194,+0.008,-0.514,-0.920,+109.1,+33.6,-43.1,-0.451,+0.284,+0.846,29.0
2025-06-01T15:00:15.466,15.467,928,WG,R_Knee,0x21,2,928,2.194,-0.020,-0.544,-0.987,+76.6,+25.8,-31.4,-0.463,+0.304,+0.833,29.0
2025-06-01T15:00:15.483,15.483,929,WG,R_Knee,0x21,2,929,2.194,-0.037,-0.558,-1.015,+67.9,+25.4,-28.8,-0.469,+0.313,+0.826,29.0
2025-06-01T15:00:15.500,15.500,930,WG,R_Knee,0x21,2,930,2.193,-0.074,-0.578,-1.070,+81.1,+31.3,-36.3,-0.481,+0.328,+0.813,29.0
2025-06-01T15:00:15.516,15.517,931,WG,R_Knee,0x21,2,931,2.193,-0.115,-0.587,-1.137,+66.4,+24.1,-33.0,-0.491,+0.341,+0.802,29.0
2025-06-01T15:00:15.533,15.533,932,WG,R_Knee,0x21,2,932,2.193,-0.160,-0.598,-1.234,+40.0,+12.6,-22.1,-0.498,+0.350,+0.793,29.0
2025-06-01T15:00:15.550,15.550,933,WG,R_Knee,0x21,2,933,2.192,-0.184,-0.608,-1.302,+22.2,+3.5,-14.9,-0.501,+0.353,+0.790,29.0
2025-06-01T15:00:15.566,15.567,934,WG,R_Knee,0x21,2,934,2.192,-0.241,-0.635,-1.487,+7.0,-7.2,-8.8,-0.503,+0.356,+0.788,29.0
2025-06-01T15:00:15.583,15.583,935,WG,R_Knee,0x21,2,935,2.192,-0.309,-0.631,-1.711,-13.0,-15.5,+2.2,-0.499,+0.354,+0.791,29.0
2025-06-01T15:00:15.600,15.600,936,WG,R_Knee,0x21,2,936,2.192,-0.345,-0.598,-1.817,-38.5,-28.0,+11.6,-0.495,+0.350,+0.795,29.0
2025-06-01T15:00:15.616,15.617,937,WG,R_Knee,0x21,2,937,2.192,-0.410,-0.458,-1.969,-77.5,-43.0,+20.7,-0.484,+0.339,+0.807,29.0
2025-06-01T15:00:15.633,15.633,938,WG,R_Knee,0x21,2,938,2.192,-0.447,-0.255,-2.017,-78.7,-33.0,+18.8,-0.471,+0.320,+0.822,29.0
2025-06-01T15:00:15.650,15.650,939,WG,R_Knee,0x21,2,939,2.194,-0.452,-0.154,-2.009,-109.5,-32.1,+26.5,-0.465,+0.307,+0.831,29.0
2025-06-01T15:00:15.666,15.667,940,WG,R_Knee,0x21,2,940,2.194,-0.437,+0.008,-1.953,-175.5,-46.5,+45.4,-0.451,+0.273,+0.849,29.0
2025-06-01T15:00:15.683,15.683,941,WG,R_Knee,0x21,2,941,2.194,-0.395,+0.112,-1.845,-206.7,-57.8,+58.4,-0.435,+0.232,+0.870,29.0
2025-06-01T15:00:15.700,15.700,942,WG,R_Knee,0x21,2,942,2.195,-0.329,+0.177,-1.676,-165.8,-50.0,+47.9,-0.414,+0.183,+0.891,29.0
2025-06-01T15:00:15.716,15.717,943,WG,R_Knee,0x21,2,943,2.195,-0.288,+0.198,-1.568,-169.3,-58.0,+50.6,-0.403,+0.158,+0.901,29.0
2025-06-01T15:00:15.733,15.733,944,WG,R_Knee,0x21,2,944,2.195,-0.193,+0.207,-1.323,-218.3,-77.5,+63.4,-0.380,+0.106,+0.919,29.0
2025-06-01T15:00:15.750,15.750,945,WG,R_Knee,0x21,2,945,2.197,-0.095,+0.163,-1.070,-154.3,-57.1,+43.8,-0.358,+0.055,+0.932,29.0
2025-06-01T15:00:15.766,15.767,946,WG,R_Knee,0x21,2,946,2.197,-0.050,+0.120,-0.952,-133.9,-56.7,+40.0,-0.347,+0.032,+0.937,29.0
2025-06-01T15:00:15.783,15.783,947,WG,R_Knee,0x21,2,947,2.197,+0.029,-0.002,-0.742,-150.9,-72.6,+45.1,-0.326,-0.010,+0.945,29.0
2025-06-01T15:00:15.800,15.800,948,WG,R_Knee,0x21,2,948,2.199,+0.086,-0.177,-0.589,-111.2,-68.2,+34.8,-0.307,-0.043,+0.951,29.0
2025-06-01T15:00:15.816,15.817,949,WG,R_Knee,0x21,2,949,2.199,+0.113,-0.396,-0.519,-60.5,-47.4,+20.4,-0.289,-0.065,+0.955,29.0
2025-06-01T15:00:15.833,15.833,950,WG,R_Knee,0x21,2,950,2.199,+0.114,-0.510,-0.519,-31.6,-40.1,+14.3,-0.281,-0.073,+0.957,29.0
2025-06-01T15:00:15.850,15.850,951,WG,R_Knee,0x21,2,951,2.203,+0.090,-0.712,-0.574,-15.0,-42.1,+10.8,-0.268,-0.081,+0.960,29.0
2025-06-01T15:00:15.866,15.867,952,WG,R_Knee,0x21,2,952,2.203,+0.043,-0.840,-0.652,+17.6,-20.1,-1.4,-0.258,-0.079,+0.963,29.0
2025-06-01T15:00:15.883,15.883,953,WG,R_Knee,0x21,2,953,2.203,-0.003,-0.896,-0.705,+28.3,+1.5,-7.5,-0.256,-0.071,+0.964,29.0
2025-06-01T15:00:15.900,15.900,954,WG,R_Knee,0x21,2,954,2.205,-0.020,-0.910,-0.723,+38.2,+26.7,-11.5,-0.259,-0.065,+0.964,29.0
2025-06-01T15:00:15.916,15.917,955,WG,R_Knee,0x21,2,955,2.205,-0.042,-0.945,-0.768,+50.3,+53.4,-15.4,-0.271,-0.051,+0.961,29.0
2025-06-01T15:00:15.933,15.933,956,WG,R_Knee,0x21,2,956,2.205,-0.050,-1.018,-0.847,+47.3,+60.6,-13.0,-0.288,-0.039,+0.957,29.0
2025-06-01T15:00:15.950,15.950,957,WG,R_Knee,0x21,2,957,2.207,-0.037,-1.104,-0.931,+36.7,+39.6,-7.5,-0.304,-0.027,+0.952,29.0
2025-06-01T15:00:15.966,15.967,958,WG,R_Knee,0x21,2,958,2.207,-0.022,-1.126,-0.952,+48.3,+21.1,-5.6,-0.310,-0.020,+0.950,29.0
2025-06-01T15:00:15.983,15.983,959,WG,R_Knee,0x21,2,959,2.207,+0.023,-1.095,-0.928,+80.9,+9.7,-15.5,-0.316,-0.001,+0.949,29.0
2025-06-01T15:00:16.000,16.000,960,WG,R_Knee,0x21,2,960,2.210,+0.065,-1.013,-0.840,+72.6,-3.6,-21.2,-0.316,+0.022,+0.949,29.0
2025-06-01T15:00:16.016,16.017,961,WG,R_Knee,0x21,2,961,2.210,+0.076,-0.985,-0.792,+85.4,-11.7,-28.7,-0.314,+0.035,+0.949,29.0
2025-06-01T15:00:16.033,16.033,962,WG,R_Knee,0x21,2,962,2.210,+0.074,-0.957,-0.708,+125.1,-19.2,-23.9,-0.310,+0.064,+0.949,29.0
2025-06-01T15:00:16.050,16.050,963,WG,R_Knee,0x21,2,963,2.211,+0.047,-0.846,-0.621,+139.9,-18.6,-1.7,-0.304,+0.099,+0.947,29.0
2025-06-01T15:00:16.066,16.067,964,WG,R_Knee,0x21,2,964,2.211,+0.023,-0.547,-0.531,+112.6,-8.3,-0.4,-0.300,+0.141,+0.944,29.0
2025-06-01T15:00:16.083,16.083,965,WG,R_Knee,0x21,2,965,2.211,+0.018,-0.356,-0.502,+118.6,+9.6,-30.7,-0.300,+0.161,+0.940,29.0
2025-06-01T15:00:16.100,16.100,966,WG,R_Knee,0x21,2,966,2.212,+0.012,-0.034,-0.520,+157.9,+32.0,-66.9,-0.308,+0.200,+0.930,29.0
2025-06-01T15:00:16.116,16.117,967,WG,R_Knee,0x21,2,967,2.212,-0.016,+0.125,-0.642,+115.7,+35.9,-57.6,-0.325,+0.235,+0.916,29.0
2025-06-01T15:00:16.133,16.133,968,WG,R_Knee,0x21,2,968,2.212,-0.045,+0.163,-0.725,+104.5,+42.6,-41.9,-0.335,+0.251,+0.908,29.0
2025-06-01T15:00:16.150,16.150,969,WG,R_Knee,0x21,2,969,2.215,-0.125,+0.230,-0.907,+122.5,+65.0,-48.3,-0.354,+0.281,+0.892,29.0
2025-06-01T15:00:16.166,16.167,970,WG,R_Knee,0x21,2,970,2.215,-0.211,+0.286,-1.103,+93.4,+75.4,-49.7,-0.376,+0.305,+0.875,29.0
2025-06-01T15:00:16.183,16.183,971,WG,R_Knee,0x21,2,971,2.215,-0.288,+0.257,-1.327,+50.8,+59.7,-38.5,-0.401,+0.318,+0.859,29.0
2025-06-01T15:00:16.200,16.200,972,WG,R_Knee,0x21,2,972,2.215,-0.322,+0.200,-1.446,+23.2,+50.7,-25.7,-0.413,+0.321,+0.852,29.0
2025-06-01T15:00:16.216,16.217,973,WG,R_Knee,0x21,2,973,2.215,-0.370,+0.039,-1.663,+7.9,+46.4,-16.3,-0.431,+0.323,+0.842,29.0
2025-06-01T15:00:16.233,16.233,974,WG,R_Knee,0x21,2,974,2.215,-0.387,-0.116,-1.795,-17.7,+13.1,+0.8,-0.439,+0.321,+0.839,29.0
2025-06-01T15:00:16.250,16.250,975,WG,R_Knee,0x21,2,975,2.216,-0.382,-0.242,-1.811,-25.8,-7.6,+4.7,-0.437,+0.315,+0.842,29.0
2025-06-01T15:00:16.266,16.267,976,WG,R_Knee,0x21,2,976,2.216,-0.376,-0.312,-1.787,-42.9,-22.8,+9.9,-0.434,+0.310,+0.846,29.0
2025-06-01T15:00:16.283,16.283,977,WG,R_Knee,0x21,2,977,2.216,-0.361,-0.486,-1.715,-73.8,-39.5,+31.8,-0.424,+0.296,+0.856,29.0
2025-06-01T15:00:16.300,16.300,978,WG,R_Knee,0x21,2,978,2.216,-0.337,-0.634,-1.623,-66.3,-34.7,+42.7,-0.409,+0.281,+0.868,29.0
2025-06-01T15:00:16.316,16.317,979,WG,R_Knee,0x21,2,979,2.216,-0.317,-0.651,-1.563,-76.8,-38.4,+61.7,-0.400,+0.273,+0.875,29.0
2025-06-01T15:00:16.333,16.333,980,WG,R_Knee,0x21,2,980,2.216,-0.251,-0.546,-1.418,-108.7,-44.4,+68.9,-0.380,+0.256,+0.889,29.0
2025-06-01T15:00:16.350,16.350,981,WG,R_Knee,0x21,2,981,2.216,-0.162,-0.386,-1.278,-115.7,-30.3,+35.1,-0.366,+0.232,+0.901,29.0
2025-06-01T15:00:16.366,16.367,982,WG,R_Knee,0x21,2,982,2.216,-0.086,-0.349,-1.186,-89.7,-15.5,+12.9,-0.359,+0.203,+0.911,29.0
2025-06-01T15:00:16.383,16.383,983,WG,R_Knee,0x21,2,983,2.216,-0.065,-0.375,-1.153,-90.9,-13.9,+24.5,-0.357,+0.187,+0.915,29.0
2025-06-01T15:00:16.400,16.400,984,WG,R_Knee,0x21,2,984,2.216,-0.063,-0.416,-1.082,-118.6,-18.1,+46.0,-0.350,+0.159,+0.923,29.0
2025-06-01T15:00:16.416,16.417,985,WG,R_Knee,0x21,2,985,2.216,-0.086,-0.375,-0.993,-85.6,-11.3,+35.9,-0.343,+0.133,+0.930,29.0
2025-06-01T15:00:16.433,16.433,986,WG,R_Knee,0x21,2,986,2.216,-0.098,-0.340,-0.949,-78.6,-5.2,+22.0,-0.340,+0.120,+0.933,29.0
2025-06-01T15:00:16.450,16.450,987,WG,R_Knee,0x21,2,987,2.213,-0.118,-0.295,-0.876,-96.4,-2.1,+25.2,-0.338,+0.095,+0.936,29.0
2025-06-01T15:00:16.466,16.467,988,WG,R_Knee,0x21,2,988,2.213,-0.136,-0.283,-0.818,-84.4,+1.3,+32.6,-0.338,+0.073,+0.938,29.0
2025-06-01T15:00:16.483,16.483,989,WG,R_Knee,0x21,2,989,2.213,-0.147,-0.254,-0.764,-56.3,+2.8,+29.6,-0.338,+0.055,+0.940,29.0
2025-06-01T15:00:16.500,16.500,990,WG,R_Knee,0x21,2,990,2.212,-0.149,-0.230,-0.738,-46.7,+6.7,+26.3,-0.338,+0.048,+0.940,29.0
2025-06-01T15:00:16.516,16.517,991,WG,R_Knee,0x21,2,991,2.212,-0.147,-0.181,-0.696,-52.9,+13.2,+29.2,-0.341,+0.035,+0.939,29.0
2025-06-01T15:00:16.533,16.533,992,WG,R_Knee,0x21,2,992,2.212,-0.137,-0.148,-0.672,-32.9,+12.1,+19.1,-0.345,+0.025,+0.938,29.0
2025-06-01T15:00:16.550,16.550,993,WG,R_Knee,0x21,2,993,2.210,-0.130,-0.135,-0.669,-25.0,+12.1,+17.6,-0.347,+0.021,+0.938,29.0
2025-06-01T15:00:16.566,16.567,994,WG,R_Knee,0x21,2,994,2.210,-0.109,-0.107,-0.680,-27.2,+13.9,+19.3,-0.351,+0.014,+0.936,29.0
2025-06-01T15:00:16.583,16.583,995,WG,R_Knee,0x21,2,995,2.210,-0.084,-0.079,-0.710,-21.1,+9.2,+11.6,-0.355,+0.010,+0.935,29.0
2025-06-01T15:00:16.600,16.600,996,WG,R_Knee,0x21,2,996,2.205,-0.065,-0.060,-0.748,-13.4,+3.9,+4.9,-0.356,+0.005,+0.934,29.0
2025-06-01T15:00:16.616,16.617,997,WG,R_Knee,0x21,2,997,2.205,-0.059,-0.055,-0.767,-11.2,+0.6,+1.7,-0.357,+0.003,+0.934,29.0
2025-06-01T15:00:16.633,16.633,998,WG,R_Knee,0x21,2,998,2.205,-0.061,-0.047,-0.802,-13.1,-1.4,-0.4,-0.357,-0.000,+0.934,29.0
2025-06-01T15:00:16.650,16.650,999,WG,R_Knee,0x21,2,999,2.202,-0.079,-0.041,-0.837,-10.9,-4.3,-4.0,-0.356,-0.004,+0.935,29.0
2025-06-01T15:00:16.666,16.667,1000,WG,R_Knee,0x21,2,1000,2.202,-0.112,-0.037,-0.873,-7.2,-5.4,-4.7,-0.354,-0.007,+0.935,29.0
2025-06-01T15:00:16.683,16.683,1001,WG,R_Knee,0x21,2,1001,2.202,-0.130,-0.037,-0.890,-6.3,-8.6,-5.6,-0.353,-0.009,+0.936,29.0
2025-06-01T15:00:16.700,16.700,1002,WG,R_Knee,0x21,2,1002,2.198,-0.165,-0.036,-0.920,-7.8,-13.4,-7.5,-0.350,-0.012,+0.937,29.0
2025-06-01T15:00:16.716,16.717,1003,WG,R_Knee,0x21,2,1003,2.198,-0.192,-0.035,-0.942,-7.5,-13.2,-6.5,-0.346,-0.014,+0.938,29.0
2025-06-01T15:00:16.733,16.733,1004,WG,R_Knee,0x21,2,1004,2.198,-0.210,-0.032,-0.960,-5.8,-8.2,-3.9,-0.342,-0.017,+0.939,29.0
2025-06-01T15:00:16.750,16.750,1005,WG,R_Knee,0x21,2,1005,2.195,-0.216,-0.030,-0.968,-6.6,-4.3,-2.1,-0.341,-0.018,+0.940,29.0
2025-06-01T15:00:16.766,16.767,1006,WG,R_Knee,0x21,2,1006,2.195,-0.224,-0.026,-0.983,-9.8,-1.9,-1.1,-0.340,-0.021,+0.940,29.0
2025-06-01T15:00:16.783,16.783,1007,WG,R_Knee,0x21,2,1007,2.195,-0.226,-0.021,-0.993,-8.1,+1.1,+0.3,-0.340,-0.024,+0.940,29.0
2025-06-01T15:00:16.800,16.800,1008,WG,R_Knee,0x21,2,1008,2.191,-0.224,-0.018,-0.995,-8.8,+2.9,+1.3,-0.341,-0.025,+0.940,29.0
2025-06-01T15:00:16.816,16.817,1009,WG,R_Knee,0x21,2,1009,2.191,-0.216,-0.014,-0.994,-11.8,+3.9,+2.1,-0.342,-0.028,+0.939,29.0
2025-06-01T15:00:16.833,16.833,1010,WG,R_Knee,0x21,2,1010,2.191,-0.204,-0.010,-0.986,-11.4,+2.2,+1.9,-0.343,-0.031,+0.939,29.0
2025-06-01T15:00:16.850,16.850,1011,WG,R_Knee,0x21,2,1011,2.187,-0.193,-0.007,-0.972,-8.0,+0.0,+1.1,-0.343,-0.034,+0.939,29.0
2025-06-01T15:00:16.866,16.867,1012,WG,R_Knee,0x21,2,1012,2.187,-0.188,-0.006,-0.963,-6.8,-1.8,+0.3,-0.343,-0.036,+0.939,29.0
2025-06-01T15:00:16.883,16.883,1013,WG,R_Knee,0x21,2,1013,2.187,-0.182,-0.004,-0.943,-7.7,-3.2,-0.4,-0.342,-0.038,+0.939,29.0
2025-06-01T15:00:16.900,16.900,1014,WG,R_Knee,0x21,2,1014,2.186,-0.180,-0.003,-0.926,-5.7,-3.8,-1.4,-0.341,-0.040,+0.939,29.0
2025-06-01T15:00:16.916,16.917,1015,WG,R_Knee,0x21,2,1015,2.186,-0.181,-0.003,-0.919,-3.2,-3.2,-1.5,-0.340,-0.041,+0.940,29.0
2025-06-01T15:00:16.933,16.933,1016,WG,R_Knee,0x21,2,1016,2.186,-0.182,-0.002,-0.919,-2.0,-3.7,-1.9,-0.339,-0.042,+0.940,29.0
2025-06-01T15:00:16.950,16.950,1017,WG,R_Knee,0x21,2,1017,2.182,-0.188,-0.002,-0.926,-1.9,-5.3,-2.8,-0.338,-0.043,+0.940,29.0
2025-06-01T15:00:16.966,16.967,1018,WG,R_Knee,0x21,2,1018,2.182,-0.195,-0.002,-0.938,-1.1,-4.0,-2.1,-0.336,-0.044,+0.941,29.0
2025-06-01T15:00:16.983,16.983,1019,WG,R_Knee,0x21,2,1019,2.182,-0.198,-0.001,-0.945,-1.0,-3.7,-1.9,-0.336,-0.044,+0.941,29.0
2025-06-01T15:00:17.000,17.000,1020,WG,R_Knee,0x21,2,1020,2.177,-0.205,-0.001,-0.958,-1.6,-4.2,-2.0,-0.334,-0.045,+0.941,29.0
2025-06-01T15:00:17.016,17.017,1021,WG,R_Knee,0x21,2,1021,2.177,-0.209,+0.000,-0.967,-1.3,-2.4,-1.1,-0.333,-0.045,+0.942,29.0
2025-06-01T15:00:17.033,17.033,1022,WG,R_Knee,0x21,2,1022,2.177,-0.210,+0.001,-0.969,-1.4,-1.3,-0.7,-0.333,-0.045,+0.942,29.0
2025-06-01T15:00:17.050,17.050,1023,WG,R_Knee,0x21,2,1023,2.173,-0.208,+0.002,-0.968,-1.8,-1.1,-0.8,-0.332,-0.046,+0.942,29.0
2025-06-01T15:00:17.066,17.067,1024,WG,R_Knee,0x21,2,1024,2.173,-0.202,+0.003,-0.968,-1.3,-0.8,-0.6,-0.332,-0.047,+0.942,29.0
2025-06-01T15:00:17.083,17.083,1025,WG,R_Knee,0x21,2,1025,2.173,-0.198,+0.004,-0.969,-1.2,-2.1,-0.6,-0.332,-0.047,+0.942,29.0
2025-06-01T15:00:17.100,17.100,1026,WG,R_Knee,0x21,2,1026,2.172,-0.193,+0.005,-0.972,-1.3,-5.0,-1.0,-0.331,-0.047,+0.942,29.0
2025-06-01T15:00:17.116,17.117,1027,WG,R_Knee,0x21,2,1027,2.172,-0.193,+0.007,-0.972,-0.9,-7.3,-1.4,-0.329,-0.048,+0.943,29.0
2025-06-01T15:00:17.133,17.133,1028,WG,R_Knee,0x21,2,1028,2.172,-0.196,+0.009,-0.966,-0.4,-6.1,-1.3,-0.327,-0.048,+0.944,29.0
2025-06-01T15:00:17.150,17.150,1029,WG,R_Knee,0x21,2,1029,2.168,-0.198,+0.010,-0.961,+0.2,-5.2,-1.7,-0.326,-0.048,+0.944,29.0
2025-06-01T15:00:17.166,17.167,1030,WG,R_Knee,0x21,2,1030,2.168,-0.200,+0.010,-0.946,+1.2,-4.9,-2.7,-0.324,-0.048,+0.945,29.0
2025-06-01T15:00:17.183,17.183,1031,WG,R_Knee,0x21,2,1031,2.168,-0.197,+0.009,-0.928,+2.8,-1.8,-3.4,-0.323,-0.048,+0.945,29.0
2025-06-01T15:00:17.200,17.200,1032,WG,R_Knee,0x21,2,1032,2.162,-0.189,+0.007,-0.909,+3.2,+0.5,-3.1,-0.323,-0.047,+0.945,29.0
2025-06-01T15:00:17.216,17.217,1033,WG,R_Knee,0x21,2,1033,2.162,-0.183,+0.005,-0.901,+5.0,+2.6,-3.9,-0.323,-0.047,+0.945,29.0
2025-06-01T15:00:17.233,17.233,1034,WG,R_Knee,0x21,2,1034,2.162,-0.172,+0.001,-0.884,+8.8,+5.4,-6.3,-0.324,-0.045,+0.945,29.0
2025-06-01T15:00:17.250,17.250,1035,WG,R_Knee,0x21,2,1035,2.157,-0.161,-0.005,-0.867,+8.3,+5.4,-5.6,-0.326,-0.043,+0.944,29.0
2025-06-01T15:00:17.266,17.267,1036,WG,R_Knee,0x21,2,1036,2.157,-0.157,-0.008,-0.858,+10.9,+7.8,-6.8,-0.327,-0.042,+0.944,29.0
2025-06-01T15:00:17.283,17.283,1037,WG,R_Knee,0x21,2,1037,2.157,-0.150,-0.015,-0.839,+17.2,+13.9,-10.3,-0.330,-0.039,+0.943,29.0
2025-06-01T15:00:17.300,17.300,1038,WG,R_Knee,0x21,2,1038,2.152,-0.144,-0.024,-0.825,+20.5,+19.6,-11.8,-0.335,-0.035,+0.942,29.0
2025-06-01T15:00:17.316,17.317,1039,WG,R_Knee,0x21,2,1039,2.152,-0.131,-0.033,-0.820,+17.4,+17.8,-9.8,-0.341,-0.030,+0.940,29.0
2025-06-01T15:00:17.333,17.333,1040,WG,R_Knee,0x21,2,1040,2.152,-0.121,-0.037,-0.819,+21.0,+19.4,-11.7,-0.344,-0.027,+0.939,29.0
2025-06-01T15:00:17.350,17.350,1041,WG,R_Knee,0x21,2,1041,2.146,-0.092,-0.044,-0.806,+33.7,+23.4,-19.3,-0.351,-0.021,+0.936,29.0
2025-06-01T15:00:17.366,17.367,1042,WG,R_Knee,0x21,2,1042,2.146,-0.058,-0.055,-0.769,+43.4,+17.3,-26.0,-0.357,-0.013,+0.934,29.0
2025-06-01T15:00:17.383,17.383,1043,WG,R_Knee,0x21,2,1043,2.146,-0.026,-0.076,-0.707,+39.1,+9.3,-23.9,-0.360,-0.002,+0.933,29.0
2025-06-01T15:00:17.400,17.400,1044,WG,R_Knee,0x21,2,1044,2.141,-0.012,-0.091,-0.671,+49.1,+6.5,-29.0,-0.362,+0.004,+0.932,29.0
2025-06-01T15:00:17.416,17.417,1045,WG,R_Knee,0x21,2,1045,2.141,+0.014,-0.129,-0.597,+76.6,+9.1,-42.6,-0.364,+0.018,+0.931,29.0
2025-06-01T15:00:17.433,17.433,1046,WG,R_Knee,0x21,2,1046,2.141,+0.038,-0.170,-0.537,+92.0,+10.8,-46.8,-0.367,+0.036,+0.929,29.0
2025-06-01T15:00:17.450,17.450,1047,WG,R_Knee,0x21,2,1047,2.136,+0.062,-0.211,-0.500,+77.7,+9.3,-37.5,-0.371,+0.058,+0.927,29.0
2025-06-01T15:00:17.466,17.467,1048,WG,R_Knee,0x21,2,1048,2.136,+0.074,-0.230,-0.492,+88.3,+9.6,-41.4,-0.373,+0.070,+0.925,29.0
2025-06-01T15:00:17.483,17.483,1049,WG,R_Knee,0x21,2,1049,2.136,+0.091,-0.268,-0.495,+126.5,+14.4,-60.2,-0.378,+0.096,+0.921,29.0
2025-06-01T15:00:17.500,17.500,1050,WG,R_Knee,0x21,2,1050,2.125,+0.097,-0.313,-0.531,+100.4,+12.6,-49.1,-0.384,+0.124,+0.915,29.0
2025-06-01T15:00:17.516,17.517,1051,WG,R_Knee,0x21,2,1051,2.125,+0.093,-0.341,-0.562,+104.3,+13.4,-52.8,-0.388,+0.139,+0.911,29.0
2025-06-01T15:00:17.533,17.533,1052,WG,R_Knee,0x21,2,1052,2.125,+0.071,-0.412,-0.655,+139.1,+20.4,-71.9,-0.396,+0.168,+0.903,29.0
2025-06-01T15:00:17.550,17.550,1053,WG,R_Knee,0x21,2,1053,2.120,+0.029,-0.494,-0.779,+102.4,+17.3,-53.7,-0.406,+0.195,+0.893,29.0
2025-06-01T15:00:17.566,17.567,1054,WG,R_Knee,0x21,2,1054,2.120,+0.003,-0.533,-0.847,+95.1,+20.1,-50.2,-0.411,+0.208,+0.888,29.0
2025-06-01T15:00:17.583,17.583,1055,WG,R_Knee,0x21,2,1055,2.120,-0.052,-0.590,-0.976,+116.9,+32.4,-62.6,-0.422,+0.232,+0.876,29.0
2025-06-01T15:00:17.600,17.600,1056,WG,R_Knee,0x21,2,1056,2.115,-0.105,-0.620,-1.087,+101.9,+36.5,-56.8,-0.436,+0.253,+0.864,29.0
2025-06-01T15:00:17.616,17.617,1057,WG,R_Knee,0x21,2,1057,2.115,-0.156,-0.633,-1.175,+67.5,+27.2,-39.7,-0.449,+0.269,+0.852,29.0
2025-06-01T15:00:17.633,17.633,1058,WG,R_Knee,0x21,2,1058,2.115,-0.182,-0.638,-1.215,+54.0,+20.8,-34.9,-0.455,+0.276,+0.847,29.0
2025-06-01T15:00:17.650,17.650,1059,WG,R_Knee,0x21,2,1059,2.105,-0.235,-0.653,-1.304,+56.1,+19.8,-39.5,-0.465,+0.286,+0.838,29.0
2025-06-01T15:00:17.666,17.667,1060,WG,R_Knee,0x21,2,1060,2.105,-0.291,-0.670,-1.430,+28.4,+8.3,-22.5,-0.471,+0.293,+0.832,29.0
2025-06-01T15:00:17.683,17.683,1061,WG,R_Knee,0x21,2,1061,2.105,-0.322,-0.674,-1.511,+6.4,-2.3,-8.9,-0.473,+0.294,+0.831,29.0
2025-06-01T15:00:17.700,17.700,1062,WG,R_Knee,0x21,2,1062,2.101,-0.391,-0.645,-1.693,-15.2,-16.5,+1.9,-0.472,+0.293,+0.832,29.0
2025-06-01T15:00:17.716,17.717,1063,WG,R_Knee,0x21,2,1063,2.101,-0.460,-0.536,-1.857,-46.7,-34.7,+16.5,-0.465,+0.287,+0.838,29.0
2025-06-01T15:00:17.733,17.733,1064,WG,R_Knee,0x21,2,1064,2.101,-0.508,-0.346,-1.953,-53.0,-34.4,+17.8,-0.452,+0.275,+0.849,29.0
2025-06-01T15:00:17.750,17.750,1065,WG,R_Knee,0x21,2,1065,2.097,-0.516,-0.236,-1.971,-79.7,-40.7,+24.6,-0.445,+0.266,+0.855,29.0
2025-06-01T15:00:17.766,17.767,1066,WG,R_Knee,0x21,2,1066,2.097,-0.497,-0.029,-1.951,-135.0,-57.7,+40.4,-0.428,+0.241,+0.871,29.0
2025-06-01T15:00:17.783,17.783,1067,WG,R_Knee,0x21,2,1067,2.097,-0.440,+0.126,-1.871,-170.5,-64.2,+51.4,-0.410,+0.207,+0.888,29.0
2025-06-01T15:00:17.800,17.800,1068,WG,R_Knee,0x21,2,1068,2.093,-0.354,+0.225,-1.733,-143.5,-52.1,+42.9,-0.389,+0.165,+0.906,29.0
2025-06-01T15:00:17.816,17.817,1069,WG,R_Knee,0x21,2,1069,2.093,-0.304,+0.259,-1.641,-154.9,-57.4,+47.5,-0.378,+0.142,+0.915,29.0
2025-06-01T15:00:17.833,17.833,1070,WG,R_Knee,0x21,2,1070,2.093,-0.195,+0.297,-1.417,-207.2,-72.0,+61.7,-0.355,+0.092,+0.930,29.0
2025-06-01T15:00:17.850,17.850,1071,WG,R_Knee,0x21,2,1071,2.086,-0.083,+0.294,-1.163,-199.5,-58.0,+58.8,-0.336,+0.042,+0.941,29.0
2025-06-01T15:00:17.866,17.867,1072,WG,R_Knee,0x21,2,1072,2.086,+0.018,+0.231,-0.920,-140.6,-31.1,+41.2,-0.322,-0.005,+0.947,29.0
2025-06-01T15:00:17.883,17.883,1073,WG,R_Knee,0x21,2,1073,2.086,+0.062,+0.174,-0.815,-122.4,-13.4,+37.4,-0.318,-0.027,+0.948,29.0
2025-06-01T15:00:17.900,17.900,1074,WG,R_Knee,0x21,2,1074,2.084,+0.137,+0.010,-0.656,-140.4,+0.4,+45.8,-0.316,-0.066,+0.947,29.0
2025-06-01T15:00:17.916,17.917,1075,WG,R_Knee,0x21,2,1075,2.084,+0.195,-0.206,-0.585,-108.7,+20.8,+42.6,-0.320,-0.096,+0.943,29.0
2025-06-01T15:00:17.933,17.933,1076,WG,R_Knee,0x21,2,1076,2.084,+0.229,-0.442,-0.606,-63.7,+24.9,+31.0,-0.329,-0.117,+0.937,29.0
2025-06-01T15:00:17.950,17.950,1077,WG,R_Knee,0x21,2,1077,2.082,+0.234,-0.554,-0.644,-40.3,+32.4,+29.0,-0.335,-0.125,+0.934,29.0
2025-06-01T15:00:17.966,17.967,1078,WG,R_Knee,0x21,2,1078,2.082,+0.219,-0.740,-0.745,-30.5,+48.1,+35.8,-0.349,-0.134,+0.928,29.0
2025-06-01T15:00:17.983,17.983,1079,WG,R_Knee,0x21,2,1079,2.082,+0.191,-0.848,-0.839,-5.8,+39.3,+24.2,-0.364,-0.134,+0.922,29.0
2025-06-01T15:00:18.000,18.000,1080,WG,R_Knee,0x21,2,1080,2.080,+0.180,-0.872,-0.872,+12.8,+46.3,+20.7,-0.372,-0.132,+0.919,29.0
2025-06-01T15:00:18.016,18.017,1081,WG,R_Knee,0x21,2,1081,2.080,+0.174,-0.892,-0.913,+26.1,+71.4,+24.7,-0.390,-0.123,+0.913,29.0
2025-06-01T15:00:18.033,18.033,1082,WG,R_Knee,0x21,2,1082,2.080,+0.188,-0.928,-0.939,+32.5,+79.7,+22.8,-0.412,-0.112,+0.904,29.0
2025-06-01T15:00:18.050,18.050,1083,WG,R_Knee,0x21,2,1083,2.079,+0.221,-0.994,-0.962,+28.3,+58.0,+17.2,-0.434,-0.100,+0.896,29.0
2025-06-01T15:00:18.066,18.067,1084,WG,R_Knee,0x21,2,1084,2.079,+0.243,-1.023,-0.968,+41.9,+40.9,+16.7,-0.443,-0.093,+0.892,29.0
2025-06-01T15:00:18.083,18.083,1085,WG,R_Knee,0x21,2,1085,2.079,+0.288,-1.034,-0.950,+75.0,+32.6,+12.6,-0.456,-0.074,+0.887,29.0
2025-06-01T15:00:18.100,18.100,1086,WG,R_Knee,0x21,2,1086,2.079,+0.309,-0.997,-0.882,+98.8,+14.5,-4.5,-0.460,-0.051,+0.886,29.0
2025-06-01T15:00:18.116,18.117,1087,WG,R_Knee,0x21,2,1087,2.079,+0.283,-0.962,-0.789,+85.2,+9.6,-9.8,-0.463,-0.025,+0.886,29.0
2025-06-01T15:00:18.133,18.133,1088,WG,R_Knee,0x21,2,1088,2.079,+0.253,-0.937,-0.743,+62.8,+10.0,-3.5,-0.465,-0.010,+0.885,29.0
2025-06-01T15:00:18.150,18.150,1089,WG,R_Knee,0x21,2,1089,2.080,+0.217,-0.887,-0.699,+103.0,+22.5,+6.0,-0.468,+0.007,+0.884,29.0
2025-06-01T15:00:18.166,18.167,1090,WG,R_Knee,0x21,2,1090,2.080,+0.143,-0.666,-0.623,+108.5,+27.2,+8.5,-0.477,+0.045,+0.878,29.0
2025-06-01T15:00:18.183,18.183,1091,WG,R_Knee,0x21,2,1091,2.080,+0.113,-0.500,-0.596,+117.4,+38.1,-6.4,-0.482,+0.065,+0.874,29.0
2025-06-01T15:00:18.200,18.200,1092,WG,R_Knee,0x21,2,1092,2.081,+0.066,-0.158,-0.588,+160.1,+61.3,-38.6,-0.496,+0.102,+0.862,29.0
2025-06-01T15:00:18.216,18.217,1093,WG,R_Knee,0x21,2,1093,2.081,+0.019,+0.064,-0.659,+159.0,+70.6,-61.2,-0.515,+0.134,+0.846,29.0
2025-06-01T15:00:18.233,18.233,1094,WG,R_Knee,0x21,2,1094,2.081,-0.043,+0.165,-0.793,+115.4,+55.1,-45.2,-0.536,+0.162,+0.829,29.0
2025-06-01T15:00:18.250,18.250,1095,WG,R_Knee,0x21,2,1095,2.084,-0.077,+0.204,-0.873,+104.4,+54.2,-34.6,-0.546,+0.176,+0.819,29.0
2025-06-01T15:00:18.266,18.267,1096,WG,R_Knee,0x21,2,1096,2.084,-0.136,+0.291,-1.045,+122.9,+74.4,-48.6,-0.565,+0.201,+0.800,29.0
2025-06-01T15:00:18.283,18.283,1097,WG,R_Knee,0x21,2,1097,2.084,-0.183,+0.342,-1.241,+93.6,+76.2,-54.4,-0.586,+0.217,+0.781,29.0
2025-06-01T15:00:18.300,18.300,1098,WG,R_Knee,0x21,2,1098,2.087,-0.220,+0.285,-1.461,+50.4,+55.7,-40.2,-0.607,+0.225,+0.762,29.0
2025-06-01T15:00:18.316,18.317,1099,WG,R_Knee,0x21,2,1099,2.087,-0.233,+0.216,-1.574,+21.9,+43.2,-27.3,-0.616,+0.226,+0.755,29.0
2025-06-01T15:00:18.333,18.333,1100,WG,R_Knee,0x21,2,1100,2.087,-0.239,+0.043,-1.782,+4.7,+33.7,-22.3,-0.629,+0.225,+0.744,29.0
2025-06-01T15:00:18.350,18.350,1101,WG,R_Knee,0x21,2,1101,2.091,-0.223,-0.122,-1.922,-25.2,-3.0,-8.7,-0.633,+0.220,+0.742,29.0
2025-06-01T15:00:18.366,18.367,1102,WG,R_Knee,0x21,2,1102,2.091,-0.202,-0.271,-1.960,-35.2,-20.7,-1.3,-0.629,+0.210,+0.748,29.0
2025-06-01T15:00:18.383,18.383,1103,WG,R_Knee,0x21,2,1103,2.091,-0.194,-0.345,-1.942,-57.5,-33.2,+11.9,-0.625,+0.204,+0.754,29.0
2025-06-01T15:00:18.400,18.400,1104,WG,R_Knee,0x21,2,1104,2.095,-0.179,-0.478,-1.847,-95.6,-47.5,+39.8,-0.613,+0.189,+0.767,29.0
2025-06-01T15:00:18.416,18.417,1105,WG,R_Knee,0x21,2,1105,2.095,-0.152,-0.506,-1.697,-82.9,-35.7,+47.6,-0.599,+0.175,+0.781,29.0
2025-06-01T15:00:18.433,18.433,1106,WG,R_Knee,0x21,2,1106,2.095,-0.128,-0.463,-1.608,-91.6,-34.7,+53.3,-0.592,+0.168,+0.788,29.0
2025-06-01T15:00:18.450,18.450,1107,WG,R_Knee,0x21,2,1107,2.100,-0.061,-0.319,-1.424,-125.4,-40.1,+51.9,-0.578,+0.151,+0.802,29.0
2025-06-01T15:00:18.466,18.467,1108,WG,R_Knee,0x21,2,1108,2.100,+0.016,-0.240,-1.269,-126.8,-32.9,+29.7,-0.568,+0.127,+0.813,29.0
2025-06-01T15:00:18.483,18.483,1109,WG,R_Knee,0x21,2,1109,2.100,+0.075,-0.286,-1.159,-94.0,-22.3,+20.8,-0.561,+0.101,+0.822,29.0
2025-06-01T15:00:18.500,18.500,1110,WG,R_Knee,0x21,2,1110,2.111,+0.095,-0.323,-1.113,-89.4,-23.2,+34.2,-0.556,+0.090,+0.826,29.0
2025-06-01T15:00:18.516,18.517,1111,WG,R_Knee,0x21,2,1111,2.111,+0.126,-0.361,-1.023,-111.6,-28.5,+46.6,-0.548,+0.069,+0.834,29.0
2025-06-01T15:00:18.533,18.533,1112,WG,R_Knee,0x21,2,1112,2.111,+0.153,-0.365,-0.944,-77.2,-18.0,+29.1,-0.541,+0.050,+0.840,29.0
2025-06-01T15:00:18.550,18.550,1113,WG,R_Knee,0x21,2,1113,2.117,+0.165,-0.376,-0.914,-67.1,-12.5,+20.5,-0.538,+0.041,+0.842,29.0
2025-06-01T15:00:18.566,18.567,1114,WG,R_Knee,0x21,2,1114,2.117,+0.177,-0.416,-0.869,-78.8,-12.7,+30.7,-0.534,+0.024,+0.845,29.0
2025-06-01T15:00:18.583,18.583,1115,WG,R_Knee,0x21,2,1115,2.117,+0.169,-0.425,-0.828,-65.1,-8.3,+37.6,-0.531,+0.012,+0.847,29.0
2025-06-01T15:00:18.600,18.600,1116,WG,R_Knee,0x21,2,1116,2.130,+0.150,-0.373,-0.776,-41.5,-3.3,+28.7,-0.530,+0.003,+0.848,29.0
2025-06-01T15:00:18.616,18.617,1117,WG,R_Knee,0x21,2,1117,2.130,+0.139,-0.334,-0.748,-32.3,+0.8,+23.1,-0.530,-0.000,+0.848,29.0
2025-06-01T15:00:18.633,18.633,1118,WG,R_Knee,0x21,2,1118,2.130,+0.123,-0.257,-0.694,-34.5,+4.4,+27.2,-0.530,-0.005,+0.848,29.0
2025-06-01T15:00:18.650,18.650,1119,WG,R_Knee,0x21,2,1119,2.137,+0.115,-0.179,-0.644,-23.8,+8.0,+24.2,-0.532,-0.009,+0.847,29.0
2025-06-01T15:00:18.666,18.667,1120,WG,R_Knee,0x21,2,1120,2.137,+0.116,-0.092,-0.601,-12.4,+8.1,+15.5,-0.534,-0.010,+0.845,29.0
2025-06-01T15:00:18.683,18.683,1121,WG,R_Knee,0x21,2,1121,2.137,+0.119,-0.049,-0.585,-6.1,+11.4,+8.8,-0.536,-0.010,+0.844,29.0
2025-06-01T15:00:18.700,18.700,1122,WG,R_Knee,0x21,2,1122,2.144,+0.128,+0.020,-0.576,-2.8,+17.6,+5.2,-0.540,-0.010,+0.842,29.0
2025-06-01T15:00:18.716,18.717,1123,WG,R_Knee,0x21,2,1123,2.144,+0.135,+0.057,-0.609,+1.4,+14.1,-0.2,-0.545,-0.010,+0.839,29.0
2025-06-01T15:00:18.733,18.733,1124,WG,R_Knee,0x21,2,1124,2.144,+0.134,+0.065,-0.641,+4.5,+12.2,-4.1,-0.547,-0.009,+0.837,29.0
2025-06-01T15:00:18.750,18.750,1125,WG,R_Knee,0x21,2,1125,2.152,+0.120,+0.070,-0.731,+6.9,+12.4,-9.1,-0.550,-0.009,+0.835,29.0
2025-06-01T15:00:18.766,18.767,1126,WG,R_Knee,0x21,2,1126,2.152,+0.089,+0.056,-0.837,+5.7,+6.8,-12.7,-0.553,-0.009,+0.833,29.0
2025-06-01T15:00:18.783,18.783,1127,WG,R_Knee,0x21,2,1127,2.152,+0.050,+0.017,-0.941,+2.5,+2.4,-10.1,-0.554,-0.010,+0.833,29.0
2025-06-01T15:00:18.800,18.800,1128,WG,R_Knee,0x21,2,1128,2.159,+0.031,-0.011,-0.988,-0.6,+0.8,-6.9,-0.554,-0.011,+0.833,29.0
2025-06-01T15:00:18.816,18.817,1129,WG,R_Knee,0x21,2,1129,2.159,+0.000,-0.065,-1.064,-4.2,+2.1,-3.2,-0.554,-0.013,+0.832,29.0
2025-06-01T15:00:18.833,18.833,1130,WG,R_Knee,0x21,2,1130,2.159,-0.020,-0.089,-1.111,-5.2,+3.0,+1.8,-0.555,-0.014,+0.832,29.0
2025-06-01T15:00:18.850,18.850,1131,WG,R_Knee,0x21,2,1131,2.174,-0.026,-0.087,-1.121,-3.0,+1.9,+1.9,-0.555,-0.015,+0.831,29.0
2025-06-01T15:00:18.866,18.867,1132,WG,R_Knee,0x21,2,1132,2.174,-0.028,-0.085,-1.124,-7.5,+5.1,+4.8,-0.556,-0.015,+0.831,29.0
2025-06-01T15:00:18.883,18.883,1133,WG,R_Knee,0x21,2,1133,2.174,-0.034,-0.062,-1.126,-16.0,+11.1,+9.6,-0.558,-0.017,+0.830,29.0
2025-06-01T15:00:18.900,18.900,1134,WG,R_Knee,0x21,2,1134,2.179,-0.031,-0.038,-1.108,-14.8,+10.3,+8.6,-0.561,-0.019,+0.827,29.0
2025-06-01T15:00:18.916,18.917,1135,WG,R_Knee,0x21,2,1135,2.179,-0.025,-0.029,-1.093,-16.5,+11.2,+10.0,-0.563,-0.021,+0.826,29.0
2025-06-01T15:00:18.933,18.933,1136,WG,R_Knee,0x21,2,1136,2.179,-0.005,-0.013,-1.053,-21.7,+13.9,+14.0,-0.567,-0.024,+0.824,29.0
2025-06-01T15:00:18.950,18.950,1137,WG,R_Knee,0x21,2,1137,2.182,+0.024,+0.003,-1.002,-19.8,+10.6,+12.8,-0.570,-0.027,+0.821,29.0
2025-06-01T15:00:18.966,18.967,1138,WG,R_Knee,0x21,2,1138,2.182,+0.061,+0.013,-0.947,-12.9,+5.4,+8.0,-0.572,-0.029,+0.820,29.0
2025-06-01T15:00:18.983,18.983,1139,WG,R_Knee,0x21,2,1139,2.182,+0.082,+0.013,-0.922,-9.5,+1.9,+5.2,-0.573,-0.030,+0.819,29.0
2025-06-01T15:00:19.000,19.000,1140,WG,R_Knee,0x21,2,1140,2.188,+0.119,+0.007,-0.886,-8.7,-1.2,+4.2,-0.573,-0.032,+0.819,29.0
2025-06-01T15:00:19.016,19.017,1141,WG,R_Knee,0x21,2,1141,2.188,+0.143,-0.000,-0.871,-3.7,-3.9,+1.2,-0.572,-0.033,+0.820,29.0
2025-06-01T15:00:19.033,19.033,1142,WG,R_Knee,0x21,2,1142,2.188,+0.146,-0.002,-0.870,-0.5,-7.5,-1.2,-0.571,-0.033,+0.820,29.0
2025-06-01T15:00:19.050,19.050,1143,WG,R_Knee,0x21,2,1143,2.194,+0.140,-0.001,-0.877,+1.7,-12.4,-3.3,-0.568,-0.034,+0.822,29.0
2025-06-01T15:00:19.066,19.067,1144,WG,R_Knee,0x21,2,1144,2.194,+0.120,+0.001,-0.892,+4.0,-13.7,-4.7,-0.565,-0.034,+0.824,29.0
2025-06-01T15:00:19.083,19.083,1145,WG,R_Knee,0x21,2,1145,2.194,+0.097,+0.003,-0.915,+3.8,-9.9,-3.7,-0.562,-0.033,+0.827,29.0
2025-06-01T15:00:19.100,19.100,1146,WG,R_Knee,0x21,2,1146,2.206,+0.085,+0.002,-0.928,+4.2,-8.0,-3.4,-0.560,-0.033,+0.828,29.0
2025-06-01T15:00:19.116,19.117,1147,WG,R_Knee,0x21,2,1147,2.206,+0.067,+0.001,-0.955,+5.2,-7.8,-3.6,-0.558,-0.032,+0.829,29.0
2025-06-01T15:00:19.133,19.133,1148,WG,R_Knee,0x21,2,1148,2.206,+0.057,-0.000,-0.981,+4.2,-3.7,-2.1,-0.556,-0.032,+0.830,29.0
2025-06-01T15:00:19.150,19.150,1149,WG,R_Knee,0x21,2,1149,2.208,+0.051,-0.002,-1.003,+2.4,-0.5,-0.7,-0.556,-0.031,+0.831,29.0
2025-06-01T15:00:19.166,19.167,1150,WG,R_Knee,0x21,2,1150,2.208,+0.049,-0.002,-1.013,+1.2,+2.0,+0.6,-0.556,-0.031,+0.830,29.0
2025-06-01T15:00:19.183,19.183,1151,WG,R_Knee,0x21,2,1151,2.208,+0.046,-0.004,-1.027,+0.5,+4.4,+1.8,-0.557,-0.030,+0.830,29.0
2025-06-01T15:00:19.200,19.200,1152,WG,R_Knee,0x21,2,1152,2.218,+0.045,-0.005,-1.034,-0.7,+5.6,+2.9,-0.558,-0.030,+0.829,29.0
2025-06-01T15:00:19.216,19.217,1153,WG,R_Knee,0x21,2,1153,2.218,+0.045,-0.005,-1.033,-1.0,+4.3,+2.7,-0.560,-0.030,+0.828,29.0
2025-06-01T15:00:19.233,19.233,1154,WG,R_Knee,0x21,2,1154,2.218,+0.046,-0.005,-1.031,-1.3,+3.2,+3.0,-0.560,-0.030,+0.828,29.0
2025-06-01T15:00:19.250,19.250,1155,WG,R_Knee,0x21,2,1155,2.223,+0.051,-0.005,-1.022,-1.7,+2.5,+3.8,-0.561,-0.029,+0.827,29.0
2025-06-01T15:00:19.266,19.267,1156,WG,R_Knee,0x21,2,1156,2.223,+0.058,-0.004,-1.009,-1.1,+0.5,+2.6,-0.562,-0.029,+0.827,29.0
2025-06-01T15:00:19.283,19.283,1157,WG,R_Knee,0x21,2,1157,2.223,+0.061,-0.004,-1.002,-0.7,-1.0,+1.9,-0.562,-0.029,+0.827,29.0
2025-06-01T15:00:19.300,19.300,1158,WG,R_Knee,0x21,2,1158,2.228,+0.067,-0.004,-0.990,-0.4,-2.3,+1.6,-0.561,-0.029,+0.827,29.0
2025-06-01T15:00:19.316,19.317,1159,WG,R_Knee,0x21,2,1159,2.228,+0.070,-0.004,-0.982,+0.0,-2.2,+0.6,-0.561,-0.029,+0.828,29.0
2025-06-01T15:00:19.333,19.333,1160,WG,R_Knee,0x21,2,1160,2.228,+0.070,-0.005,-0.980,+0.5,-2.5,+0.0,-0.560,-0.029,+0.828,29.0
2025-06-01T15:00:19.350,19.350,1161,WG,R_Knee,0x21,2,1161,2.233,+0.068,-0.005,-0.979,+0.9,-3.4,-0.3,-0.559,-0.029,+0.828,29.0
2025-06-01T15:00:19.366,19.367,1162,WG,R_Knee,0x21,2,1162,2.233,+0.063,-0.005,-0.982,+1.1,-3.4,-0.5,-0.559,-0.028,+0.829,29.0
2025-06-01T15:00:19.383,19.383,1163,WG,R_Knee,0x21,2,1163,2.233,+0.056,-0.005,-0.985,+0.9,-2.3,-0.4,-0.558,-0.028,+0.830,29.0
2025-06-01T15:00:19.400,19.400,1164,WG,R_Knee,0x21,2,1164,2.240,+0.053,-0.005,-0.986,+0.8,-1.6,-0.4,-0.557,-0.028,+0.830,29.0
2025-06-01T15:00:19.416,19.417,1165,WG,R_Knee,0x21,2,1165,2.240,+0.048,-0.005,-0.988,+1.0,-1.3,-0.3,-0.557,-0.028,+0.830,29.0
2025-06-01T15:00:19.433,19.433,1166,WG,R_Knee,0x21,2,1166,2.240,+0.046,-0.006,-0.991,+0.7,-0.4,-0.1,-0.557,-0.028,+0.830,29.0
2025-06-01T15:00:19.450,19.450,1167,WG,R_Knee,0x21,2,1167,2.241,+0.046,-0.006,-0.993,+0.5,-0.2,+0.2,-0.557,-0.028,+0.830,29.0
2025-06-01T15:00:19.466,19.467,1168,WG,R_Knee,0x21,2,1168,2.241,+0.048,-0.006,-0.997,+0.4,-0.8,+0.2,-0.557,-0.027,+0.830,29.0
2025-06-01T15:00:19.483,19.483,1169,WG,R_Knee,0x21,2,1169,2.241,+0.050,-0.005,-1.002,+0.2,-1.2,+0.1,-0.556,-0.027,+0.830,29.0
2025-06-01T15:00:19.500,19.500,1170,WG,R_Knee,0x21,2,1170,2.248,+0.051,-0.005,-1.003,+0.1,-2.1,-0.2,-0.556,-0.027,+0.831,29.0
2025-06-01T15:00:19.516,19.517,1171,WG,R_Knee,0x21,2,1171,2.248,+0.054,-0.004,-1.003,+0.0,-3.6,-0.7,-0.555,-0.027,+0.831,29.0
2025-06-01T15:00:19.533,19.533,1172,WG,R_Knee,0x21,2,1172,2.248,+0.056,-0.004,-1.000,+0.0,-4.2,-1.2,-0.554,-0.027,+0.832,29.0
2025-06-01T15:00:19.550,19.550,1173,WG,R_Knee,0x21,2,1173,2.251,+0.058,-0.004,-0.995,+0.1,-3.2,-1.2,-0.553,-0.028,+0.833,29.0
2025-06-01T15:00:19.566,19.567,1174,WG,R_Knee,0x21,2,1174,2.251,+0.059,-0.005,-0.992,+0.3,-3.0,-1.7,-0.553,-0.028,+0.833,29.0
2025-06-01T15:00:19.583,19.583,1175,WG,R_Knee,0x21,2,1175,2.251,+0.061,-0.005,-0.986,+0.5,-3.3,-2.7,-0.552,-0.028,+0.833,29.0
2025-06-01T15:00:19.600,19.600,1176,WG,R_Knee,0x21,2,1176,2.254,+0.063,-0.005,-0.981,+0.8,-2.0,-3.2,-0.551,-0.028,+0.834,29.0
2025-06-01T15:00:19.616,19.617,1177,WG,R_Knee,0x21,2,1177,2.254,+0.065,-0.005,-0.979,+0.7,-0.6,-2.6,-0.551,-0.029,+0.834,29.0
2025-06-01T15:00:19.633,19.633,1178,WG,R_Knee,0x21,2,1178,2.254,+0.065,-0.006,-0.979,+0.8,+0.6,-2.8,-0.551,-0.029,+0.834,29.0
2025-06-01T15:00:19.650,19.650,1179,WG,R_Knee,0x21,2,1179,2.256,+0.064,-0.006,-0.980,+1.0,+2.0,-3.8,-0.551,-0.029,+0.834,29.0
2025-06-01T15:00:19.666,19.667,1180,WG,R_Knee,0x21,2,1180,2.256,+0.060,-0.007,-0.983,+0.7,+2.5,-2.8,-0.552,-0.030,+0.834,29.0
2025-06-01T15:00:19.683,19.683,1181,WG,R_Knee,0x21,2,1181,2.256,+0.058,-0.007,-0.984,+0.6,+3.6,-2.8,-0.552,-0.030,+0.833,29.0
2025-06-01T15:00:19.700,19.700,1182,WG,R_Knee,0x21,2,1182,2.258,+0.056,-0.008,-0.986,+0.7,+5.5,-3.7,-0.553,-0.030,+0.832,29.0
2025-06-01T15:00:19.716,19.717,1183,WG,R_Knee,0x21,2,1183,2.258,+0.055,-0.008,-0.990,+0.6,+5.9,-3.8,-0.555,-0.031,+0.831,29.0
2025-06-01T15:00:19.733,19.733,1184,WG,R_Knee,0x21,2,1184,2.258,+0.057,-0.008,-0.993,+0.3,+4.4,-2.9,-0.556,-0.031,+0.830,29.0
2025-06-01T15:00:19.750,19.750,1185,WG,R_Knee,0x21,2,1185,2.262,+0.058,-0.008,-0.994,+0.2,+4.4,-3.2,-0.557,-0.031,+0.830,29.0
2025-06-01T15:00:19.766,19.767,1186,WG,R_Knee,0x21,2,1186,2.262,+0.060,-0.008,-0.993,+0.3,+6.0,-4.5,-0.558,-0.032,+0.829,29.0
2025-06-01T15:00:19.783,19.783,1187,WG,R_Knee,0x21,2,1187,2.262,+0.062,-0.008,-0.990,+0.3,+6.7,-4.8,-0.560,-0.033,+0.828,29.0
2025-06-01T15:00:19.800,19.800,1188,WG,R_Knee,0x21,2,1188,2.263,+0.065,-0.009,-0.985,+0.3,+5.6,-3.8,-0.561,-0.034,+0.827,29.0
2025-06-01T15:00:19.816,19.817,1189,WG,R_Knee,0x21,2,1189,2.263,+0.067,-0.009,-0.983,+0.4,+6.6,-4.1,-0.562,-0.034,+0.826,29.0
2025-06-01T15:00:19.833,19.833,1190,WG,R_Knee,0x21,2,1190,2.263,+0.072,-0.009,-0.980,+0.6,+9.8,-5.8,-0.565,-0.035,+0.825,29.0
2025-06-01T15:00:19.850,19.850,1191,WG,R_Knee,0x21,2,1191,2.264,+0.079,-0.008,-0.982,+0.6,+10.8,-6.4,-0.567,-0.036,+0.823,29.0
2025-06-01T15:00:19.866,19.867,1192,WG,R_Knee,0x21,2,1192,2.264,+0.087,-0.007,-0.988,+0.3,+8.3,-5.3,-0.570,-0.037,+0.821,29.0
2025-06-01T15:00:19.883,19.883,1193,WG,R_Knee,0x21,2,1193,2.264,+0.092,-0.007,-0.992,-0.0,+8.0,-6.1,-0.571,-0.037,+0.820,29.0
2025-06-01T15:00:19.900,19.900,1194,WG,R_Knee,0x21,2,1194,2.266,+0.099,-0.005,-1.004,-0.5,+9.5,-9.0,-0.573,-0.039,+0.819,29.0
2025-06-01T15:00:19.916,19.917,1195,WG,R_Knee,0x21,2,1195,2.266,+0.102,-0.004,-1.015,-0.8,+6.0,-7.4,-0.575,-0.040,+0.817,29.0
2025-06-01T15:00:19.933,19.933,1196,WG,R_Knee,0x21,2,1196,2.266,+0.103,-0.004,-1.019,-1.4,+4.2,-8.2,-0.576,-0.041,+0.816,29.0
2025-06-01T15:00:19.950,19.950,1197,WG,R_Knee,0x21,2,1197,2.269,+0.102,-0.003,-1.021,-2.3,+4.0,-11.6,-0.577,-0.044,+0.816,29.0
2025-06-01T15:00:19.966,19.967,1198,WG,R_Knee,0x21,2,1198,2.269,+0.104,-0.003,-1.012,-2.3,+2.5,-12.6,-0.577,-0.046,+0.815,29.0
2025-06-01T15:00:19.983,19.983,1199,WG,R_Knee,0x21,2,1199,2.269,+0.113,-0.003,-0.988,-2.0,+1.9,-13.1,-0.578,-0.049,+0.815,29.0
